[01May2025 18:51:42.501] [main/INFO] [cpw.mods.modlauncher.Launcher/MODLAUNCHER]: ModLauncher running: args [--launchTarget, forgeserver, --fml.forgeVersion, 47.3.7, --fml.mcVersion, 1.20.1, --fml.forgeGroup, net.minecraftforge, --fml.mcpVersion, 20230612.114412, nogui]
[01May2025 18:51:42.509] [main/INFO] [cpw.mods.modlauncher.Launcher/MODLAUNCHER]: ModLauncher 10.0.9+10.0.9+main.dcd20f30 starting: java version 17.0.14 by Ubuntu; OS Linux arch amd64 version 6.8.0-1026-azure
[01May2025 18:51:43.917] [main/INFO] [net.minecraftforge.fml.loading.ImmediateWindowHandler/]: ImmediateWindowProvider not loading because launch target is forgeserver
[01May2025 18:51:43.964] [main/INFO] [mixin/]: SpongePowered MIXIN Subsystem Version=0.8.5 Source=union:/workspaces/Gamers/servidor_minecraft/libraries/org/spongepowered/mixin/0.8.5/mixin-0.8.5.jar%2365!/ Service=ModLauncher Env=SERVER
[01May2025 18:51:44.450] [main/WARN] [net.minecraftforge.fml.loading.moddiscovery.ModFileParser/LOADING]: Mod file /workspaces/Gamers/servidor_minecraft/libraries/net/minecraftforge/fmlcore/1.20.1-47.3.7/fmlcore-1.20.1-47.3.7.jar is missing mods.toml file
[01May2025 18:51:44.451] [main/WARN] [net.minecraftforge.fml.loading.moddiscovery.ModFileParser/LOADING]: Mod file /workspaces/Gamers/servidor_minecraft/libraries/net/minecraftforge/javafmllanguage/1.20.1-47.3.7/javafmllanguage-1.20.1-47.3.7.jar is missing mods.toml file
[01May2025 18:51:44.452] [main/WARN] [net.minecraftforge.fml.loading.moddiscovery.ModFileParser/LOADING]: Mod file /workspaces/Gamers/servidor_minecraft/libraries/net/minecraftforge/lowcodelanguage/1.20.1-47.3.7/lowcodelanguage-1.20.1-47.3.7.jar is missing mods.toml file
[01May2025 18:51:44.453] [main/WARN] [net.minecraftforge.fml.loading.moddiscovery.ModFileParser/LOADING]: Mod file /workspaces/Gamers/servidor_minecraft/libraries/net/minecraftforge/mclanguage/1.20.1-47.3.7/mclanguage-1.20.1-47.3.7.jar is missing mods.toml file
[01May2025 18:51:44.819] [main/WARN] [net.minecraftforge.jarjar.selection.JarSelector/]: Attempted to select two dependency jars from JarJar which have the same identification: Mod File:  and Mod File: . Using Mod File: 
[01May2025 18:51:44.821] [main/INFO] [net.minecraftforge.fml.loading.moddiscovery.JarInJarDependencyLocator/]: Found 18 dependencies adding them to mods collection
[01May2025 18:51:48.967] [main/INFO] [mixin/]: Compatibility level set to JAVA_17
[01May2025 18:51:49.075] [main/ERROR] [mixin/]: Mixin config yuushya.mixins.json does not specify "minVersion" property
[01May2025 18:51:49.205] [main/INFO] [cpw.mods.modlauncher.LaunchServiceHandler/MODLAUNCHER]: Launching target 'forgeserver' with arguments [nogui]
[01May2025 18:51:49.398] [main/WARN] [mixin/]: Reference map 'justhammers-common-refmap.json' for justhammers-common.mixins.json could not be read. If this is a development environment you can ignore this message
[01May2025 18:51:49.449] [main/WARN] [mixin/]: Reference map 'miniutilities.refmap.json' for miniutilities.mixins.json could not be read. If this is a development environment you can ignore this message
[01May2025 18:51:49.454] [main/WARN] [mixin/]: Reference map 'trashslot.refmap.json' for trashslot.mixins.json could not be read. If this is a development environment you can ignore this message
[01May2025 18:51:49.462] [main/WARN] [mixin/]: Reference map 'lemonlib.refmap.json' for lemonlib.mixins.json could not be read. If this is a development environment you can ignore this message
[01May2025 18:51:49.488] [main/WARN] [mixin/]: Reference map 'puzzlesaccessapi.common.refmap.json' for puzzlesaccessapi.common.mixins.json could not be read. If this is a development environment you can ignore this message
[01May2025 18:51:49.564] [main/INFO] [Puzzles Lib/]: Loading 99 mods:
	- additionalstructures 4.2.2
	- alexscaves 2.0.2
	- alexsmobs 1.22.9
	- architectury 9.2.14
	- artifacts 9.5.16
		\-- expandability 9.0.4
	- athena 3.1.2
	- backpacked 3.0.0-beta.9
	- balm 7.3.27
		\-- kuma_api 20.1.10
	- bettervillage 3.3.0
	- biomesoplenty 19.0.0.96
	- blueprint 7.1.3
	- carryon 2.1.2.7
		\-- mixinextras 0.2.0-beta.6
	- chipped 3.0.7
	- chiselsandbits 1.4.148
		\-- scena 1.0.103
	- chunky 1.3.146
	- citadel 2.6.1
	- cloth_config 11.1.136
	- create 6.0.4
		|-- flywheel 1.0.2
		\-- ponder 1.0.52
	- creativecore 2.12.32
	- curios 5.14.1+1.20.1
	- diagonalfences 8.1.5
		\-- diagonalblocks 8.0.6
	- disenchanting_table 4.0.2
	- doggytalents 1.18.48
	- dragonfinder 1.20.1-1.0.0
	- dungeoncrawl 2.3.15
	- easier_sleeping 2.1.3
	- easy_mob_farm 9.7.0
	- easy_piglins 1.20.1-1.0.13
	- easy_villagers 1.20.1-1.1.27
	- easyanvils 8.0.2
	- fairyfactions 1.20.1-1.7.1
	- fallingtree 4.3.4
	- faunify 1.1.2
	- forge 47.3.7
	- formations 1.0.3
	- framedblocks 9.4.1
	- framework 0.7.12
	- fusion 1.20.1-6.0.0.3
	- geckolib 4.7.1.2
	- glitchcore 0.0.1.1
	- goblintraders 1.9.3
	- iceandfire 2.1.13-1.20.1
	- ironchest 1.20.1-14.4.4
	- ironfurnaces 4.1.6
	- jade 11.13.1+forge
	- jei 15.20.0.106
	- journeymap 5.10.3
	- justhammers 2.0.3+mc1.20.1
	- lemonlib 4.0.1
	- libraryferret 4.0.0
	- lootr 0.7.35.91
	- luphieclutteredmod 2.1
	- mcwdoors 1.1.2
	- mcwfences 1.2.0
	- mcwfurnitures 3.3.0
	- mcwlights 1.1.0
	- mcwstairs 1.0.1
	- mcwtrpdoors 1.1.4
	- mcwwindows 2.3.0
	- mekanism 10.4.15
	- mekanism_extras 1.20.1-1.4.0
	- mekanismgenerators 10.4.15
	- mekanismtools 10.4.15
	- minecraft 1.20.1
	- miniutilities 4.0.0
	- moa_decor_cookery 1.20.1
	- monolib 2.0.0
	- moreplayermodels 1.20.1.20240409
	- mysticsbiomes 3.4.2
	- naturalist 5.0pre2
		\-- midnightlib 1.4.2
	- naturescompass 1.20.1-1.11.2-forge
	- packedup 1.1.0
	- playerrevive 2.0.31
	- puzzleslib 8.1.32
		\-- puzzlesaccessapi 20.1.1
	- rechiseled 1.1.6
	- refurbished_furniture 1.0.12
	- resourcefullib 2.1.29
	- seafoamsdyeableblocks 1.4.2
	- securitycraft 1.9.12
	- simplecorelib 1.20.1-6.0.1.2
	- sophisticatedbackpacks 3.23.14.1233
	- sophisticatedcore 1.2.51.966
	- supermartijn642configlib 1.1.8
	- supermartijn642corelib 1.1.18
	- teleportcraft 1.1.2-1.20.1
	- terrablender 3.0.1.10
	- tombstone 8.9.4
	- trashslot 15.1.2
	- waystones 14.1.11
	- yuushya 2.2.3
[01May2025 18:51:49.577] [main/WARN] [mixin/]: Reference map 'chiselsandbits.refmap.json' for chisels-and-bits.mixins.json could not be read. If this is a development environment you can ignore this message
[01May2025 18:51:51.452] [main/INFO] [MixinExtras|Service/]: Initializing MixinExtras via com.llamalad7.mixinextras.service.MixinExtrasServiceImpl(version=0.4.1).
[01May2025 18:51:56.983] [main/WARN] [mixin/]: @Inject(@At("INVOKE_ASSIGN")) Shift.BY=2 on refurbished_furniture.common.mixins.json:LevelChunkMixin::handler$zem000$refurbishedFurniture$AfterRemoveBlockEntity exceeds the maximum allowed value: 0. Increase the value of maxShiftBy to suppress this warning.
[01May2025 18:51:57.855] [main/WARN] [mixin/]: Mixin alexscaves.mixins.json:SwampHutPieceMixin has multiple constructors, (Lnet/minecraft/world/level/levelgen/structure/pieces/StructurePieceType;IIIIIILnet/minecraft/core/Direction;)V was selected

[01May2025 18:51:58.468] [modloading-worker-0/INFO] [scena-forge/]: Initialized scena-forge
[01May2025 18:51:58.552] [modloading-worker-0/INFO] [Puzzles Lib/]: Constructing common components for easyanvils:main
[01May2025 18:51:59.469] [modloading-worker-0/INFO] [Puzzles Lib/]: Constructing common components for diagonalblocks:main
[01May2025 18:51:59.557] [modloading-worker-0/INFO] [mod.alexndr.simplecorelib.SimpleCoreLib/]: Hello from SimpleCoreLib!
[01May2025 18:51:59.635] [modloading-worker-0/WARN] [net.minecraftforge.common.ForgeConfigSpec/CORE]: Configuration file /workspaces/Gamers/servidor_minecraft/config/ironfurnaces-client.toml is not correct. Correcting
[01May2025 18:51:59.638] [modloading-worker-0/WARN] [net.minecraftforge.common.ForgeConfigSpec/CORE]: Incorrect key furnaces was corrected from null to its default, SimpleCommentedConfig:{}. 
[01May2025 18:51:59.641] [modloading-worker-0/WARN] [net.minecraftforge.common.ForgeConfigSpec/CORE]: Incorrect key furnaces.energy was corrected from null to its default, SimpleCommentedConfig:{}. 
[01May2025 18:51:59.641] [modloading-worker-0/WARN] [net.minecraftforge.common.ForgeConfigSpec/CORE]: Incorrect key furnaces.energy.tier_0 was corrected from null to its default, 80000. 
[01May2025 18:51:59.641] [modloading-worker-0/WARN] [net.minecraftforge.common.ForgeConfigSpec/CORE]: Incorrect key furnaces.energy.tier_1 was corrected from null to its default, 200000. 
[01May2025 18:51:59.642] [modloading-worker-0/WARN] [net.minecraftforge.common.ForgeConfigSpec/CORE]: Incorrect key furnaces.energy.tier_2 was corrected from null to its default, 1000000. 
[01May2025 18:51:59.642] [modloading-worker-0/WARN] [net.minecraftforge.common.ForgeConfigSpec/CORE]: Incorrect key furnaces.iron_furnace was corrected from null to its default, SimpleCommentedConfig:{}. 
[01May2025 18:51:59.642] [modloading-worker-0/WARN] [net.minecraftforge.common.ForgeConfigSpec/CORE]: Incorrect key furnaces.iron_furnace.tier was corrected from null to its default, 0. 
[01May2025 18:51:59.642] [modloading-worker-0/WARN] [net.minecraftforge.common.ForgeConfigSpec/CORE]: Incorrect key furnaces.iron_furnace.speed was corrected from null to its default, 160. 
[01May2025 18:51:59.645] [modloading-worker-0/WARN] [net.minecraftforge.common.ForgeConfigSpec/CORE]: Incorrect key furnaces.iron_furnace.generation was corrected from null to its default, 40. 
[01May2025 18:51:59.645] [modloading-worker-0/WARN] [net.minecraftforge.common.ForgeConfigSpec/CORE]: Incorrect key furnaces.copper_furnace was corrected from null to its default, SimpleCommentedConfig:{}. 
[01May2025 18:51:59.645] [modloading-worker-0/WARN] [net.minecraftforge.common.ForgeConfigSpec/CORE]: Incorrect key furnaces.copper_furnace.tier was corrected from null to its default, 0. 
[01May2025 18:51:59.646] [modloading-worker-0/WARN] [net.minecraftforge.common.ForgeConfigSpec/CORE]: Incorrect key furnaces.copper_furnace.speed was corrected from null to its default, 180. 
[01May2025 18:51:59.647] [modloading-worker-0/WARN] [net.minecraftforge.common.ForgeConfigSpec/CORE]: Incorrect key furnaces.copper_furnace.generation was corrected from null to its default, 40. 
[01May2025 18:51:59.647] [modloading-worker-0/WARN] [net.minecraftforge.common.ForgeConfigSpec/CORE]: Incorrect key furnaces.gold_furnace was corrected from null to its default, SimpleCommentedConfig:{}. 
[01May2025 18:51:59.647] [modloading-worker-0/WARN] [net.minecraftforge.common.ForgeConfigSpec/CORE]: Incorrect key furnaces.gold_furnace.tier was corrected from null to its default, 1. 
[01May2025 18:51:59.647] [modloading-worker-0/WARN] [net.minecraftforge.common.ForgeConfigSpec/CORE]: Incorrect key furnaces.gold_furnace.speed was corrected from null to its default, 120. 
[01May2025 18:51:59.648] [modloading-worker-0/WARN] [net.minecraftforge.common.ForgeConfigSpec/CORE]: Incorrect key furnaces.gold_furnace.generation was corrected from null to its default, 160. 
[01May2025 18:51:59.649] [modloading-worker-0/WARN] [net.minecraftforge.common.ForgeConfigSpec/CORE]: Incorrect key furnaces.diamond_furnace was corrected from null to its default, SimpleCommentedConfig:{}. 
[01May2025 18:51:59.650] [modloading-worker-0/WARN] [net.minecraftforge.common.ForgeConfigSpec/CORE]: Incorrect key furnaces.diamond_furnace.tier was corrected from null to its default, 2. 
[01May2025 18:51:59.651] [modloading-worker-0/WARN] [net.minecraftforge.common.ForgeConfigSpec/CORE]: Incorrect key furnaces.diamond_furnace.speed was corrected from null to its default, 80. 
[01May2025 18:51:59.653] [modloading-worker-0/WARN] [net.minecraftforge.common.ForgeConfigSpec/CORE]: Incorrect key furnaces.diamond_furnace.generation was corrected from null to its default, 240. 
[01May2025 18:51:59.653] [modloading-worker-0/WARN] [net.minecraftforge.common.ForgeConfigSpec/CORE]: Incorrect key furnaces.emerald_furnace was corrected from null to its default, SimpleCommentedConfig:{}. 
[01May2025 18:51:59.653] [modloading-worker-0/WARN] [net.minecraftforge.common.ForgeConfigSpec/CORE]: Incorrect key furnaces.emerald_furnace.tier was corrected from null to its default, 2. 
[01May2025 18:51:59.654] [modloading-worker-0/WARN] [net.minecraftforge.common.ForgeConfigSpec/CORE]: Incorrect key furnaces.emerald_furnace.speed was corrected from null to its default, 40. 
[01May2025 18:51:59.655] [modloading-worker-0/WARN] [net.minecraftforge.common.ForgeConfigSpec/CORE]: Incorrect key furnaces.emerald_furnace.generation was corrected from null to its default, 320. 
[01May2025 18:51:59.656] [modloading-worker-0/WARN] [net.minecraftforge.common.ForgeConfigSpec/CORE]: Incorrect key furnaces.silver_furnace was corrected from null to its default, SimpleCommentedConfig:{}. 
[01May2025 18:51:59.656] [modloading-worker-0/WARN] [net.minecraftforge.common.ForgeConfigSpec/CORE]: Incorrect key furnaces.silver_furnace.tier was corrected from null to its default, 1. 
[01May2025 18:51:59.656] [modloading-worker-0/WARN] [net.minecraftforge.common.ForgeConfigSpec/CORE]: Incorrect key furnaces.silver_furnace.speed was corrected from null to its default, 140. 
[01May2025 18:51:59.657] [modloading-worker-0/WARN] [net.minecraftforge.common.ForgeConfigSpec/CORE]: Incorrect key furnaces.silver_furnace.generation was corrected from null to its default, 100. 
[01May2025 18:51:59.657] [modloading-worker-0/WARN] [net.minecraftforge.common.ForgeConfigSpec/CORE]: Incorrect key furnaces.crystal_furnace was corrected from null to its default, SimpleCommentedConfig:{}. 
[01May2025 18:51:59.657] [modloading-worker-0/WARN] [net.minecraftforge.common.ForgeConfigSpec/CORE]: Incorrect key furnaces.crystal_furnace.tier was corrected from null to its default, 2. 
[01May2025 18:51:59.658] [modloading-worker-0/WARN] [net.minecraftforge.common.ForgeConfigSpec/CORE]: Incorrect key furnaces.crystal_furnace.speed was corrected from null to its default, 40. 
[01May2025 18:51:59.661] [modloading-worker-0/WARN] [net.minecraftforge.common.ForgeConfigSpec/CORE]: Incorrect key furnaces.crystal_furnace.generation was corrected from null to its default, 360. 
[01May2025 18:51:59.661] [modloading-worker-0/WARN] [net.minecraftforge.common.ForgeConfigSpec/CORE]: Incorrect key furnaces.obsidian_furnace was corrected from null to its default, SimpleCommentedConfig:{}. 
[01May2025 18:51:59.661] [modloading-worker-0/WARN] [net.minecraftforge.common.ForgeConfigSpec/CORE]: Incorrect key furnaces.obsidian_furnace.tier was corrected from null to its default, 2. 
[01May2025 18:51:59.661] [modloading-worker-0/WARN] [net.minecraftforge.common.ForgeConfigSpec/CORE]: Incorrect key furnaces.obsidian_furnace.speed was corrected from null to its default, 20. 
[01May2025 18:51:59.662] [modloading-worker-0/WARN] [net.minecraftforge.common.ForgeConfigSpec/CORE]: Incorrect key furnaces.obsidian_furnace.generation was corrected from null to its default, 500. 
[01May2025 18:51:59.662] [modloading-worker-0/WARN] [net.minecraftforge.common.ForgeConfigSpec/CORE]: Incorrect key furnaces.netherite_furnace was corrected from null to its default, SimpleCommentedConfig:{}. 
[01May2025 18:51:59.662] [modloading-worker-0/WARN] [net.minecraftforge.common.ForgeConfigSpec/CORE]: Incorrect key furnaces.netherite_furnace.tier was corrected from null to its default, 2. 
[01May2025 18:51:59.662] [modloading-worker-0/WARN] [net.minecraftforge.common.ForgeConfigSpec/CORE]: Incorrect key furnaces.netherite_furnace.speed was corrected from null to its default, 5. 
[01May2025 18:51:59.663] [modloading-worker-0/WARN] [net.minecraftforge.common.ForgeConfigSpec/CORE]: Incorrect key furnaces.netherite_furnace.generation was corrected from null to its default, 1000. 
[01May2025 18:51:59.663] [modloading-worker-0/WARN] [net.minecraftforge.common.ForgeConfigSpec/CORE]: Incorrect key furnaces.million_furnace was corrected from null to its default, SimpleCommentedConfig:{}. 
[01May2025 18:51:59.664] [modloading-worker-0/WARN] [net.minecraftforge.common.ForgeConfigSpec/CORE]: Incorrect key furnaces.million_furnace.tier was corrected from null to its default, 2. 
[01May2025 18:51:59.664] [modloading-worker-0/WARN] [net.minecraftforge.common.ForgeConfigSpec/CORE]: Incorrect key furnaces.recipe_cache was corrected from null to its default, 10. 
[01May2025 18:51:59.664] [modloading-worker-0/WARN] [net.minecraftforge.common.ForgeConfigSpec/CORE]: Incorrect key furnaces.rainbow_furnace was corrected from null to its default, SimpleCommentedConfig:{}. 
[01May2025 18:51:59.664] [modloading-worker-0/WARN] [net.minecraftforge.common.ForgeConfigSpec/CORE]: Incorrect key furnaces.rainbow_furnace.speed was corrected from null to its default, 20. 
[01May2025 18:51:59.664] [modloading-worker-0/WARN] [net.minecraftforge.common.ForgeConfigSpec/CORE]: Incorrect key furnaces.rainbow_furnace.rainbow_generation was corrected from null to its default, 50000. 
[01May2025 18:51:59.665] [modloading-worker-0/WARN] [net.minecraftforge.common.ForgeConfigSpec/CORE]: Incorrect key furnaces.rainbow_furnace.generation was corrected from null to its default, 2000. 
[01May2025 18:51:59.665] [modloading-worker-0/WARN] [net.minecraftforge.common.ForgeConfigSpec/CORE]: Incorrect key furnaces.recipeMaxXPLevel was corrected from null to its default, SimpleCommentedConfig:{}. 
[01May2025 18:51:59.666] [modloading-worker-0/WARN] [net.minecraftforge.common.ForgeConfigSpec/CORE]: Incorrect key furnaces.recipeMaxXPLevel.level was corrected from null to its default, 100. 
[01May2025 18:51:59.674] [modloading-worker-0/WARN] [net.minecraftforge.common.ForgeConfigSpec/CORE]: Incorrect key modded_furnaces was corrected from null to its default, SimpleCommentedConfig:{}. 
[01May2025 18:51:59.677] [modloading-worker-0/WARN] [net.minecraftforge.common.ForgeConfigSpec/CORE]: Incorrect key modded_furnaces.allthemodium_furnace was corrected from null to its default, SimpleCommentedConfig:{}. 
[01May2025 18:51:59.677] [modloading-worker-0/WARN] [net.minecraftforge.common.ForgeConfigSpec/CORE]: Incorrect key modded_furnaces.allthemodium_furnace.speed was corrected from null to its default, 5. 
[01May2025 18:51:59.678] [modloading-worker-0/WARN] [net.minecraftforge.common.ForgeConfigSpec/CORE]: Incorrect key modded_furnaces.allthemodium_furnace.mult was corrected from null to its default, 16. 
[01May2025 18:51:59.678] [modloading-worker-0/WARN] [net.minecraftforge.common.ForgeConfigSpec/CORE]: Incorrect key modded_furnaces.allthemodium_furnace.generation was corrected from null to its default, 2000. 
[01May2025 18:51:59.678] [modloading-worker-0/WARN] [net.minecraftforge.common.ForgeConfigSpec/CORE]: Incorrect key modded_furnaces.allthemodium_furnace.tier was corrected from null to its default, 2. 
[01May2025 18:51:59.678] [modloading-worker-0/WARN] [net.minecraftforge.common.ForgeConfigSpec/CORE]: Incorrect key modded_furnaces.vibranium_furnace was corrected from null to its default, SimpleCommentedConfig:{}. 
[01May2025 18:51:59.679] [modloading-worker-0/WARN] [net.minecraftforge.common.ForgeConfigSpec/CORE]: Incorrect key modded_furnaces.vibranium_furnace.speed was corrected from null to its default, 3. 
[01May2025 18:51:59.679] [modloading-worker-0/WARN] [net.minecraftforge.common.ForgeConfigSpec/CORE]: Incorrect key modded_furnaces.vibranium_furnace.mult was corrected from null to its default, 32. 
[01May2025 18:51:59.680] [modloading-worker-0/WARN] [net.minecraftforge.common.ForgeConfigSpec/CORE]: Incorrect key modded_furnaces.vibranium_furnace.generation was corrected from null to its default, 3000. 
[01May2025 18:51:59.681] [modloading-worker-0/WARN] [net.minecraftforge.common.ForgeConfigSpec/CORE]: Incorrect key modded_furnaces.vibranium_furnace.tier was corrected from null to its default, 2. 
[01May2025 18:51:59.681] [modloading-worker-0/WARN] [net.minecraftforge.common.ForgeConfigSpec/CORE]: Incorrect key modded_furnaces.unobtainium_furnace was corrected from null to its default, SimpleCommentedConfig:{}. 
[01May2025 18:51:59.682] [modloading-worker-0/WARN] [net.minecraftforge.common.ForgeConfigSpec/CORE]: Incorrect key modded_furnaces.unobtainium_furnace.speed was corrected from null to its default, 1. 
[01May2025 18:51:59.685] [modloading-worker-0/WARN] [net.minecraftforge.common.ForgeConfigSpec/CORE]: Incorrect key modded_furnaces.unobtainium_furnace.mult was corrected from null to its default, 64. 
[01May2025 18:51:59.685] [modloading-worker-0/WARN] [net.minecraftforge.common.ForgeConfigSpec/CORE]: Incorrect key modded_furnaces.unobtainium_furnace.generation was corrected from null to its default, 5000. 
[01May2025 18:51:59.685] [modloading-worker-0/WARN] [net.minecraftforge.common.ForgeConfigSpec/CORE]: Incorrect key modded_furnaces.unobtainium_furnace.tier was corrected from null to its default, 2. 
[01May2025 18:51:59.689] [modloading-worker-0/WARN] [net.minecraftforge.common.ForgeConfigSpec/CORE]: Incorrect key jei was corrected from null to its default, SimpleCommentedConfig:{}. 
[01May2025 18:51:59.690] [modloading-worker-0/WARN] [net.minecraftforge.common.ForgeConfigSpec/CORE]: Incorrect key jei.jei was corrected from null to its default, SimpleCommentedConfig:{}. 
[01May2025 18:51:59.690] [modloading-worker-0/WARN] [net.minecraftforge.common.ForgeConfigSpec/CORE]: Incorrect key jei.jei.enable_jei was corrected from null to its default, true. 
[01May2025 18:51:59.693] [modloading-worker-0/WARN] [net.minecraftforge.common.ForgeConfigSpec/CORE]: Incorrect key jei.jei.enable_jei_catalysts was corrected from null to its default, true. 
[01May2025 18:51:59.693] [modloading-worker-0/WARN] [net.minecraftforge.common.ForgeConfigSpec/CORE]: Incorrect key jei.jei.enable_jei_click_area was corrected from null to its default, true. 
[01May2025 18:51:59.695] [modloading-worker-0/WARN] [net.minecraftforge.common.ForgeConfigSpec/CORE]: Incorrect key misc was corrected from null to its default, SimpleCommentedConfig:{}. 
[01May2025 18:51:59.697] [modloading-worker-0/WARN] [net.minecraftforge.common.ForgeConfigSpec/CORE]: Incorrect key misc.misc was corrected from null to its default, SimpleCommentedConfig:{}. 
[01May2025 18:51:59.697] [modloading-worker-0/WARN] [net.minecraftforge.common.ForgeConfigSpec/CORE]: Incorrect key misc.misc.rainbow was corrected from null to its default, true. 
[01May2025 18:51:59.698] [modloading-worker-0/WARN] [net.minecraftforge.common.ForgeConfigSpec/CORE]: Incorrect key misc.misc.errors was corrected from null to its default, false. 
[01May2025 18:51:59.700] [modloading-worker-0/WARN] [net.minecraftforge.common.ForgeConfigSpec/CORE]: Incorrect key misc.misc.web was corrected from null to its default, false. 
[01May2025 18:51:59.700] [modloading-worker-0/WARN] [net.minecraftforge.common.ForgeConfigSpec/CORE]: Incorrect key misc.misc.lightupdates was corrected from null to its default, false. 
[01May2025 18:51:59.713] [modloading-worker-0/WARN] [net.minecraftforge.common.ForgeConfigSpec/CORE]: Incorrect key updates was corrected from null to its default, SimpleCommentedConfig:{}. 
[01May2025 18:51:59.713] [modloading-worker-0/WARN] [net.minecraftforge.common.ForgeConfigSpec/CORE]: Incorrect key updates.check_updates was corrected from null to its default, SimpleCommentedConfig:{}. 
[01May2025 18:51:59.714] [modloading-worker-0/WARN] [net.minecraftforge.common.ForgeConfigSpec/CORE]: Incorrect key updates.check_updates.updates was corrected from null to its default, true. 
[01May2025 18:51:59.726] [modloading-worker-0/INFO] [ironfurnaces.IronFurnaces/]: Initializing Update Checker...
[01May2025 18:51:59.730] [ Iron Furnaces Update Checker/INFO] [ironfurnaces.IronFurnaces/]: Starting Update Check...
[01May2025 18:51:59.915] [modloading-worker-0/INFO] [com.jtorleonstudios.libraryferret.LibraryFerret/]: Welcome! /workspaces/Gamers/servidor_minecraft/config/libraryferret_1.properties created and initialized with default value
[01May2025 18:51:59.915] [modloading-worker-0/INFO] [com.jtorleonstudios.libraryferret.LibraryFerret/]: Welcome! /workspaces/Gamers/servidor_minecraft/config/bettervillage_1.properties created and initialized with default value
[01May2025 18:52:00.304] [modloading-worker-0/INFO] [dev.architectury.networking.forge.NetworkManagerImpl/]: Registering C2S receiver with id architectury:sync_ids
[01May2025 18:52:00.475] [ Iron Furnaces Update Checker/INFO] [ironfurnaces.IronFurnaces/]: Update Check done!
[01May2025 18:52:00.477] [ Iron Furnaces Update Checker/INFO] [ironfurnaces.IronFurnaces/]: Iron Furnaces is up to date!
[01May2025 18:52:01.090] [modloading-worker-0/INFO] [SimpleConfig/]: Config 'fairyfactionsconfig' is missing, generating default one...
[01May2025 18:52:01.309] [modloading-worker-0/INFO] [Easy Mob Farm/]: Initializing Easy Mob Farm (Forge) ...
[01May2025 18:52:01.309] [modloading-worker-0/INFO] [Easy Mob Farm/]: Register Easy Mob Farm Debug Manager ...
[01May2025 18:52:01.311] [modloading-worker-0/WARN] [Easy Mob Farm/]: [Debug Manager] Detected debug log level for Easy Mob Farm with ALL!
[01May2025 18:52:01.311] [modloading-worker-0/WARN] [Easy Mob Farm/]: [Debug Manager] Adjusting log level for Easy Mob Farm from ALL to INFO, for performance reasons!
[01May2025 18:52:01.315] [modloading-worker-0/INFO] [Easy Mob Farm/]: [Debug Manager] Add new logger config for Easy Mob Farm with level INFO ...
[01May2025 18:52:01.315] [modloading-worker-0/INFO] [Easy Mob Farm/]: Register Easy Mob Farm Constants ...
[01May2025 18:52:01.316] [modloading-worker-0/INFO] [Easy Mob Farm/]: Register Easy Mob Farm Configuration ...
[01May2025 18:52:01.320] [modloading-worker-0/INFO] [Easy Mob Farm/]: [Config] Updated configuration path to /workspaces/Gamers/servidor_minecraft/config/easy_mob_farm
[01May2025 18:52:01.321] [modloading-worker-0/INFO] [Easy Mob Farm/]: [Config] Creating configuration folder /workspaces/Gamers/servidor_minecraft/config/easy_mob_farm
[01May2025 18:52:01.321] [modloading-worker-0/INFO] [Easy Mob Farm/]: [Config] Registering common configuration ...
[01May2025 18:52:01.322] [modloading-worker-0/INFO] [Easy Mob Farm/]: [Config] Try creating configuration file /workspaces/Gamers/servidor_minecraft/config/easy_mob_farm/mob_farm.cfg
[01May2025 18:52:01.322] [modloading-worker-0/INFO] [Easy Mob Farm/]: [Config] Created configuration file /workspaces/Gamers/servidor_minecraft/config/easy_mob_farm/mob_farm.cfg ...
[01May2025 18:52:01.322] [modloading-worker-0/INFO] [Easy Mob Farm/]: [Config] Updating configuration file /workspaces/Gamers/servidor_minecraft/config/easy_mob_farm/mob_farm.cfg  Mob Farm Configuration

 This configuration file allows you to define the general settings for the Mob Farms.

: {progressingRequiresOwnerToBeOnline=false, luckyDropFarmLuckPercentage=95, tier0progressionUpgradeSpeed=0, tier3progressionUpgradeSpeed=9, tier2progressionUpgradeSpeed=6, tier1progressionUpgradeSpeed=3, experienceDropChance=5, speedEnhancementUpgradeSpeed=6}
[01May2025 18:52:01.326] [modloading-worker-0/INFO] [Easy Mob Farm/]: [Config] Try creating configuration file /workspaces/Gamers/servidor_minecraft/config/easy_mob_farm/mob_capture_card.cfg
[01May2025 18:52:01.330] [modloading-worker-0/INFO] [Easy Mob Farm/]: [Config] Created configuration file /workspaces/Gamers/servidor_minecraft/config/easy_mob_farm/mob_capture_card.cfg ...
[01May2025 18:52:01.331] [modloading-worker-0/INFO] [Easy Mob Farm/]: [Config] Updating configuration file /workspaces/Gamers/servidor_minecraft/config/easy_mob_farm/mob_capture_card.cfg  Mob Capture Card Configuration

 This configuration file allows you to define the general settings for the Mob Capture Cards.

 Allow and Deny list
 -------------------
 If you want to allow or deny specific mobs, you can use the allow and deny list.
 Keep in mind that if you add a mob to the allow list, all other mobs will be denied by default.
 There are two separate lists for kill and fishing drops.

  Example for allow only specific mobs:
    mobCaptureCardKillDropAllowList=minecraft:zombie,minecraft:skeleton
    mobCaptureCardKillDropDenyList=
    mobCaptureCardFishingDropAllowList=minecraft:cod,minecraft:salmon
    mobCaptureCardFishingDropDenyList=

  Example for deny specific mobs:
    mobCaptureCardKillDropAllowList=
    mobCaptureCardKillDropDenyList=minecraft:ender_dragon,minecraft:wither
    mobCaptureCardFishingDropAllowList=
    mobCaptureCardFishingDropDenyList=minecraft:squid,minecraft:turtle


: {mobCaptureCardFishingDropChance=0.15, mobCaptureCardFishingDropAllowList=, dropMobCaptureCardOnFishing=true, requirePlayerKill=true, mobCaptureCardFishingDropDenyList=, mobCaptureCardKillDropAllowList=, mobCaptureCardKillDropDenyList=, mobCaptureCardKillDropChance=0.1, mobCaptureCardFoilDropChance=0.01, dropMobCaptureCardOnKill=true}
[01May2025 18:52:01.333] [modloading-worker-0/INFO] [Easy Mob Farm/]: [Config] Try creating configuration file /workspaces/Gamers/servidor_minecraft/config/easy_mob_farm/mob_capture_card_rarity.cfg
[01May2025 18:52:01.333] [modloading-worker-0/INFO] [Easy Mob Farm/]: [Config] Created configuration file /workspaces/Gamers/servidor_minecraft/config/easy_mob_farm/mob_capture_card_rarity.cfg ...
[01May2025 18:52:01.334] [modloading-worker-0/INFO] [Easy Mob Farm/]: [Config] Updating configuration file /workspaces/Gamers/servidor_minecraft/config/easy_mob_farm/mob_capture_card_rarity.cfg  Mob Capture Card Rarity Configuration

 This configuration file allows you to define the rarity for the Mob Capture Cards.

 The format is as follows:
 - <entity_name> = Rarity

 Example:
 - minecraft:zombie = COMMON

 Supported rarities are:
  - COMMON
  - UNCOMMON
  - RARE
  - EPIC

: {minecraft:pillager=COMMON, minecraft:zombified_villager=UNCOMMON, minecraft:blaze=RARE, minecraft:skeleton=COMMON, minecraft:elder_guardian=EPIC, minecraft:ravager=RARE, minecraft:squid=COMMON, minecraft:ghast=RARE, minecraft:strider=RARE, minecraft:guardian=RARE, minecraft:cow=COMMON, minecraft:vindicator=RARE, minecraft:magma_cube=RARE, minecraft:spider=COMMON, minecraft:piglin_brute=EPIC, minecraft:creeper=COMMON, minecraft:warden=EPIC, minecraft:wither=EPIC, minecraft:horse=COMMON, minecraft:evoker=UNCOMMON, minecraft:slime=UNCOMMON, minecraft:polar_bear=UNCOMMON, minecraft:cat=COMMON, minecraft:bat=COMMON, minecraft:illusioner=EPIC, minecraft:phantom=RARE, minecraft:zombified_piglin=UNCOMMON, minecraft:witch=COMMON, minecraft:wither_skeleton=EPIC, minecraft:fox=UNCOMMON, minecraft:pig=COMMON, minecraft:llama=UNCOMMON, minecraft:husk=UNCOMMON, minecraft:sheep=COMMON, minecraft:ender_dragon=EPIC, minecraft:shulker=RARE, minecraft:cave_spider=UNCOMMON, minecraft:villager=COMMON, minecraft:enderman=UNCOMMON, minecraft:stray=UNCOMMON, minecraft:chicken=COMMON, minecraft:zombie=COMMON, minecraft:drowned=COMMON, minecraft:wolf=COMMON, minecraft:panda=UNCOMMON}
[01May2025 18:52:01.346] [modloading-worker-0/INFO] [Easy Mob Farm/]: [Config] Try creating configuration file /workspaces/Gamers/servidor_minecraft/config/easy_mob_farm/mob_catcher.cfg
[01May2025 18:52:01.347] [modloading-worker-0/INFO] [Easy Mob Farm/]: [Config] Created configuration file /workspaces/Gamers/servidor_minecraft/config/easy_mob_farm/mob_catcher.cfg ...
[01May2025 18:52:01.348] [modloading-worker-0/INFO] [Easy Mob Farm/]: [Config] Updating configuration file /workspaces/Gamers/servidor_minecraft/config/easy_mob_farm/mob_catcher.cfg  Mob Catcher Configuration

 This configuration file allows you to define the general settings for the Mob Catcher.

 Allow and Deny list
 -------------------
 If you want to allow or deny specific mobs, you can use the allow and deny list.
 Keep in mind that if you add a mob to the allow list, all other mobs will be denied by default.
 Additionally mobs on the allow list will be catchable even if their size is bigger than the maximum size.

 Each Mob Catcher has it own allow and deny list, so you can define different settings for each Mob Catcher.

  Example for allow only specific mobs:
    EnduringCaptureNet:AllowList=minecraft:cow,minecraft:sheep,minecraft:chicken

  Example for deny specific mobs:
    VoidBindingChain:DenyList=minecraft:endermite,minecraft:ender_dragon,minecraft:wither


: {EnduringCaptureNet:Enabled=true, VoidBindingChain:MaxEntityHeightToCapture=6.0, EnduringCaptureNet:MaxEntityWidthToCapture=0.9, IronboundContainmentCage:RequiredHealthPercentageToCapture=0.25, EnduringCaptureNet:DenyList=, IronboundContainmentCage:Enabled=true, IronboundContainmentCage:MaxEntityHeightToCapture=2.0, MysticBindingCrystal:AllowList=, IronboundContainmentCage:MaxEntityWidthToCapture=1.5, VoidBindingChain:MaxDurability=16, MysticBindingCrystal:Enabled=true, IronboundContainmentCage:MaxDurability=32, MysticBindingCrystal:MaxEntityWidthToCapture=3.0, MysticBindingCrystal:MaxDurability=32, VoidBindingChain:MaxEntityWidthToCapture=4.0, EnduringCaptureNet:MaxDurability=64, EnduringCaptureNet:AllowList=, VoidBindingChain:AllowList=, IronboundContainmentCage:DenyList=, VoidBindingChain:DenyList=, EnduringCaptureNet:RequiredHealthPercentageToCapture=0.5, MysticBindingCrystal:DenyList=, IronboundContainmentCage:AllowList=, MysticBindingCrystal:MaxEntityHeightToCapture=4.0, MysticBindingCrystal:RequiredHealthPercentageToCapture=0.25, VoidBindingChain:Enabled=true, VoidBindingChain:RequiredHealthPercentageToCapture=0.2, EnduringCaptureNet:MaxEntityHeightToCapture=1.4}
[01May2025 18:52:01.349] [modloading-worker-0/INFO] [Easy Mob Farm/]: [Config] Registering server configuration ...
[01May2025 18:52:01.349] [modloading-worker-0/INFO] [Easy Mob Farm/]: Register Easy Mob Farm Compatibility Handler ...
[01May2025 18:52:01.350] [modloading-worker-0/INFO] [Easy Mob Farm/]: Register Easy Mob Farm Compat Handler ...
[01May2025 18:52:01.353] [modloading-worker-0/INFO] [Easy Mob Farm/]: [Compat Manager] Farmer's Delight mod with id 'farmersdelight' loaded: false
[01May2025 18:52:01.354] [modloading-worker-0/INFO] [Easy Mob Farm/]: Register Easy Mob Farm Experience Manager ...
[01May2025 18:52:01.355] [modloading-worker-0/INFO] [Easy Mob Farm/]: Register Easy Mob Farm Experience Manager ModExperienceManager
[01May2025 18:52:01.355] [modloading-worker-0/INFO] [Easy Mob Farm/]: Register Easy Mob Farm Blocks ...
[01May2025 18:52:01.374] [modloading-worker-0/INFO] [Easy Mob Farm/]: Register Easy Mob Farm Blocks Entities ...
[01May2025 18:52:01.378] [modloading-worker-0/INFO] [Easy Mob Farm/]: Register Easy Mob Farm Block Items ...
[01May2025 18:52:01.389] [modloading-worker-0/INFO] [Easy Mob Farm/]: Register Easy Mob Farm Items ...
[01May2025 18:52:01.405] [modloading-worker-0/INFO] [Easy Mob Farm/]: Register Easy Mob Farm Menu Types ...
[01May2025 18:52:01.501] [modloading-worker-0/ERROR] [onelemonyboi.miniutilities.MiniUtilities/]: I/O Error! Either that or the config folder is nonexistent!
[01May2025 18:52:01.505] [modloading-worker-0/INFO] [com.jtorleonstudios.libraryferret.LibraryFerret/]: Initialize mod Library Ferret
[01May2025 18:52:01.525] [modloading-worker-0/INFO] [com.jtorleonstudios.libraryferret.LibraryFerret/]: Initialized mod Library Ferret
[01May2025 18:52:01.682] [modloading-worker-0/INFO] [Dungeon Crawl/]: Here we go! Launching Dungeon Crawl 2.3.15...
[01May2025 18:52:01.713] [modloading-worker-0/INFO] [dev.architectury.networking.forge.NetworkManagerImpl/]: Registering C2S receiver with id artifacts:networking_channel/42a7ad70b1cc371599a0eff744096b8a
[01May2025 18:52:01.717] [modloading-worker-0/INFO] [dev.architectury.networking.forge.NetworkManagerImpl/]: Registering C2S receiver with id artifacts:networking_channel/74a5e841822a3a87854ae896a33430d6
[01May2025 18:52:01.720] [modloading-worker-0/INFO] [dev.architectury.networking.forge.NetworkManagerImpl/]: Registering C2S receiver with id artifacts:networking_channel/eb3d1e2748533430848cadf0f37c7e9c
[01May2025 18:52:01.722] [modloading-worker-0/INFO] [dev.architectury.networking.forge.NetworkManagerImpl/]: Registering C2S receiver with id artifacts:networking_channel/91c8520f19f93b3e8b6a727568e194ab
[01May2025 18:52:01.725] [modloading-worker-0/INFO] [dev.architectury.networking.forge.NetworkManagerImpl/]: Registering C2S receiver with id artifacts:networking_channel/8c2784d778293fd482ed84b8aa5fedb9
[01May2025 18:52:01.729] [modloading-worker-0/INFO] [dev.architectury.networking.forge.NetworkManagerImpl/]: Registering C2S receiver with id artifacts:networking_channel/ea038224ea783d40b2863f52239e2604
[01May2025 18:52:01.734] [modloading-worker-0/INFO] [dev.architectury.networking.forge.NetworkManagerImpl/]: Registering C2S receiver with id artifacts:networking_channel/97ad64b7ecaf33209991c4f031501a58
[01May2025 18:52:01.928] [modloading-worker-0/INFO] [mod.alexndr.fusion.Fusion/]: Hello from Fusion!
[01May2025 18:52:03.346] [modloading-worker-0/INFO] [net.minecraftforge.common.ForgeMod/FORGEMOD]: Forge mod loading, version 47.3.7, for MC 1.20.1 with MCP 20230612.114412
[01May2025 18:52:03.347] [modloading-worker-0/INFO] [net.minecraftforge.common.MinecraftForge/FORGE]: MinecraftForge v47.3.7 Initialized
[01May2025 18:52:04.939] [modloading-worker-0/INFO] [com.simibubi.create.Create/]: Create 6.0.4 initializing! Commit hash: 254bb816aee1c056c74b2ad4beb88222a499da78
[01May2025 18:52:04.952] [modloading-worker-0/INFO] [yuushya/]: Yuushya has been loaded successfully!
[01May2025 18:52:05.307] [modloading-worker-0/INFO] [Puzzles Lib/]: Constructing common components for diagonalfences:main
[01May2025 18:52:05.359] [modloading-worker-0/WARN] [net.minecraftforge.common.ForgeConfigSpec/CORE]: Configuration file /workspaces/Gamers/servidor_minecraft/config/lootr-common.toml is not correct. Correcting
[01May2025 18:52:05.364] [modloading-worker-0/WARN] [net.minecraftforge.common.ForgeConfigSpec/CORE]: Incorrect key randomise_seed was corrected from null to its default, true. 
[01May2025 18:52:05.368] [modloading-worker-0/WARN] [net.minecraftforge.common.ForgeConfigSpec/CORE]: Incorrect key max_age was corrected from null to its default, 18000. 
[01May2025 18:52:05.369] [modloading-worker-0/WARN] [net.minecraftforge.common.ForgeConfigSpec/CORE]: Incorrect key disable was corrected from null to its default, false. 
[01May2025 18:52:05.369] [modloading-worker-0/WARN] [net.minecraftforge.common.ForgeConfigSpec/CORE]: Incorrect key convert_mineshafts was corrected from null to its default, true. 
[01May2025 18:52:05.371] [modloading-worker-0/WARN] [net.minecraftforge.common.ForgeConfigSpec/CORE]: Incorrect key convert_elytras was corrected from null to its default, true. 
[01May2025 18:52:05.372] [modloading-worker-0/WARN] [net.minecraftforge.common.ForgeConfigSpec/CORE]: Incorrect key convert_wooden_chests was corrected from null to its default, true. 
[01May2025 18:52:05.374] [modloading-worker-0/WARN] [net.minecraftforge.common.ForgeConfigSpec/CORE]: Incorrect key convert_trapped_chests was corrected from null to its default, true. 
[01May2025 18:52:05.375] [modloading-worker-0/WARN] [net.minecraftforge.common.ForgeConfigSpec/CORE]: Incorrect key report_unresolved_tables was corrected from null to its default, false. 
[01May2025 18:52:05.377] [modloading-worker-0/WARN] [net.minecraftforge.common.ForgeConfigSpec/CORE]: Incorrect key additional_chests was corrected from null to its default, []. 
[01May2025 18:52:05.380] [modloading-worker-0/WARN] [net.minecraftforge.common.ForgeConfigSpec/CORE]: Incorrect key additional_trapped_chests was corrected from null to its default, []. 
[01May2025 18:52:05.383] [modloading-worker-0/WARN] [net.minecraftforge.common.ForgeConfigSpec/CORE]: Incorrect key dimension_whitelist was corrected from null to its default, []. 
[01May2025 18:52:05.384] [modloading-worker-0/WARN] [net.minecraftforge.common.ForgeConfigSpec/CORE]: Incorrect key dimension_blacklist was corrected from null to its default, []. 
[01May2025 18:52:05.386] [modloading-worker-0/WARN] [net.minecraftforge.common.ForgeConfigSpec/CORE]: Incorrect key modid_dimension_blacklist was corrected from null to its default, []. 
[01May2025 18:52:05.389] [modloading-worker-0/WARN] [net.minecraftforge.common.ForgeConfigSpec/CORE]: Incorrect key modid_dimension_whitelist was corrected from null to its default, []. 
[01May2025 18:52:05.389] [modloading-worker-0/WARN] [net.minecraftforge.common.ForgeConfigSpec/CORE]: Incorrect key loot_table_blacklist was corrected from null to its default, []. 
[01May2025 18:52:05.390] [modloading-worker-0/WARN] [net.minecraftforge.common.ForgeConfigSpec/CORE]: Incorrect key loot_modid_blacklist was corrected from null to its default, []. 
[01May2025 18:52:05.395] [modloading-worker-0/WARN] [net.minecraftforge.common.ForgeConfigSpec/CORE]: Incorrect key disable_break was corrected from null to its default, false. 
[01May2025 18:52:05.400] [modloading-worker-0/WARN] [net.minecraftforge.common.ForgeConfigSpec/CORE]: Incorrect key enable_break was corrected from null to its default, false. 
[01May2025 18:52:05.401] [modloading-worker-0/WARN] [net.minecraftforge.common.ForgeConfigSpec/CORE]: Incorrect key check_world_border was corrected from null to its default, false. 
[01May2025 18:52:05.402] [modloading-worker-0/WARN] [net.minecraftforge.common.ForgeConfigSpec/CORE]: Incorrect key enable_fake_player_break was corrected from null to its default, false. 
[01May2025 18:52:05.404] [modloading-worker-0/WARN] [net.minecraftforge.common.ForgeConfigSpec/CORE]: Incorrect key power_comparators was corrected from null to its default, true. 
[01May2025 18:52:05.409] [modloading-worker-0/WARN] [net.minecraftforge.common.ForgeConfigSpec/CORE]: Incorrect key trapped_custom was corrected from null to its default, false. 
[01May2025 18:52:05.409] [modloading-worker-0/WARN] [net.minecraftforge.common.ForgeConfigSpec/CORE]: Incorrect key blast_resistant was corrected from null to its default, false. 
[01May2025 18:52:05.410] [modloading-worker-0/WARN] [net.minecraftforge.common.ForgeConfigSpec/CORE]: Incorrect key blast_immune was corrected from null to its default, false. 
[01May2025 18:52:05.417] [modloading-worker-0/WARN] [net.minecraftforge.common.ForgeConfigSpec/CORE]: Incorrect key disable_notifications was corrected from null to its default, false. 
[01May2025 18:52:05.419] [modloading-worker-0/WARN] [net.minecraftforge.common.ForgeConfigSpec/CORE]: Incorrect key notification_delay was corrected from null to its default, 600. 
[01May2025 18:52:05.421] [modloading-worker-0/WARN] [net.minecraftforge.common.ForgeConfigSpec/CORE]: Incorrect key disable_message_styles was corrected from null to its default, false. 
[01May2025 18:52:05.425] [modloading-worker-0/WARN] [net.minecraftforge.common.ForgeConfigSpec/CORE]: Incorrect key decay_value was corrected from null to its default, 6000. 
[01May2025 18:52:05.428] [modloading-worker-0/WARN] [net.minecraftforge.common.ForgeConfigSpec/CORE]: Incorrect key decay_loot_tables was corrected from null to its default, []. 
[01May2025 18:52:05.433] [modloading-worker-0/WARN] [net.minecraftforge.common.ForgeConfigSpec/CORE]: Incorrect key decay_modids was corrected from null to its default, []. 
[01May2025 18:52:05.436] [modloading-worker-0/WARN] [net.minecraftforge.common.ForgeConfigSpec/CORE]: Incorrect key decay_dimensions was corrected from null to its default, []. 
[01May2025 18:52:05.437] [modloading-worker-0/WARN] [net.minecraftforge.common.ForgeConfigSpec/CORE]: Incorrect key decay_structures was corrected from null to its default, []. 
[01May2025 18:52:05.440] [modloading-worker-0/WARN] [net.minecraftforge.common.ForgeConfigSpec/CORE]: Incorrect key decay_all was corrected from null to its default, false. 
[01May2025 18:52:05.448] [modloading-worker-0/WARN] [net.minecraftforge.common.ForgeConfigSpec/CORE]: Incorrect key refresh_value was corrected from null to its default, 24000. 
[01May2025 18:52:05.449] [modloading-worker-0/WARN] [net.minecraftforge.common.ForgeConfigSpec/CORE]: Incorrect key refresh_loot_tables was corrected from null to its default, []. 
[01May2025 18:52:05.453] [modloading-worker-0/WARN] [net.minecraftforge.common.ForgeConfigSpec/CORE]: Incorrect key refresh_modids was corrected from null to its default, []. 
[01May2025 18:52:05.455] [modloading-worker-0/WARN] [net.minecraftforge.common.ForgeConfigSpec/CORE]: Incorrect key refresh_dimensions was corrected from null to its default, []. 
[01May2025 18:52:05.458] [modloading-worker-0/WARN] [net.minecraftforge.common.ForgeConfigSpec/CORE]: Incorrect key refresh_structures was corrected from null to its default, []. 
[01May2025 18:52:05.460] [modloading-worker-0/WARN] [net.minecraftforge.common.ForgeConfigSpec/CORE]: Incorrect key refresh_all was corrected from null to its default, false. 
[01May2025 18:52:05.462] [modloading-worker-0/WARN] [net.minecraftforge.common.ForgeConfigSpec/CORE]: Configuration file /workspaces/Gamers/servidor_minecraft/config/lootr-client.toml is not correct. Correcting
[01May2025 18:52:05.463] [modloading-worker-0/WARN] [net.minecraftforge.common.ForgeConfigSpec/CORE]: Incorrect key vanilla_textures was corrected from null to its default, false. 
[01May2025 18:52:05.463] [modloading-worker-0/WARN] [net.minecraftforge.common.ForgeConfigSpec/CORE]: Incorrect key old_textures was corrected from null to its default, false. 
[01May2025 18:52:05.729] [modloading-worker-0/INFO] [Puzzles Lib/]: Constructing common components for puzzleslib:main
[01May2025 18:52:05.777] [modloading-worker-0/INFO] [be.florens.expandability.ExpandAbility/]: ExpandAbility here, who dis?
[01May2025 18:52:05.779] [modloading-worker-0/INFO] [mod.chiselsandbits.forge.Forge/]: Initialized Chisels&Bits - Forge
[01May2025 18:52:05.953] [modloading-worker-0/INFO] [mod.chiselsandbits.registrars.ModBlockEntityTypes/]: Loaded block entity configuration.
[01May2025 18:52:05.983] [modloading-worker-0/INFO] [mod.chiselsandbits.registrars.ModBlocks/]: Loaded block configuration.
[01May2025 18:52:06.000] [modloading-worker-0/INFO] [mod.chiselsandbits.registrars.ModChiselModeGroups/]: Loaded chisel mode group configuration.
[01May2025 18:52:07.132] [modloading-worker-0/INFO] [mod.chiselsandbits.registrars.ModChiselModes/]: Loaded chisel mode configuration.
[01May2025 18:52:07.137] [modloading-worker-0/INFO] [mod.chiselsandbits.registrars.ModContainerTypes/]: Loaded container type configuration.
[01May2025 18:52:07.143] [modloading-worker-0/INFO] [mod.chiselsandbits.registrars.ModCreativeTabs/]: Loaded item group configuration.
[01May2025 18:52:07.188] [modloading-worker-0/INFO] [mod.chiselsandbits.registrars.ModItems/]: Loaded item configuration.
[01May2025 18:52:07.194] [modloading-worker-0/INFO] [mod.chiselsandbits.registrars.ModMetadataKeys/]: Loaded metadata key configuration.
[01May2025 18:52:07.216] [modloading-worker-0/INFO] [mod.chiselsandbits.registrars.ModModelProperties/]: Loaded model property configuration.
[01May2025 18:52:07.225] [modloading-worker-0/INFO] [mod.chiselsandbits.registrars.ModModificationOperation/]: Loaded modification operation configuration.
[01May2025 18:52:07.229] [modloading-worker-0/INFO] [mod.chiselsandbits.registrars.ModModificationOperationGroups/]: Loaded modification operation group configuration.
[01May2025 18:52:07.248] [modloading-worker-0/INFO] [mod.chiselsandbits.registrars.ModPatternPlacementTypes/]: Loaded pattern placement type configuration.
[01May2025 18:52:07.253] [modloading-worker-0/INFO] [mod.chiselsandbits.registrars.ModRecipeSerializers/]: Loaded recipe serializer configuration.
[01May2025 18:52:07.259] [modloading-worker-0/INFO] [mod.chiselsandbits.registrars.ModTags/]: Loaded tag configuration.
[01May2025 18:52:07.260] [modloading-worker-0/INFO] [mod.chiselsandbits.registrars.ModRecipeTypes/]: Registering recipe types.
[01May2025 18:52:07.261] [modloading-worker-0/INFO] [mod.chiselsandbits.registrars.ModEventHandler/]: Registering event handlers
[01May2025 18:52:07.325] [modloading-worker-0/ERROR] [mod.chiselsandbits.api.util.ClassUtils/]: Failed to load: mod.chiselsandbits.forge.compat.create.CreateCandBPlugin
java.lang.NoClassDefFoundError: com/simibubi/create/content/contraptions/behaviour/MovementBehaviour
	at java.lang.Class.forName0(Native Method) ~[?:?]
	at java.lang.Class.forName(Class.java:375) ~[?:?]
	at mod.chiselsandbits.api.util.ClassUtils.createOrGetInstance(ClassUtils.java:45) ~[chisels-and-bits-forge-1.4.148.jar%23204!/:1.4.148]
	at mod.chiselsandbits.forge.platform.ForgePluginDiscoverer.createPluginFrom(ForgePluginDiscoverer.java:95) ~[chisels-and-bits-forge-1.4.148.jar%23204!/:1.4.148]
	at mod.chiselsandbits.forge.platform.ForgePluginDiscoverer.loadPlugins(ForgePluginDiscoverer.java:58) ~[chisels-and-bits-forge-1.4.148.jar%23204!/:1.4.148]
	at mod.chiselsandbits.plugin.PluginManger.detect(PluginManger.java:35) ~[chisels-and-bits-forge-1.4.148.jar%23204!/:1.4.148]
	at mod.chiselsandbits.ChiselsAndBits.<init>(ChiselsAndBits.java:62) ~[chisels-and-bits-forge-1.4.148.jar%23204!/:1.4.148]
	at mod.chiselsandbits.forge.Forge.lambda$new$1(Forge.java:42) ~[chisels-and-bits-forge-1.4.148.jar%23204!/:1.4.148]
	at com.communi.suggestu.scena.core.init.PlatformInitializationHandler.onInit(PlatformInitializationHandler.java:29) ~[scena-forge-1.0.103.jar%23317!/:1.0.103]
	at mod.chiselsandbits.forge.Forge.<init>(Forge.java:37) ~[chisels-and-bits-forge-1.4.148.jar%23204!/:1.4.148]
	at jdk.internal.reflect.NativeConstructorAccessorImpl.newInstance0(Native Method) ~[?:?]
	at jdk.internal.reflect.NativeConstructorAccessorImpl.newInstance(NativeConstructorAccessorImpl.java:77) ~[?:?]
	at jdk.internal.reflect.DelegatingConstructorAccessorImpl.newInstance(DelegatingConstructorAccessorImpl.java:45) ~[?:?]
	at java.lang.reflect.Constructor.newInstanceWithCaller(Constructor.java:500) ~[?:?]
	at java.lang.reflect.Constructor.newInstance(Constructor.java:481) ~[?:?]
	at net.minecraftforge.fml.javafmlmod.FMLModContainer.constructMod(FMLModContainer.java:70) ~[javafmllanguage-1.20.1-47.3.7.jar%23281!/:?]
	at net.minecraftforge.fml.ModContainer.lambda$buildTransitionHandler$4(ModContainer.java:124) ~[fmlcore-1.20.1-47.3.7.jar%23280!/:?]
	at java.util.concurrent.CompletableFuture$AsyncRun.run(CompletableFuture.java:1804) ~[?:?]
	at java.util.concurrent.CompletableFuture$AsyncRun.exec(CompletableFuture.java:1796) ~[?:?]
	at java.util.concurrent.ForkJoinTask.doExec(ForkJoinTask.java:373) ~[?:?]
	at java.util.concurrent.ForkJoinPool$WorkQueue.topLevelExec(ForkJoinPool.java:1182) ~[?:?]
	at java.util.concurrent.ForkJoinPool.scan(ForkJoinPool.java:1655) ~[?:?]
	at java.util.concurrent.ForkJoinPool.runWorker(ForkJoinPool.java:1622) ~[?:?]
	at java.util.concurrent.ForkJoinWorkerThread.run(ForkJoinWorkerThread.java:165) ~[?:?]
Caused by: java.lang.ClassNotFoundException: com.simibubi.create.content.contraptions.behaviour.MovementBehaviour
	at cpw.mods.cl.ModuleClassLoader.loadClass(ModuleClassLoader.java:141) ~[securejarhandler-2.1.10.jar:?]
	at java.lang.ClassLoader.loadClass(ClassLoader.java:525) ~[?:?]
	... 24 more
[01May2025 18:52:09.658] [main/INFO] [Diagonal Blocks/]: Constructing shapes for ForgeDiagonalFenceBlock[NodeWidth=2.0,ExtensionWidth=2.0,NodeTop=24.0,ExtensionBottom=0.0,ExtensionTop=24.0] took 262ms
[01May2025 18:52:09.708] [main/INFO] [Diagonal Blocks/]: Constructing shapes for ForgeDiagonalFenceBlock[NodeWidth=2.0,ExtensionWidth=2.0,NodeTop=16.0,ExtensionBottom=0.0,ExtensionTop=16.0] took 46ms
[01May2025 18:52:09.781] [main/INFO] [Diagonal Blocks/]: Constructing shapes for ForgeDiagonalFenceBlock[NodeWidth=2.0,ExtensionWidth=1.0,NodeTop=16.0,ExtensionBottom=6.0,ExtensionTop=15.0] took 67ms
[01May2025 18:52:18.945] [main/WARN] [supermartijn642corelib/]: Could not find value 'formations:template_editor' in registry 'minecraft:item' for @RegistryEntryAcceptor!
[01May2025 18:52:19.348] [main/WARN] [dev.architectury.registry.registries.forge.RegistrarManagerImpl/]: Registry entry listened Registry Entry [minecraft:entity_type / artifacts:mimic] was not realized!
[01May2025 18:52:19.349] [main/WARN] [dev.architectury.registry.registries.forge.RegistrarManagerImpl/]: Registry entry listened Registry Entry [minecraft:entity_type / artifacts:mimic] was not realized!
[01May2025 18:52:19.363] [main/WARN] [dev.architectury.registry.registries.forge.RegistrarManagerImpl/]: Registry entry listened Registry Entry [minecraft:entity_type / artifacts:mimic] was not realized!
[01May2025 18:52:20.440] [main/WARN] [net.minecraft.network.syncher.SynchedEntityData/]: defineId called for: class net.heyimamethyst.fairyfactions.entities.FairyEntity from class net.heyimamethyst.fairyfactions.entities.FairyEntityBase
[01May2025 18:52:20.440] [main/WARN] [net.minecraft.network.syncher.SynchedEntityData/]: defineId called for: class net.heyimamethyst.fairyfactions.entities.FairyEntity from class net.heyimamethyst.fairyfactions.entities.FairyEntityBase
[01May2025 18:52:20.440] [main/WARN] [net.minecraft.network.syncher.SynchedEntityData/]: defineId called for: class net.heyimamethyst.fairyfactions.entities.FairyEntity from class net.heyimamethyst.fairyfactions.entities.FairyEntityBase
[01May2025 18:52:20.440] [main/WARN] [net.minecraft.network.syncher.SynchedEntityData/]: defineId called for: class net.heyimamethyst.fairyfactions.entities.FairyEntity from class net.heyimamethyst.fairyfactions.entities.FairyEntityBase
[01May2025 18:52:20.440] [main/WARN] [net.minecraft.network.syncher.SynchedEntityData/]: defineId called for: class net.heyimamethyst.fairyfactions.entities.FairyEntity from class net.heyimamethyst.fairyfactions.entities.FairyEntityBase
[01May2025 18:52:20.441] [main/WARN] [net.minecraft.network.syncher.SynchedEntityData/]: defineId called for: class net.heyimamethyst.fairyfactions.entities.FairyEntity from class net.heyimamethyst.fairyfactions.entities.FairyEntityBase
[01May2025 18:52:20.441] [main/WARN] [net.minecraft.network.syncher.SynchedEntityData/]: defineId called for: class net.heyimamethyst.fairyfactions.entities.FairyEntity from class net.heyimamethyst.fairyfactions.entities.FairyEntityBase
[01May2025 18:52:20.441] [main/WARN] [net.minecraft.network.syncher.SynchedEntityData/]: defineId called for: class net.heyimamethyst.fairyfactions.entities.FairyEntity from class net.heyimamethyst.fairyfactions.entities.FairyEntityBase
[01May2025 18:52:20.441] [main/WARN] [net.minecraft.network.syncher.SynchedEntityData/]: defineId called for: class net.heyimamethyst.fairyfactions.entities.FairyEntity from class net.heyimamethyst.fairyfactions.entities.FairyEntityBase
[01May2025 18:52:20.441] [main/WARN] [net.minecraft.network.syncher.SynchedEntityData/]: defineId called for: class net.heyimamethyst.fairyfactions.entities.FairyEntity from class net.heyimamethyst.fairyfactions.entities.FairyEntityBase
[01May2025 18:52:20.441] [main/WARN] [net.minecraft.network.syncher.SynchedEntityData/]: defineId called for: class net.heyimamethyst.fairyfactions.entities.FairyEntity from class net.heyimamethyst.fairyfactions.entities.FairyEntityBase
[01May2025 18:52:20.441] [main/WARN] [net.minecraft.network.syncher.SynchedEntityData/]: defineId called for: class net.heyimamethyst.fairyfactions.entities.FairyEntity from class net.heyimamethyst.fairyfactions.entities.FairyEntityBase
[01May2025 18:52:20.442] [main/WARN] [net.minecraft.network.syncher.SynchedEntityData/]: defineId called for: class net.heyimamethyst.fairyfactions.entities.FairyEntity from class net.heyimamethyst.fairyfactions.entities.FairyEntityBase
[01May2025 18:52:20.442] [main/WARN] [net.minecraft.network.syncher.SynchedEntityData/]: defineId called for: class net.heyimamethyst.fairyfactions.entities.FairyEntity from class net.heyimamethyst.fairyfactions.entities.FairyEntityBase
[01May2025 18:52:20.442] [main/WARN] [net.minecraft.network.syncher.SynchedEntityData/]: defineId called for: class net.heyimamethyst.fairyfactions.entities.FairyEntity from class net.heyimamethyst.fairyfactions.entities.FairyEntityBase
[01May2025 18:52:20.442] [main/WARN] [net.minecraft.network.syncher.SynchedEntityData/]: defineId called for: class net.heyimamethyst.fairyfactions.entities.FairyEntity from class net.heyimamethyst.fairyfactions.entities.FairyEntityBase
[01May2025 18:52:20.442] [main/WARN] [net.minecraft.network.syncher.SynchedEntityData/]: defineId called for: class net.heyimamethyst.fairyfactions.entities.FairyEntity from class net.heyimamethyst.fairyfactions.entities.FairyEntityBase
[01May2025 18:52:20.442] [main/WARN] [net.minecraft.network.syncher.SynchedEntityData/]: defineId called for: class net.heyimamethyst.fairyfactions.entities.FairyEntity from class net.heyimamethyst.fairyfactions.entities.FairyEntityBase
[01May2025 18:52:20.442] [main/WARN] [net.minecraft.network.syncher.SynchedEntityData/]: defineId called for: class net.heyimamethyst.fairyfactions.entities.FairyEntity from class net.heyimamethyst.fairyfactions.entities.FairyEntityBase
[01May2025 18:52:20.461] [main/WARN] [net.minecraft.network.syncher.SynchedEntityData/]: defineId called for: class com.github.alexmodguy.alexscaves.server.entity.living.TremorzillaEntity from class com.github.alexmodguy.alexscaves.server.entity.living.LicowitchEntity
[01May2025 18:52:20.463] [main/WARN] [net.minecraft.network.syncher.SynchedEntityData/]: defineId called for: class net.minecraft.world.entity.animal.sniffer.Sniffer from class com.mysticsbiomes.common.entity.animal.SeaOtter
[01May2025 18:52:20.486] [main/WARN] [net.minecraftforge.common.ForgeConfigSpec/CORE]: Configuration file /workspaces/Gamers/servidor_minecraft/config/sophisticatedcore-common.toml is not correct. Correcting
[01May2025 18:52:20.486] [main/WARN] [net.minecraftforge.common.ForgeConfigSpec/CORE]: Incorrect key common was corrected from null to its default, SimpleCommentedConfig:{}. 
[01May2025 18:52:20.486] [main/WARN] [net.minecraftforge.common.ForgeConfigSpec/CORE]: Incorrect key common.enabledItems was corrected from null to its default, []. 
[01May2025 18:52:20.489] [main/WARN] [net.minecraftforge.common.ForgeConfigSpec/CORE]: Configuration file /workspaces/Gamers/servidor_minecraft/config/citadel-common.toml is not correct. Correcting
[01May2025 18:52:20.490] [main/WARN] [net.minecraftforge.common.ForgeConfigSpec/CORE]: Incorrect key general was corrected from null to its default, SimpleCommentedConfig:{}. 
[01May2025 18:52:20.490] [main/WARN] [net.minecraftforge.common.ForgeConfigSpec/CORE]: Incorrect key general.Track Entities was corrected from null to its default, true. 
[01May2025 18:52:20.490] [main/WARN] [net.minecraftforge.common.ForgeConfigSpec/CORE]: Incorrect key general.Skip Datapack Warnings was corrected from null to its default, true. 
[01May2025 18:52:20.490] [main/WARN] [net.minecraftforge.common.ForgeConfigSpec/CORE]: Incorrect key general.chunkGenSpawnModifier was corrected from null to its default, 1.0. 
[01May2025 18:52:20.490] [main/WARN] [net.minecraftforge.common.ForgeConfigSpec/CORE]: Incorrect key general.April Fools Content was corrected from null to its default, true. 
[01May2025 18:52:20.491] [main/WARN] [net.minecraftforge.common.ForgeConfigSpec/CORE]: Configuration file /workspaces/Gamers/servidor_minecraft/config/sophisticatedbackpacks-common.toml is not correct. Correcting
[01May2025 18:52:20.492] [main/WARN] [net.minecraftforge.common.ForgeConfigSpec/CORE]: Incorrect key common was corrected from null to its default, SimpleCommentedConfig:{}. 
[01May2025 18:52:20.492] [main/WARN] [net.minecraftforge.common.ForgeConfigSpec/CORE]: Incorrect key common.chestLootEnabled was corrected from null to its default, true. 
[01May2025 18:52:20.494] [main/WARN] [net.minecraftforge.common.ForgeConfigSpec/CORE]: Configuration file /workspaces/Gamers/servidor_minecraft/config/carryon-common.toml is not correct. Correcting
[01May2025 18:52:20.494] [main/WARN] [net.minecraftforge.common.ForgeConfigSpec/CORE]: Incorrect key settings was corrected from null to its default, SimpleCommentedConfig:{}. 
[01May2025 18:52:20.494] [main/WARN] [net.minecraftforge.common.ForgeConfigSpec/CORE]: Incorrect key settings.maxDistance was corrected from null to its default, 2.5. 
[01May2025 18:52:20.494] [main/WARN] [net.minecraftforge.common.ForgeConfigSpec/CORE]: Incorrect key settings.maxEntityWidth was corrected from null to its default, 1.5. 
[01May2025 18:52:20.494] [main/WARN] [net.minecraftforge.common.ForgeConfigSpec/CORE]: Incorrect key settings.maxEntityHeight was corrected from null to its default, 2.5. 
[01May2025 18:52:20.494] [main/WARN] [net.minecraftforge.common.ForgeConfigSpec/CORE]: Incorrect key settings.blockSlownessMultiplier was corrected from null to its default, 1.0. 
[01May2025 18:52:20.494] [main/WARN] [net.minecraftforge.common.ForgeConfigSpec/CORE]: Incorrect key settings.entitySlownessMultiplier was corrected from null to its default, 1.0. 
[01May2025 18:52:20.495] [main/WARN] [net.minecraftforge.common.ForgeConfigSpec/CORE]: Incorrect key settings.maxEntityStackLimit was corrected from null to its default, 10. 
[01May2025 18:52:20.495] [main/WARN] [net.minecraftforge.common.ForgeConfigSpec/CORE]: Incorrect key settings.heavyTiles was corrected from null to its default, true. 
[01May2025 18:52:20.495] [main/WARN] [net.minecraftforge.common.ForgeConfigSpec/CORE]: Incorrect key settings.pickupAllBlocks was corrected from null to its default, false. 
[01May2025 18:52:20.495] [main/WARN] [net.minecraftforge.common.ForgeConfigSpec/CORE]: Incorrect key settings.slownessInCreative was corrected from null to its default, true. 
[01May2025 18:52:20.495] [main/WARN] [net.minecraftforge.common.ForgeConfigSpec/CORE]: Incorrect key settings.pickupHostileMobs was corrected from null to its default, false. 
[01May2025 18:52:20.495] [main/WARN] [net.minecraftforge.common.ForgeConfigSpec/CORE]: Incorrect key settings.heavyEntities was corrected from null to its default, true. 
[01May2025 18:52:20.495] [main/WARN] [net.minecraftforge.common.ForgeConfigSpec/CORE]: Incorrect key settings.allowBabies was corrected from null to its default, false. 
[01May2025 18:52:20.495] [main/WARN] [net.minecraftforge.common.ForgeConfigSpec/CORE]: Incorrect key settings.useWhitelistBlocks was corrected from null to its default, false. 
[01May2025 18:52:20.495] [main/WARN] [net.minecraftforge.common.ForgeConfigSpec/CORE]: Incorrect key settings.useWhitelistEntities was corrected from null to its default, false. 
[01May2025 18:52:20.496] [main/WARN] [net.minecraftforge.common.ForgeConfigSpec/CORE]: Incorrect key settings.useWhitelistStacking was corrected from null to its default, false. 
[01May2025 18:52:20.496] [main/WARN] [net.minecraftforge.common.ForgeConfigSpec/CORE]: Incorrect key settings.hitWhileCarrying was corrected from null to its default, false. 
[01May2025 18:52:20.496] [main/WARN] [net.minecraftforge.common.ForgeConfigSpec/CORE]: Incorrect key settings.dropCarriedWhenHit was corrected from null to its default, false. 
[01May2025 18:52:20.496] [main/WARN] [net.minecraftforge.common.ForgeConfigSpec/CORE]: Incorrect key settings.useScripts was corrected from null to its default, false. 
[01May2025 18:52:20.496] [main/WARN] [net.minecraftforge.common.ForgeConfigSpec/CORE]: Incorrect key settings.stackableEntities was corrected from null to its default, true. 
[01May2025 18:52:20.496] [main/WARN] [net.minecraftforge.common.ForgeConfigSpec/CORE]: Incorrect key settings.entitySizeMattersStacking was corrected from null to its default, true. 
[01May2025 18:52:20.496] [main/WARN] [net.minecraftforge.common.ForgeConfigSpec/CORE]: Incorrect key settings.placementStateExceptions was corrected from null to its default, [minecraft:chest[type], minecraft:stone_button[face], minecraft:vine[north,east,south,west,up], minecraft:creeper_head[rotation], minecraft:glow_lichen[north,east,south,west,up,down], minecraft:oak_sign[rotation], minecraft:oak_trapdoor[half]]. 
[01May2025 18:52:20.496] [main/WARN] [net.minecraftforge.common.ForgeConfigSpec/CORE]: Incorrect key settings.pickupPlayers was corrected from null to its default, true. 
[01May2025 18:52:20.496] [main/WARN] [net.minecraftforge.common.ForgeConfigSpec/CORE]: Incorrect key settings.pickupUnbreakableBlocks was corrected from null to its default, false. 
[01May2025 18:52:20.498] [main/WARN] [net.minecraftforge.common.ForgeConfigSpec/CORE]: Incorrect key whitelist was corrected from null to its default, SimpleCommentedConfig:{}. 
[01May2025 18:52:20.498] [main/WARN] [net.minecraftforge.common.ForgeConfigSpec/CORE]: Incorrect key whitelist.allowedEntities was corrected from null to its default, []. 
[01May2025 18:52:20.498] [main/WARN] [net.minecraftforge.common.ForgeConfigSpec/CORE]: Incorrect key whitelist.allowedBlocks was corrected from null to its default, []. 
[01May2025 18:52:20.498] [main/WARN] [net.minecraftforge.common.ForgeConfigSpec/CORE]: Incorrect key whitelist.allowedStacking was corrected from null to its default, []. 
[01May2025 18:52:20.499] [main/WARN] [net.minecraftforge.common.ForgeConfigSpec/CORE]: Incorrect key blacklist was corrected from null to its default, SimpleCommentedConfig:{}. 
[01May2025 18:52:20.500] [main/WARN] [net.minecraftforge.common.ForgeConfigSpec/CORE]: Incorrect key blacklist.forbiddenTiles was corrected from null to its default, [#forge:immovable, #forge:relocation_not_supported, minecraft:end_portal, minecraft:piston_head, minecraft:end_gateway, minecraft:tall_grass, minecraft:large_fern, minecraft:peony, minecraft:rose_bush, minecraft:lilac, minecraft:sunflower, minecraft:*_bed, minecraft:*_door, minecraft:big_dripleaf_stem, minecraft:waterlily, minecraft:cake, minecraft:nether_portal, minecraft:tall_seagrass, animania:block_trough, animania:block_invisiblock, colossalchests:*, ic2:*, bigreactors:*, forestry:*, tconstruct:*, rustic:*, botania:*, astralsorcery:*, quark:colored_bed_*, immersiveengineering:*, embers:block_furnace, embers:ember_bore, embers:ember_activator, embers:mixer, embers:heat_coil, embers:large_tank, embers:crystal_cell, embers:alchemy_pedestal, embers:boiler, embers:combustor, embers:catalzyer, embers:field_chart, embers:inferno_forge, storagedrawers:framingtable, skyresources:*, lootbags:*, exsartagine:*, aquamunda:tank, opencomputers:*, malisisdoors:*, industrialforegoing:*, minecolonies:*, thaumcraft:pillar*, thaumcraft:infernal_furnace, thaumcraft:placeholder*, thaumcraft:infusion_matrix, thaumcraft:golem_builder, thaumcraft:thaumatorium*, magneticraft:oil_heater, magneticraft:solar_panel, magneticraft:steam_engine, magneticraft:shelving_unit, magneticraft:grinder, magneticraft:sieve, magneticraft:solar_tower, magneticraft:solar_mirror, magneticraft:container, magneticraft:pumpjack, magneticraft:solar_panel, magneticraft:refinery, magneticraft:oil_heater, magneticraft:hydraulic_press, magneticraft:multiblock_gap, refinedstorage:*, mcmultipart:*, enderstorage:*, betterstorage:*, practicallogistics2:*, wearablebackpacks:*, rftools:screen, rftools:creative_screen, create:*, magic_doorknob:*, iceandfire:*, ftbquests:*, waystones:*, contact:*, framedblocks:*, securitycraft:*, forgemultipartcbe:*, integrateddynamics:cable, mekanismgenerators:wind_generator, cookingforblockheads:cabinet, cookingforblockheads:corner, cookingforblockheads:counter, cookingforblockheads:oven, cookingforblockheads:toaster, cookingforblockheads:milk_jar, cookingforblockheads:cow_jar, cookingforblockheads:fruit_basket, cookingforblockheads:cooking_table, cookingforblockheads:fridge, cookingforblockheads:sink, powah:*, advancementtrophies:trophy, mekanismgenerators:heat_generator, mna:filler_block]. 
[01May2025 18:52:20.500] [main/WARN] [net.minecraftforge.common.ForgeConfigSpec/CORE]: Incorrect key blacklist.forbiddenEntities was corrected from null to its default, [minecraft:end_crystal, minecraft:ender_dragon, minecraft:ghast, minecraft:shulker, minecraft:leash_knot, minecraft:armor_stand, minecraft:item_frame, minecraft:painting, minecraft:shulker_bullet, animania:hamster, animania:ferret*, animania:hedgehog*, animania:cart, animania:wagon, mynko:*, pixelmon:*, mocreatures:*, quark:totem, vehicle:*, securitycraft:*, taterzens:npc, easy_npc:*, bodiesbodies:dead_body]. 
[01May2025 18:52:20.500] [main/WARN] [net.minecraftforge.common.ForgeConfigSpec/CORE]: Incorrect key blacklist.forbiddenStacking was corrected from null to its default, [minecraft:horse]. 
[01May2025 18:52:20.501] [main/WARN] [net.minecraftforge.common.ForgeConfigSpec/CORE]: Incorrect key customPickupConditions was corrected from null to its default, SimpleCommentedConfig:{}. 
[01May2025 18:52:20.501] [main/WARN] [net.minecraftforge.common.ForgeConfigSpec/CORE]: Incorrect key customPickupConditions.customPickupConditionsBlocks was corrected from null to its default, []. 
[01May2025 18:52:20.501] [main/WARN] [net.minecraftforge.common.ForgeConfigSpec/CORE]: Incorrect key customPickupConditions.customPickupConditionsEntities was corrected from null to its default, []. 
[01May2025 18:52:20.742] [main/WARN] [net.minecraftforge.common.ForgeConfigSpec/CORE]: Configuration file /workspaces/Gamers/servidor_minecraft/config/alexsmobs.toml is not correct. Correcting
[01May2025 18:52:20.743] [main/WARN] [net.minecraftforge.common.ForgeConfigSpec/CORE]: Incorrect key general was corrected from null to its default, SimpleCommentedConfig:{}. 
[01May2025 18:52:20.743] [main/WARN] [net.minecraftforge.common.ForgeConfigSpec/CORE]: Incorrect key general.giveBookOnStartup was corrected from null to its default, true. 
[01May2025 18:52:20.743] [main/WARN] [net.minecraftforge.common.ForgeConfigSpec/CORE]: Incorrect key general.lavaVisionOpacity was corrected from null to its default, 0.65. 
[01May2025 18:52:20.743] [main/WARN] [net.minecraftforge.common.ForgeConfigSpec/CORE]: Incorrect key general.shadersCompat was corrected from null to its default, false. 
[01May2025 18:52:20.744] [main/WARN] [net.minecraftforge.common.ForgeConfigSpec/CORE]: Incorrect key general.bananasDropFromLeaves was corrected from null to its default, true. 
[01May2025 18:52:20.744] [main/WARN] [net.minecraftforge.common.ForgeConfigSpec/CORE]: Incorrect key general.bananaChance was corrected from null to its default, 200. 
[01May2025 18:52:20.744] [main/WARN] [net.minecraftforge.common.ForgeConfigSpec/CORE]: Incorrect key general.spidersAttackFlies was corrected from null to its default, true. 
[01May2025 18:52:20.744] [main/WARN] [net.minecraftforge.common.ForgeConfigSpec/CORE]: Incorrect key general.wolvesAttackMoose was corrected from null to its default, true. 
[01May2025 18:52:20.744] [main/WARN] [net.minecraftforge.common.ForgeConfigSpec/CORE]: Incorrect key general.polarBearsAttackSeals was corrected from null to its default, true. 
[01May2025 18:52:20.744] [main/WARN] [net.minecraftforge.common.ForgeConfigSpec/CORE]: Incorrect key general.catsAndFoxesAttackJerboas was corrected from null to its default, true. 
[01May2025 18:52:20.744] [main/WARN] [net.minecraftforge.common.ForgeConfigSpec/CORE]: Incorrect key general.dolphinsAttackFlyingFish was corrected from null to its default, true. 
[01May2025 18:52:20.744] [main/WARN] [net.minecraftforge.common.ForgeConfigSpec/CORE]: Incorrect key general.lavaBottleEnabled was corrected from null to its default, true. 
[01May2025 18:52:20.745] [main/WARN] [net.minecraftforge.common.ForgeConfigSpec/CORE]: Incorrect key general.neutralBoneSerpents was corrected from null to its default, false. 
[01May2025 18:52:20.745] [main/WARN] [net.minecraftforge.common.ForgeConfigSpec/CORE]: Incorrect key general.mimicubeSpawnInEndCity was corrected from null to its default, true. 
[01May2025 18:52:20.745] [main/WARN] [net.minecraftforge.common.ForgeConfigSpec/CORE]: Incorrect key general.mimicreamRepair was corrected from null to its default, true. 
[01May2025 18:52:20.745] [main/WARN] [net.minecraftforge.common.ForgeConfigSpec/CORE]: Incorrect key general.mimicreamBlacklist was corrected from null to its default, [alexsmobs:blood_sprayer, alexsmobs:hemolymph_blaster]. 
[01May2025 18:52:20.745] [main/WARN] [net.minecraftforge.common.ForgeConfigSpec/CORE]: Incorrect key general.raccoonStealFromChests was corrected from null to its default, true. 
[01May2025 18:52:20.745] [main/WARN] [net.minecraftforge.common.ForgeConfigSpec/CORE]: Incorrect key general.crowsStealCrops was corrected from null to its default, true. 
[01May2025 18:52:20.745] [main/WARN] [net.minecraftforge.common.ForgeConfigSpec/CORE]: Incorrect key general.fishOilMeme was corrected from null to its default, true. 
[01May2025 18:52:20.745] [main/WARN] [net.minecraftforge.common.ForgeConfigSpec/CORE]: Incorrect key general.soulVultureSpawnOnFossil was corrected from null to its default, true. 
[01May2025 18:52:20.745] [main/WARN] [net.minecraftforge.common.ForgeConfigSpec/CORE]: Incorrect key general.acaciaBlossomsDropFromLeaves was corrected from null to its default, true. 
[01May2025 18:52:20.745] [main/WARN] [net.minecraftforge.common.ForgeConfigSpec/CORE]: Incorrect key general.acaciaBlossomChance was corrected from null to its default, 130. 
[01May2025 18:52:20.746] [main/WARN] [net.minecraftforge.common.ForgeConfigSpec/CORE]: Incorrect key general.wanderingTraderOffers was corrected from null to its default, true. 
[01May2025 18:52:20.746] [main/WARN] [net.minecraftforge.common.ForgeConfigSpec/CORE]: Incorrect key general.mungusBiomeTransformationType was corrected from null to its default, 2. 
[01May2025 18:52:20.746] [main/WARN] [net.minecraftforge.common.ForgeConfigSpec/CORE]: Incorrect key general.mungusBiomeMatches was corrected from null to its default, [minecraft:red_mushroom|minecraft:mushroom_fields|minecraft:mycelium, minecraft:brown_mushroom|minecraft:mushroom_fields|minecraft:mycelium, minecraft:crimson_fungus|minecraft:crimson_forest|minecraft:crimson_nylium, minecraft:warped_fungus|minecraft:warped_forest|minecraft:warped_nylium]. 
[01May2025 18:52:20.746] [main/WARN] [net.minecraftforge.common.ForgeConfigSpec/CORE]: Incorrect key general.limitGusterSpawnsToWeather was corrected from null to its default, true. 
[01May2025 18:52:20.746] [main/WARN] [net.minecraftforge.common.ForgeConfigSpec/CORE]: Incorrect key general.warpedMoscoTransformation was corrected from null to its default, true. 
[01May2025 18:52:20.746] [main/WARN] [net.minecraftforge.common.ForgeConfigSpec/CORE]: Incorrect key general.warpedMoscoMobTriggers was corrected from null to its default, []. 
[01May2025 18:52:20.746] [main/WARN] [net.minecraftforge.common.ForgeConfigSpec/CORE]: Incorrect key general.straddleboardEnchants was corrected from null to its default, true. 
[01May2025 18:52:20.747] [main/WARN] [net.minecraftforge.common.ForgeConfigSpec/CORE]: Incorrect key general.emuTargetSkeletons was corrected from null to its default, true. 
[01May2025 18:52:20.747] [main/WARN] [net.minecraftforge.common.ForgeConfigSpec/CORE]: Incorrect key general.emuPantsDodgeChance was corrected from null to its default, 0.45. 
[01May2025 18:52:20.747] [main/WARN] [net.minecraftforge.common.ForgeConfigSpec/CORE]: Incorrect key general.cachalotDestruction was corrected from null to its default, true. 
[01May2025 18:52:20.747] [main/WARN] [net.minecraftforge.common.ForgeConfigSpec/CORE]: Incorrect key general.cachalotVolume was corrected from null to its default, 3.0. 
[01May2025 18:52:20.747] [main/WARN] [net.minecraftforge.common.ForgeConfigSpec/CORE]: Incorrect key general.leafcutterAntFungusGrowChance was corrected from null to its default, 0.3. 
[01May2025 18:52:20.747] [main/WARN] [net.minecraftforge.common.ForgeConfigSpec/CORE]: Incorrect key general.leafcutterAntRepopulateFeedings was corrected from null to its default, 25. 
[01May2025 18:52:20.748] [main/WARN] [net.minecraftforge.common.ForgeConfigSpec/CORE]: Incorrect key general.leafcutterAntColonySize was corrected from null to its default, 10. 
[01May2025 18:52:20.748] [main/WARN] [net.minecraftforge.common.ForgeConfigSpec/CORE]: Incorrect key general.leafcutterAntBreakLeavesChance was corrected from null to its default, 0.2. 
[01May2025 18:52:20.748] [main/WARN] [net.minecraftforge.common.ForgeConfigSpec/CORE]: Incorrect key general.falconryTeleportsBack was corrected from null to its default, false. 
[01May2025 18:52:20.748] [main/WARN] [net.minecraftforge.common.ForgeConfigSpec/CORE]: Incorrect key general.fireproofTarantulaHawk was corrected from null to its default, false. 
[01May2025 18:52:20.748] [main/WARN] [net.minecraftforge.common.ForgeConfigSpec/CORE]: Incorrect key general.voidWormSpawnDimensions was corrected from null to its default, [minecraft:the_end]. 
[01May2025 18:52:20.748] [main/WARN] [net.minecraftforge.common.ForgeConfigSpec/CORE]: Incorrect key general.voidWormDamageModifier was corrected from null to its default, 1.0. 
[01May2025 18:52:20.748] [main/WARN] [net.minecraftforge.common.ForgeConfigSpec/CORE]: Incorrect key general.voidWormMaxHealth was corrected from null to its default, 160.0. 
[01May2025 18:52:20.749] [main/WARN] [net.minecraftforge.common.ForgeConfigSpec/CORE]: Incorrect key general.voidWormSummonable was corrected from null to its default, true. 
[01May2025 18:52:20.749] [main/WARN] [net.minecraftforge.common.ForgeConfigSpec/CORE]: Incorrect key general.seagullStealing was corrected from null to its default, true. 
[01May2025 18:52:20.749] [main/WARN] [net.minecraftforge.common.ForgeConfigSpec/CORE]: Incorrect key general.seagullStealingBlacklist was corrected from null to its default, []. 
[01May2025 18:52:20.749] [main/WARN] [net.minecraftforge.common.ForgeConfigSpec/CORE]: Incorrect key general.clingingFlipEffect was corrected from null to its default, false. 
[01May2025 18:52:20.749] [main/WARN] [net.minecraftforge.common.ForgeConfigSpec/CORE]: Incorrect key general.tusklinShoesBarteringChance was corrected from null to its default, 0.02500000037252903. 
[01May2025 18:52:20.750] [main/WARN] [net.minecraftforge.common.ForgeConfigSpec/CORE]: Incorrect key general.rainbowGlassFidelity was corrected from null to its default, 16.0. 
[01May2025 18:52:20.750] [main/WARN] [net.minecraftforge.common.ForgeConfigSpec/CORE]: Incorrect key general.bunfungusTransformation was corrected from null to its default, true. 
[01May2025 18:52:20.750] [main/WARN] [net.minecraftforge.common.ForgeConfigSpec/CORE]: Incorrect key general.addLootToChests was corrected from null to its default, true. 
[01May2025 18:52:20.750] [main/WARN] [net.minecraftforge.common.ForgeConfigSpec/CORE]: Incorrect key general.transmutationBlacklist was corrected from null to its default, [minecraft:beacon]. 
[01May2025 18:52:20.750] [main/WARN] [net.minecraftforge.common.ForgeConfigSpec/CORE]: Incorrect key general.limitTransmutingToLootTables was corrected from null to its default, false. 
[01May2025 18:52:20.750] [main/WARN] [net.minecraftforge.common.ForgeConfigSpec/CORE]: Incorrect key general.transmutingTableExplodes was corrected from null to its default, true. 
[01May2025 18:52:20.751] [main/WARN] [net.minecraftforge.common.ForgeConfigSpec/CORE]: Incorrect key general.transmutingExperienceCost was corrected from null to its default, 3. 
[01May2025 18:52:20.751] [main/WARN] [net.minecraftforge.common.ForgeConfigSpec/CORE]: Incorrect key general.transmutingWeightAddStep was corrected from null to its default, 3.0. 
[01May2025 18:52:20.751] [main/WARN] [net.minecraftforge.common.ForgeConfigSpec/CORE]: Incorrect key general.transmutingWeightRemoveStep was corrected from null to its default, 4.0. 
[01May2025 18:52:20.751] [main/WARN] [net.minecraftforge.common.ForgeConfigSpec/CORE]: Incorrect key general.skreechersSummonWarden was corrected from null to its default, true. 
[01May2025 18:52:20.751] [main/WARN] [net.minecraftforge.common.ForgeConfigSpec/CORE]: Incorrect key general.underminerDisappearDistance was corrected from null to its default, 8.0. 
[01May2025 18:52:20.752] [main/WARN] [net.minecraftforge.common.ForgeConfigSpec/CORE]: Incorrect key spawning was corrected from null to its default, SimpleCommentedConfig:{}. 
[01May2025 18:52:20.752] [main/WARN] [net.minecraftforge.common.ForgeConfigSpec/CORE]: Incorrect key spawning.grizzlyBearSpawnWeight was corrected from null to its default, 8. 
[01May2025 18:52:20.753] [main/WARN] [net.minecraftforge.common.ForgeConfigSpec/CORE]: Incorrect key spawning.grizzlyBearSpawnRolls was corrected from null to its default, 0. 
[01May2025 18:52:20.753] [main/WARN] [net.minecraftforge.common.ForgeConfigSpec/CORE]: Incorrect key spawning.roadrunnerSpawnWeight was corrected from null to its default, 9. 
[01May2025 18:52:20.753] [main/WARN] [net.minecraftforge.common.ForgeConfigSpec/CORE]: Incorrect key spawning.roadrunnerSpawnRolls was corrected from null to its default, 1. 
[01May2025 18:52:20.753] [main/WARN] [net.minecraftforge.common.ForgeConfigSpec/CORE]: Incorrect key spawning.boneSerpentSpawnWeight was corrected from null to its default, 8. 
[01May2025 18:52:20.753] [main/WARN] [net.minecraftforge.common.ForgeConfigSpec/CORE]: Incorrect key spawning.boneSeprentSpawnRolls was corrected from null to its default, 40. 
[01May2025 18:52:20.753] [main/WARN] [net.minecraftforge.common.ForgeConfigSpec/CORE]: Incorrect key spawning.gazelleSpawnWeight was corrected from null to its default, 40. 
[01May2025 18:52:20.754] [main/WARN] [net.minecraftforge.common.ForgeConfigSpec/CORE]: Incorrect key spawning.gazelleSpawnRolls was corrected from null to its default, 0. 
[01May2025 18:52:20.754] [main/WARN] [net.minecraftforge.common.ForgeConfigSpec/CORE]: Incorrect key spawning.crocodileSpawnWeight was corrected from null to its default, 20. 
[01May2025 18:52:20.754] [main/WARN] [net.minecraftforge.common.ForgeConfigSpec/CORE]: Incorrect key spawning.crocSpawnRolls was corrected from null to its default, 1. 
[01May2025 18:52:20.754] [main/WARN] [net.minecraftforge.common.ForgeConfigSpec/CORE]: Incorrect key spawning.flySpawnWeight was corrected from null to its default, 3. 
[01May2025 18:52:20.754] [main/WARN] [net.minecraftforge.common.ForgeConfigSpec/CORE]: Incorrect key spawning.flySpawnRolls was corrected from null to its default, 1. 
[01May2025 18:52:20.755] [main/WARN] [net.minecraftforge.common.ForgeConfigSpec/CORE]: Incorrect key spawning.hummingbirdSpawnWeight was corrected from null to its default, 19. 
[01May2025 18:52:20.755] [main/WARN] [net.minecraftforge.common.ForgeConfigSpec/CORE]: Incorrect key spawning.hummingbirdSpawnRolls was corrected from null to its default, 1. 
[01May2025 18:52:20.755] [main/WARN] [net.minecraftforge.common.ForgeConfigSpec/CORE]: Incorrect key spawning.orcaSpawnWeight was corrected from null to its default, 2. 
[01May2025 18:52:20.755] [main/WARN] [net.minecraftforge.common.ForgeConfigSpec/CORE]: Incorrect key spawning.orcaSpawnRolls was corrected from null to its default, 6. 
[01May2025 18:52:20.755] [main/WARN] [net.minecraftforge.common.ForgeConfigSpec/CORE]: Incorrect key spawning.sunbirdSpawnWeight was corrected from null to its default, 5. 
[01May2025 18:52:20.755] [main/WARN] [net.minecraftforge.common.ForgeConfigSpec/CORE]: Incorrect key spawning.sunbirdSpawnRolls was corrected from null to its default, 6. 
[01May2025 18:52:20.756] [main/WARN] [net.minecraftforge.common.ForgeConfigSpec/CORE]: Incorrect key spawning.gorillaSpawnWeight was corrected from null to its default, 25. 
[01May2025 18:52:20.756] [main/WARN] [net.minecraftforge.common.ForgeConfigSpec/CORE]: Incorrect key spawning.gorillaSpawnRolls was corrected from null to its default, 0. 
[01May2025 18:52:20.756] [main/WARN] [net.minecraftforge.common.ForgeConfigSpec/CORE]: Incorrect key spawning.crimsonMosquitoSpawnWeight was corrected from null to its default, 15. 
[01May2025 18:52:20.756] [main/WARN] [net.minecraftforge.common.ForgeConfigSpec/CORE]: Incorrect key spawning.crimsonMosquitoSpawnRolls was corrected from null to its default, 0. 
[01May2025 18:52:20.756] [main/WARN] [net.minecraftforge.common.ForgeConfigSpec/CORE]: Incorrect key spawning.rattlesnakeSpawnWeight was corrected from null to its default, 12. 
[01May2025 18:52:20.756] [main/WARN] [net.minecraftforge.common.ForgeConfigSpec/CORE]: Incorrect key spawning.rattlesnakeSpawnRolls was corrected from null to its default, 0. 
[01May2025 18:52:20.756] [main/WARN] [net.minecraftforge.common.ForgeConfigSpec/CORE]: Incorrect key spawning.endergradeSpawnWeight was corrected from null to its default, 10. 
[01May2025 18:52:20.756] [main/WARN] [net.minecraftforge.common.ForgeConfigSpec/CORE]: Incorrect key spawning.endergradeSpawnRolls was corrected from null to its default, 0. 
[01May2025 18:52:20.757] [main/WARN] [net.minecraftforge.common.ForgeConfigSpec/CORE]: Incorrect key spawning.hammerheadSharkSpawnWeight was corrected from null to its default, 8. 
[01May2025 18:52:20.757] [main/WARN] [net.minecraftforge.common.ForgeConfigSpec/CORE]: Incorrect key spawning.hammerheadSharkSpawnRolls was corrected from null to its default, 1. 
[01May2025 18:52:20.757] [main/WARN] [net.minecraftforge.common.ForgeConfigSpec/CORE]: Incorrect key spawning.lobsterSpawnWeight was corrected from null to its default, 7. 
[01May2025 18:52:20.757] [main/WARN] [net.minecraftforge.common.ForgeConfigSpec/CORE]: Incorrect key spawning.lobsterSpawnRolls was corrected from null to its default, 0. 
[01May2025 18:52:20.757] [main/WARN] [net.minecraftforge.common.ForgeConfigSpec/CORE]: Incorrect key spawning.komodoDragonSpawnWeight was corrected from null to its default, 16. 
[01May2025 18:52:20.757] [main/WARN] [net.minecraftforge.common.ForgeConfigSpec/CORE]: Incorrect key spawning.komodoDragonSpawnRolls was corrected from null to its default, 1. 
[01May2025 18:52:20.757] [main/WARN] [net.minecraftforge.common.ForgeConfigSpec/CORE]: Incorrect key spawning.capuchinMonkeySpawnWeight was corrected from null to its default, 28. 
[01May2025 18:52:20.757] [main/WARN] [net.minecraftforge.common.ForgeConfigSpec/CORE]: Incorrect key spawning.capuchinMonkeySpawnRolls was corrected from null to its default, 0. 
[01May2025 18:52:20.757] [main/WARN] [net.minecraftforge.common.ForgeConfigSpec/CORE]: Incorrect key spawning.caveCentipedeSpawnWeight was corrected from null to its default, 8. 
[01May2025 18:52:20.758] [main/WARN] [net.minecraftforge.common.ForgeConfigSpec/CORE]: Incorrect key spawning.caveCentipedeSpawnRolls was corrected from null to its default, 1. 
[01May2025 18:52:20.758] [main/WARN] [net.minecraftforge.common.ForgeConfigSpec/CORE]: Incorrect key spawning.warpedToadSpawnWeight was corrected from null to its default, 30. 
[01May2025 18:52:20.758] [main/WARN] [net.minecraftforge.common.ForgeConfigSpec/CORE]: Incorrect key spawning.warpedToadSpawnRolls was corrected from null to its default, 0. 
[01May2025 18:52:20.758] [main/WARN] [net.minecraftforge.common.ForgeConfigSpec/CORE]: Incorrect key spawning.mooseSpawnWeight was corrected from null to its default, 9. 
[01May2025 18:52:20.758] [main/WARN] [net.minecraftforge.common.ForgeConfigSpec/CORE]: Incorrect key spawning.mooseSpawnRolls was corrected from null to its default, 0. 
[01May2025 18:52:20.758] [main/WARN] [net.minecraftforge.common.ForgeConfigSpec/CORE]: Incorrect key spawning.mimicubeSpawnWeight was corrected from null to its default, 40. 
[01May2025 18:52:20.758] [main/WARN] [net.minecraftforge.common.ForgeConfigSpec/CORE]: Incorrect key spawning.mimicubeSpawnRolls was corrected from null to its default, 0. 
[01May2025 18:52:20.759] [main/WARN] [net.minecraftforge.common.ForgeConfigSpec/CORE]: Incorrect key spawning.raccoonSpawnWeight was corrected from null to its default, 10. 
[01May2025 18:52:20.759] [main/WARN] [net.minecraftforge.common.ForgeConfigSpec/CORE]: Incorrect key spawning.raccoonSpawnRolls was corrected from null to its default, 0. 
[01May2025 18:52:20.759] [main/WARN] [net.minecraftforge.common.ForgeConfigSpec/CORE]: Incorrect key spawning.blobfishSpawnWeight was corrected from null to its default, 30. 
[01May2025 18:52:20.759] [main/WARN] [net.minecraftforge.common.ForgeConfigSpec/CORE]: Incorrect key spawning.blobfishSpawnRolls was corrected from null to its default, 0. 
[01May2025 18:52:20.759] [main/WARN] [net.minecraftforge.common.ForgeConfigSpec/CORE]: Incorrect key spawning.sealSpawnWeight was corrected from null to its default, 20. 
[01May2025 18:52:20.759] [main/WARN] [net.minecraftforge.common.ForgeConfigSpec/CORE]: Incorrect key spawning.sealSpawnRolls was corrected from null to its default, 0. 
[01May2025 18:52:20.760] [main/WARN] [net.minecraftforge.common.ForgeConfigSpec/CORE]: Incorrect key spawning.cockroachSpawnWeight was corrected from null to its default, 4. 
[01May2025 18:52:20.760] [main/WARN] [net.minecraftforge.common.ForgeConfigSpec/CORE]: Incorrect key spawning.cockroachSpawnRolls was corrected from null to its default, 0. 
[01May2025 18:52:20.760] [main/WARN] [net.minecraftforge.common.ForgeConfigSpec/CORE]: Incorrect key spawning.shoebillSpawnWeight was corrected from null to its default, 10. 
[01May2025 18:52:20.760] [main/WARN] [net.minecraftforge.common.ForgeConfigSpec/CORE]: Incorrect key spawning.shoebillSpawnRolls was corrected from null to its default, 0. 
[01May2025 18:52:20.760] [main/WARN] [net.minecraftforge.common.ForgeConfigSpec/CORE]: Incorrect key spawning.elephantSpawnWeight was corrected from null to its default, 30. 
[01May2025 18:52:20.760] [main/WARN] [net.minecraftforge.common.ForgeConfigSpec/CORE]: Incorrect key spawning.elephantSpawnRolls was corrected from null to its default, 0. 
[01May2025 18:52:20.761] [main/WARN] [net.minecraftforge.common.ForgeConfigSpec/CORE]: Incorrect key spawning.soulVultureSpawnWeight was corrected from null to its default, 30. 
[01May2025 18:52:20.761] [main/WARN] [net.minecraftforge.common.ForgeConfigSpec/CORE]: Incorrect key spawning.soulVultureSpawnRolls was corrected from null to its default, 0. 
[01May2025 18:52:20.761] [main/WARN] [net.minecraftforge.common.ForgeConfigSpec/CORE]: Incorrect key spawning.snowLeopardSpawnWeight was corrected from null to its default, 18. 
[01May2025 18:52:20.761] [main/WARN] [net.minecraftforge.common.ForgeConfigSpec/CORE]: Incorrect key spawning.snowLeopardSpawnRolls was corrected from null to its default, 0. 
[01May2025 18:52:20.761] [main/WARN] [net.minecraftforge.common.ForgeConfigSpec/CORE]: Incorrect key spawning.spectreSpawnWeight was corrected from null to its default, 10. 
[01May2025 18:52:20.762] [main/WARN] [net.minecraftforge.common.ForgeConfigSpec/CORE]: Incorrect key spawning.spectreSpawnRolls was corrected from null to its default, 5. 
[01May2025 18:52:20.762] [main/WARN] [net.minecraftforge.common.ForgeConfigSpec/CORE]: Incorrect key spawning.crowSpawnWeight was corrected from null to its default, 10. 
[01May2025 18:52:20.762] [main/WARN] [net.minecraftforge.common.ForgeConfigSpec/CORE]: Incorrect key spawning.crowSpawnRolls was corrected from null to its default, 0. 
[01May2025 18:52:20.762] [main/WARN] [net.minecraftforge.common.ForgeConfigSpec/CORE]: Incorrect key spawning.alligatorSnappingTurtleSpawnWeight was corrected from null to its default, 20. 
[01May2025 18:52:20.762] [main/WARN] [net.minecraftforge.common.ForgeConfigSpec/CORE]: Incorrect key spawning.alligatorSnappingTurtleSpawnRolls was corrected from null to its default, 1. 
[01May2025 18:52:20.762] [main/WARN] [net.minecraftforge.common.ForgeConfigSpec/CORE]: Incorrect key spawning.mungusSpawnWeight was corrected from null to its default, 4. 
[01May2025 18:52:20.763] [main/WARN] [net.minecraftforge.common.ForgeConfigSpec/CORE]: Incorrect key spawning.mungusSpawnRolls was corrected from null to its default, 1. 
[01May2025 18:52:20.763] [main/WARN] [net.minecraftforge.common.ForgeConfigSpec/CORE]: Incorrect key spawning.mantisShrimpSpawnWeight was corrected from null to its default, 15. 
[01May2025 18:52:20.763] [main/WARN] [net.minecraftforge.common.ForgeConfigSpec/CORE]: Incorrect key spawning.mantisShrimpSpawnRolls was corrected from null to its default, 0. 
[01May2025 18:52:20.763] [main/WARN] [net.minecraftforge.common.ForgeConfigSpec/CORE]: Incorrect key spawning.gusterSpawnWeight was corrected from null to its default, 35. 
[01May2025 18:52:20.763] [main/WARN] [net.minecraftforge.common.ForgeConfigSpec/CORE]: Incorrect key spawning.gusterSpawnRolls was corrected from null to its default, 0. 
[01May2025 18:52:20.763] [main/WARN] [net.minecraftforge.common.ForgeConfigSpec/CORE]: Incorrect key spawning.warpedMoscoSpawnWeight was corrected from null to its default, 1. 
[01May2025 18:52:20.764] [main/WARN] [net.minecraftforge.common.ForgeConfigSpec/CORE]: Incorrect key spawning.warpedMoscoSpawnRolls was corrected from null to its default, 1000. 
[01May2025 18:52:20.764] [main/WARN] [net.minecraftforge.common.ForgeConfigSpec/CORE]: Incorrect key spawning.straddlerSpawnWeight was corrected from null to its default, 70. 
[01May2025 18:52:20.764] [main/WARN] [net.minecraftforge.common.ForgeConfigSpec/CORE]: Incorrect key spawning.straddlerSpawnRolls was corrected from null to its default, 0. 
[01May2025 18:52:20.764] [main/WARN] [net.minecraftforge.common.ForgeConfigSpec/CORE]: Incorrect key spawning.stradpoleSpawnWeight was corrected from null to its default, 10. 
[01May2025 18:52:20.764] [main/WARN] [net.minecraftforge.common.ForgeConfigSpec/CORE]: Incorrect key spawning.stradpoleSpawnRolls was corrected from null to its default, 3. 
[01May2025 18:52:20.764] [main/WARN] [net.minecraftforge.common.ForgeConfigSpec/CORE]: Incorrect key spawning.emuSpawnWeight was corrected from null to its default, 20. 
[01May2025 18:52:20.764] [main/WARN] [net.minecraftforge.common.ForgeConfigSpec/CORE]: Incorrect key spawning.emuSpawnRolls was corrected from null to its default, 0. 
[01May2025 18:52:20.765] [main/WARN] [net.minecraftforge.common.ForgeConfigSpec/CORE]: Incorrect key spawning.platypusSpawnWeight was corrected from null to its default, 20. 
[01May2025 18:52:20.765] [main/WARN] [net.minecraftforge.common.ForgeConfigSpec/CORE]: Incorrect key spawning.platypusSpawnRolls was corrected from null to its default, 0. 
[01May2025 18:52:20.765] [main/WARN] [net.minecraftforge.common.ForgeConfigSpec/CORE]: Incorrect key spawning.dropbearSpawnWeight was corrected from null to its default, 19. 
[01May2025 18:52:20.765] [main/WARN] [net.minecraftforge.common.ForgeConfigSpec/CORE]: Incorrect key spawning.dropbearSpawnRolls was corrected from null to its default, 1. 
[01May2025 18:52:20.765] [main/WARN] [net.minecraftforge.common.ForgeConfigSpec/CORE]: Incorrect key spawning.tasmanianDevilSpawnWeight was corrected from null to its default, 10. 
[01May2025 18:52:20.765] [main/WARN] [net.minecraftforge.common.ForgeConfigSpec/CORE]: Incorrect key spawning.tasmanianDevilSpawnRolls was corrected from null to its default, 0. 
[01May2025 18:52:20.765] [main/WARN] [net.minecraftforge.common.ForgeConfigSpec/CORE]: Incorrect key spawning.kangarooSpawnWeight was corrected from null to its default, 25. 
[01May2025 18:52:20.766] [main/WARN] [net.minecraftforge.common.ForgeConfigSpec/CORE]: Incorrect key spawning.kangarooSpawnRolls was corrected from null to its default, 0. 
[01May2025 18:52:20.766] [main/WARN] [net.minecraftforge.common.ForgeConfigSpec/CORE]: Incorrect key spawning.cachalotWhaleSpawnWeight was corrected from null to its default, 2. 
[01May2025 18:52:20.766] [main/WARN] [net.minecraftforge.common.ForgeConfigSpec/CORE]: Incorrect key spawning.cachalotWhaleSpawnRolls was corrected from null to its default, 0. 
[01May2025 18:52:20.766] [main/WARN] [net.minecraftforge.common.ForgeConfigSpec/CORE]: Incorrect key spawning.enderiophageSpawnWeight was corrected from null to its default, 4. 
[01May2025 18:52:20.766] [main/WARN] [net.minecraftforge.common.ForgeConfigSpec/CORE]: Incorrect key spawning.enderiophageSpawnRolls was corrected from null to its default, 2. 
[01May2025 18:52:20.766] [main/WARN] [net.minecraftforge.common.ForgeConfigSpec/CORE]: Incorrect key spawning.baldEagleSpawnWeight was corrected from null to its default, 15. 
[01May2025 18:52:20.766] [main/WARN] [net.minecraftforge.common.ForgeConfigSpec/CORE]: Incorrect key spawning.baldEagleSpawnRolls was corrected from null to its default, 0. 
[01May2025 18:52:20.767] [main/WARN] [net.minecraftforge.common.ForgeConfigSpec/CORE]: Incorrect key spawning.tigerSpawnWeight was corrected from null to its default, 30. 
[01May2025 18:52:20.767] [main/WARN] [net.minecraftforge.common.ForgeConfigSpec/CORE]: Incorrect key spawning.tigerSpawnRolls was corrected from null to its default, 0. 
[01May2025 18:52:20.767] [main/WARN] [net.minecraftforge.common.ForgeConfigSpec/CORE]: Incorrect key spawning.tarantulaHawkSpawnWeight was corrected from null to its default, 6. 
[01May2025 18:52:20.767] [main/WARN] [net.minecraftforge.common.ForgeConfigSpec/CORE]: Incorrect key spawning.tarantulaHawkSpawnRolls was corrected from null to its default, 1. 
[01May2025 18:52:20.767] [main/WARN] [net.minecraftforge.common.ForgeConfigSpec/CORE]: Incorrect key spawning.voidWormSpawnWeight was corrected from null to its default, 0. 
[01May2025 18:52:20.767] [main/WARN] [net.minecraftforge.common.ForgeConfigSpec/CORE]: Incorrect key spawning.voidWormSpawnRolls was corrected from null to its default, 0. 
[01May2025 18:52:20.767] [main/WARN] [net.minecraftforge.common.ForgeConfigSpec/CORE]: Incorrect key spawning.frilledSharkSpawnWeight was corrected from null to its default, 11. 
[01May2025 18:52:20.767] [main/WARN] [net.minecraftforge.common.ForgeConfigSpec/CORE]: Incorrect key spawning.frilledSharkSpawnRolls was corrected from null to its default, 0. 
[01May2025 18:52:20.767] [main/WARN] [net.minecraftforge.common.ForgeConfigSpec/CORE]: Incorrect key spawning.mimicOctopusSpawnWeight was corrected from null to its default, 9. 
[01May2025 18:52:20.768] [main/WARN] [net.minecraftforge.common.ForgeConfigSpec/CORE]: Incorrect key spawning.mimicOctopusSpawnRolls was corrected from null to its default, 0. 
[01May2025 18:52:20.768] [main/WARN] [net.minecraftforge.common.ForgeConfigSpec/CORE]: Incorrect key spawning.seagullSpawnWeight was corrected from null to its default, 21. 
[01May2025 18:52:20.768] [main/WARN] [net.minecraftforge.common.ForgeConfigSpec/CORE]: Incorrect key spawning.seagullSpawnRolls was corrected from null to its default, 0. 
[01May2025 18:52:20.768] [main/WARN] [net.minecraftforge.common.ForgeConfigSpec/CORE]: Incorrect key spawning.froststalkerSpawnWeight was corrected from null to its default, 20. 
[01May2025 18:52:20.768] [main/WARN] [net.minecraftforge.common.ForgeConfigSpec/CORE]: Incorrect key spawning.froststalkerSpawnRolls was corrected from null to its default, 0. 
[01May2025 18:52:20.768] [main/WARN] [net.minecraftforge.common.ForgeConfigSpec/CORE]: Incorrect key spawning.tusklinSpawnWeight was corrected from null to its default, 18. 
[01May2025 18:52:20.768] [main/WARN] [net.minecraftforge.common.ForgeConfigSpec/CORE]: Incorrect key spawning.tusklinSpawnRolls was corrected from null to its default, 0. 
[01May2025 18:52:20.768] [main/WARN] [net.minecraftforge.common.ForgeConfigSpec/CORE]: Incorrect key spawning.laviathanSpawnWeight was corrected from null to its default, 15. 
[01May2025 18:52:20.768] [main/WARN] [net.minecraftforge.common.ForgeConfigSpec/CORE]: Incorrect key spawning.laviathanSpawnRolls was corrected from null to its default, 1. 
[01May2025 18:52:20.768] [main/WARN] [net.minecraftforge.common.ForgeConfigSpec/CORE]: Incorrect key spawning.cosmawSpawnWeight was corrected from null to its default, 9. 
[01May2025 18:52:20.768] [main/WARN] [net.minecraftforge.common.ForgeConfigSpec/CORE]: Incorrect key spawning.cosmawSpawnRolls was corrected from null to its default, 0. 
[01May2025 18:52:20.769] [main/WARN] [net.minecraftforge.common.ForgeConfigSpec/CORE]: Incorrect key spawning.toucanSpawnWeight was corrected from null to its default, 23. 
[01May2025 18:52:20.769] [main/WARN] [net.minecraftforge.common.ForgeConfigSpec/CORE]: Incorrect key spawning.toucanSpawnRolls was corrected from null to its default, 0. 
[01May2025 18:52:20.769] [main/WARN] [net.minecraftforge.common.ForgeConfigSpec/CORE]: Incorrect key spawning.manedWolfSpawnWeight was corrected from null to its default, 8. 
[01May2025 18:52:20.769] [main/WARN] [net.minecraftforge.common.ForgeConfigSpec/CORE]: Incorrect key spawning.manedWolfSpawnRolls was corrected from null to its default, 0. 
[01May2025 18:52:20.769] [main/WARN] [net.minecraftforge.common.ForgeConfigSpec/CORE]: Incorrect key spawning.anacondaSpawnWeight was corrected from null to its default, 12. 
[01May2025 18:52:20.769] [main/WARN] [net.minecraftforge.common.ForgeConfigSpec/CORE]: Incorrect key spawning.anacondaSpawnRolls was corrected from null to its default, 0. 
[01May2025 18:52:20.769] [main/WARN] [net.minecraftforge.common.ForgeConfigSpec/CORE]: Incorrect key spawning.anteaterSpawnWeight was corrected from null to its default, 7. 
[01May2025 18:52:20.769] [main/WARN] [net.minecraftforge.common.ForgeConfigSpec/CORE]: Incorrect key spawning.anteaterSpawnRolls was corrected from null to its default, 0. 
[01May2025 18:52:20.770] [main/WARN] [net.minecraftforge.common.ForgeConfigSpec/CORE]: Incorrect key spawning.rockyRollerSpawnWeight was corrected from null to its default, 60. 
[01May2025 18:52:20.770] [main/WARN] [net.minecraftforge.common.ForgeConfigSpec/CORE]: Incorrect key spawning.rockyRollerSpawnRolls was corrected from null to its default, 0. 
[01May2025 18:52:20.770] [main/WARN] [net.minecraftforge.common.ForgeConfigSpec/CORE]: Incorrect key spawning.flutterSpawnWeight was corrected from null to its default, 13. 
[01May2025 18:52:20.770] [main/WARN] [net.minecraftforge.common.ForgeConfigSpec/CORE]: Incorrect key spawning.flutterSpawnRolls was corrected from null to its default, 0. 
[01May2025 18:52:20.770] [main/WARN] [net.minecraftforge.common.ForgeConfigSpec/CORE]: Incorrect key spawning.geladaMonkeySpawnWeight was corrected from null to its default, 5. 
[01May2025 18:52:20.770] [main/WARN] [net.minecraftforge.common.ForgeConfigSpec/CORE]: Incorrect key spawning.geladaMonkeySpawnRolls was corrected from null to its default, 0. 
[01May2025 18:52:20.770] [main/WARN] [net.minecraftforge.common.ForgeConfigSpec/CORE]: Incorrect key spawning.jerboaSpawnWeight was corrected from null to its default, 12. 
[01May2025 18:52:20.770] [main/WARN] [net.minecraftforge.common.ForgeConfigSpec/CORE]: Incorrect key spawning.jerboaSpawnRolls was corrected from null to its default, 2. 
[01May2025 18:52:20.771] [main/WARN] [net.minecraftforge.common.ForgeConfigSpec/CORE]: Incorrect key spawning.terrapinSpawnWeight was corrected from null to its default, 4. 
[01May2025 18:52:20.771] [main/WARN] [net.minecraftforge.common.ForgeConfigSpec/CORE]: Incorrect key spawning.terrapinSpawnRolls was corrected from null to its default, 0. 
[01May2025 18:52:20.771] [main/WARN] [net.minecraftforge.common.ForgeConfigSpec/CORE]: Incorrect key spawning.combJellySpawnWeight was corrected from null to its default, 5. 
[01May2025 18:52:20.771] [main/WARN] [net.minecraftforge.common.ForgeConfigSpec/CORE]: Incorrect key spawning.combJellySpawnRolls was corrected from null to its default, 1. 
[01May2025 18:52:20.771] [main/WARN] [net.minecraftforge.common.ForgeConfigSpec/CORE]: Incorrect key spawning.cosmicCodSpawnWeight was corrected from null to its default, 5. 
[01May2025 18:52:20.771] [main/WARN] [net.minecraftforge.common.ForgeConfigSpec/CORE]: Incorrect key spawning.cosmicCodSpawnRolls was corrected from null to its default, 0. 
[01May2025 18:52:20.771] [main/WARN] [net.minecraftforge.common.ForgeConfigSpec/CORE]: Incorrect key spawning.bunfungusSpawnWeight was corrected from null to its default, 3. 
[01May2025 18:52:20.772] [main/WARN] [net.minecraftforge.common.ForgeConfigSpec/CORE]: Incorrect key spawning.bunfungusSpawnRolls was corrected from null to its default, 0. 
[01May2025 18:52:20.772] [main/WARN] [net.minecraftforge.common.ForgeConfigSpec/CORE]: Incorrect key spawning.bisonSpawnWeight was corrected from null to its default, 9. 
[01May2025 18:52:20.772] [main/WARN] [net.minecraftforge.common.ForgeConfigSpec/CORE]: Incorrect key spawning.bisonSpawnRolls was corrected from null to its default, 0. 
[01May2025 18:52:20.772] [main/WARN] [net.minecraftforge.common.ForgeConfigSpec/CORE]: Incorrect key spawning.giantSquidSpawnWeight was corrected from null to its default, 3. 
[01May2025 18:52:20.772] [main/WARN] [net.minecraftforge.common.ForgeConfigSpec/CORE]: Incorrect key spawning.giantSquidSpawnRolls was corrected from null to its default, 0. 
[01May2025 18:52:20.772] [main/WARN] [net.minecraftforge.common.ForgeConfigSpec/CORE]: Incorrect key spawning.devilsHolePupfishSpawnWeight was corrected from null to its default, 23. 
[01May2025 18:52:20.773] [main/WARN] [net.minecraftforge.common.ForgeConfigSpec/CORE]: Incorrect key spawning.devilsHolePupfishSpawnRolls was corrected from null to its default, 0. 
[01May2025 18:52:20.773] [main/WARN] [net.minecraftforge.common.ForgeConfigSpec/CORE]: Incorrect key spawning.catfishSpawnWeight was corrected from null to its default, 4. 
[01May2025 18:52:20.773] [main/WARN] [net.minecraftforge.common.ForgeConfigSpec/CORE]: Incorrect key spawning.catfishSpawnRolls was corrected from null to its default, 2. 
[01May2025 18:52:20.773] [main/WARN] [net.minecraftforge.common.ForgeConfigSpec/CORE]: Incorrect key spawning.flyingFishSpawnWeight was corrected from null to its default, 8. 
[01May2025 18:52:20.773] [main/WARN] [net.minecraftforge.common.ForgeConfigSpec/CORE]: Incorrect key spawning.flyingFishSpawnRolls was corrected from null to its default, 0. 
[01May2025 18:52:20.773] [main/WARN] [net.minecraftforge.common.ForgeConfigSpec/CORE]: Incorrect key spawning.skelewagSpawnWeight was corrected from null to its default, 15. 
[01May2025 18:52:20.773] [main/WARN] [net.minecraftforge.common.ForgeConfigSpec/CORE]: Incorrect key spawning.skelewagSpawnRolls was corrected from null to its default, 0. 
[01May2025 18:52:20.774] [main/WARN] [net.minecraftforge.common.ForgeConfigSpec/CORE]: Incorrect key spawning.rainFrogSpawnWeight was corrected from null to its default, 10. 
[01May2025 18:52:20.774] [main/WARN] [net.minecraftforge.common.ForgeConfigSpec/CORE]: Incorrect key spawning.rainFrogSpawnRolls was corrected from null to its default, 0. 
[01May2025 18:52:20.774] [main/WARN] [net.minecraftforge.common.ForgeConfigSpec/CORE]: Incorrect key spawning.potooSpawnWeight was corrected from null to its default, 15. 
[01May2025 18:52:20.774] [main/WARN] [net.minecraftforge.common.ForgeConfigSpec/CORE]: Incorrect key spawning.potooSpawnRolls was corrected from null to its default, 0. 
[01May2025 18:52:20.774] [main/WARN] [net.minecraftforge.common.ForgeConfigSpec/CORE]: Incorrect key spawning.mudskipperSpawnWeight was corrected from null to its default, 28. 
[01May2025 18:52:20.774] [main/WARN] [net.minecraftforge.common.ForgeConfigSpec/CORE]: Incorrect key spawning.mudskipperSpawnRolls was corrected from null to its default, 0. 
[01May2025 18:52:20.775] [main/WARN] [net.minecraftforge.common.ForgeConfigSpec/CORE]: Incorrect key spawning.rhinocerosSpawnWeight was corrected from null to its default, 24. 
[01May2025 18:52:20.775] [main/WARN] [net.minecraftforge.common.ForgeConfigSpec/CORE]: Incorrect key spawning.rhinocerosSpawnRolls was corrected from null to its default, 0. 
[01May2025 18:52:20.775] [main/WARN] [net.minecraftforge.common.ForgeConfigSpec/CORE]: Incorrect key spawning.sugarGliderSpawnWeight was corrected from null to its default, 15. 
[01May2025 18:52:20.775] [main/WARN] [net.minecraftforge.common.ForgeConfigSpec/CORE]: Incorrect key spawning.sugarGliderSpawnRolls was corrected from null to its default, 0. 
[01May2025 18:52:20.775] [main/WARN] [net.minecraftforge.common.ForgeConfigSpec/CORE]: Incorrect key spawning.farseerSpawnWeight was corrected from null to its default, 30. 
[01May2025 18:52:20.775] [main/WARN] [net.minecraftforge.common.ForgeConfigSpec/CORE]: Incorrect key spawning.farseerSpawnRolls was corrected from null to its default, 0. 
[01May2025 18:52:20.775] [main/WARN] [net.minecraftforge.common.ForgeConfigSpec/CORE]: Incorrect key spawning.skreecherSpawnWeight was corrected from null to its default, 10. 
[01May2025 18:52:20.776] [main/WARN] [net.minecraftforge.common.ForgeConfigSpec/CORE]: Incorrect key spawning.skreecherSpawnRolls was corrected from null to its default, 1. 
[01May2025 18:52:20.776] [main/WARN] [net.minecraftforge.common.ForgeConfigSpec/CORE]: Incorrect key spawning.underminerSpawnWeight was corrected from null to its default, 50. 
[01May2025 18:52:20.776] [main/WARN] [net.minecraftforge.common.ForgeConfigSpec/CORE]: Incorrect key spawning.underminerSpawnRolls was corrected from null to its default, 1. 
[01May2025 18:52:20.776] [main/WARN] [net.minecraftforge.common.ForgeConfigSpec/CORE]: Incorrect key spawning.murmurSpawnWeight was corrected from null to its default, 5. 
[01May2025 18:52:20.776] [main/WARN] [net.minecraftforge.common.ForgeConfigSpec/CORE]: Incorrect key spawning.murmurSpawnRolls was corrected from null to its default, 1. 
[01May2025 18:52:20.776] [main/WARN] [net.minecraftforge.common.ForgeConfigSpec/CORE]: Incorrect key spawning.skunkSpawnWeight was corrected from null to its default, 7. 
[01May2025 18:52:20.777] [main/WARN] [net.minecraftforge.common.ForgeConfigSpec/CORE]: Incorrect key spawning.skunkSpawnRolls was corrected from null to its default, 0. 
[01May2025 18:52:20.777] [main/WARN] [net.minecraftforge.common.ForgeConfigSpec/CORE]: Incorrect key spawning.bananaSlugSpawnWeight was corrected from null to its default, 14. 
[01May2025 18:52:20.777] [main/WARN] [net.minecraftforge.common.ForgeConfigSpec/CORE]: Incorrect key spawning.bananaSlugSpawnRolls was corrected from null to its default, 0. 
[01May2025 18:52:20.777] [main/WARN] [net.minecraftforge.common.ForgeConfigSpec/CORE]: Incorrect key spawning.blueJaySpawnWeight was corrected from null to its default, 16. 
[01May2025 18:52:20.777] [main/WARN] [net.minecraftforge.common.ForgeConfigSpec/CORE]: Incorrect key spawning.blueJaySpawnRolls was corrected from null to its default, 0. 
[01May2025 18:52:20.777] [main/WARN] [net.minecraftforge.common.ForgeConfigSpec/CORE]: Incorrect key spawning.caimanSpawnWeight was corrected from null to its default, 29. 
[01May2025 18:52:20.777] [main/WARN] [net.minecraftforge.common.ForgeConfigSpec/CORE]: Incorrect key spawning.caimanSpawnRolls was corrected from null to its default, 0. 
[01May2025 18:52:20.777] [main/WARN] [net.minecraftforge.common.ForgeConfigSpec/CORE]: Incorrect key spawning.triopsSpawnWeight was corrected from null to its default, 8. 
[01May2025 18:52:20.778] [main/WARN] [net.minecraftforge.common.ForgeConfigSpec/CORE]: Incorrect key spawning.triopsSpawnRolls was corrected from null to its default, 0. 
[01May2025 18:52:20.780] [main/WARN] [net.minecraftforge.common.ForgeConfigSpec/CORE]: Incorrect key uniqueSpawning was corrected from null to its default, SimpleCommentedConfig:{}. 
[01May2025 18:52:20.780] [main/WARN] [net.minecraftforge.common.ForgeConfigSpec/CORE]: Incorrect key uniqueSpawning.caveCentipedeSpawnHeight was corrected from null to its default, 0. 
[01May2025 18:52:20.781] [main/WARN] [net.minecraftforge.common.ForgeConfigSpec/CORE]: Incorrect key uniqueSpawning.blobfishSpawnHeight was corrected from null to its default, 25. 
[01May2025 18:52:20.781] [main/WARN] [net.minecraftforge.common.ForgeConfigSpec/CORE]: Incorrect key uniqueSpawning.beachedCachalotWhales was corrected from null to its default, true. 
[01May2025 18:52:20.781] [main/WARN] [net.minecraftforge.common.ForgeConfigSpec/CORE]: Incorrect key uniqueSpawning.beachedCachalotWhaleSpawnChance was corrected from null to its default, 5. 
[01May2025 18:52:20.781] [main/WARN] [net.minecraftforge.common.ForgeConfigSpec/CORE]: Incorrect key uniqueSpawning.beachedCachalotWhaleSpawnDelay was corrected from null to its default, 24000. 
[01May2025 18:52:20.781] [main/WARN] [net.minecraftforge.common.ForgeConfigSpec/CORE]: Incorrect key uniqueSpawning.leafcutterAnthillSpawnChance was corrected from null to its default, 0.004999999888241291. 
[01May2025 18:52:20.781] [main/WARN] [net.minecraftforge.common.ForgeConfigSpec/CORE]: Incorrect key uniqueSpawning.geladaMonkeySpawnRolls was corrected from null to its default, 0. 
[01May2025 18:52:20.781] [main/WARN] [net.minecraftforge.common.ForgeConfigSpec/CORE]: Incorrect key uniqueSpawning.restrictPupfishSpawns was corrected from null to its default, true. 
[01May2025 18:52:20.781] [main/WARN] [net.minecraftforge.common.ForgeConfigSpec/CORE]: Incorrect key uniqueSpawning.pupfishChunkSpawnDistance was corrected from null to its default, 2000. 
[01May2025 18:52:20.781] [main/WARN] [net.minecraftforge.common.ForgeConfigSpec/CORE]: Incorrect key uniqueSpawning.restrictSkelewagSpawns was corrected from null to its default, true. 
[01May2025 18:52:20.781] [main/WARN] [net.minecraftforge.common.ForgeConfigSpec/CORE]: Incorrect key uniqueSpawning.restrictFarseerSpawns was corrected from null to its default, true. 
[01May2025 18:52:20.781] [main/WARN] [net.minecraftforge.common.ForgeConfigSpec/CORE]: Incorrect key uniqueSpawning.restrictUnderminerSpawns was corrected from null to its default, true. 
[01May2025 18:52:20.782] [main/WARN] [net.minecraftforge.common.ForgeConfigSpec/CORE]: Incorrect key uniqueSpawning.farseerBorderSpawnDistance was corrected from null to its default, 100. 
[01May2025 18:52:20.782] [main/WARN] [net.minecraftforge.common.ForgeConfigSpec/CORE]: Incorrect key uniqueSpawning.murmurSpawnHeight was corrected from null to its default, -30. 
[01May2025 18:52:20.784] [main/WARN] [net.minecraftforge.common.ForgeConfigSpec/CORE]: Incorrect key dangerZone was corrected from null to its default, SimpleCommentedConfig:{}. 
[01May2025 18:52:20.785] [main/WARN] [net.minecraftforge.common.ForgeConfigSpec/CORE]: Incorrect key dangerZone.superSecretSettings was corrected from null to its default, false. 
[01May2025 18:52:20.785] [main/WARN] [net.minecraftforge.common.ForgeConfigSpec/CORE]: Incorrect key dangerZone.pathfindingThreads was corrected from null to its default, 5. 
[01May2025 18:52:20.847] [main/WARN] [net.minecraftforge.common.ForgeConfigSpec/CORE]: Configuration file /workspaces/Gamers/servidor_minecraft/config/balm-common.toml is not correct. Correcting
[01May2025 18:52:20.847] [main/WARN] [net.minecraftforge.common.ForgeConfigSpec/CORE]: Incorrect key exampleBoolean was corrected from null to its default, true. 
[01May2025 18:52:20.848] [main/WARN] [net.minecraftforge.common.ForgeConfigSpec/CORE]: Incorrect key exampleInt was corrected from null to its default, 42. 
[01May2025 18:52:20.849] [main/WARN] [net.minecraftforge.common.ForgeConfigSpec/CORE]: Incorrect key exampleString was corrected from null to its default, Hello World. 
[01May2025 18:52:20.849] [main/WARN] [net.minecraftforge.common.ForgeConfigSpec/CORE]: Incorrect key exampleMultilineString was corrected from null to its default, Hello World. 
[01May2025 18:52:20.850] [main/WARN] [net.minecraftforge.common.ForgeConfigSpec/CORE]: Incorrect key exampleEnum was corrected from null to its default, Hello. 
[01May2025 18:52:20.851] [main/WARN] [net.minecraftforge.common.ForgeConfigSpec/CORE]: Incorrect key exampleStringList was corrected from null to its default, [Hello, World]. 
[01May2025 18:52:20.851] [main/WARN] [net.minecraftforge.common.ForgeConfigSpec/CORE]: Incorrect key exampleIntList was corrected from null to its default, [12, 24]. 
[01May2025 18:52:20.852] [main/WARN] [net.minecraftforge.common.ForgeConfigSpec/CORE]: Incorrect key exampleEnumList was corrected from null to its default, [Hello, World]. 
[01May2025 18:52:20.852] [main/WARN] [net.minecraftforge.common.ForgeConfigSpec/CORE]: Incorrect key exampleCategory was corrected from null to its default, SimpleCommentedConfig:{}. 
[01May2025 18:52:20.852] [main/WARN] [net.minecraftforge.common.ForgeConfigSpec/CORE]: Incorrect key exampleCategory.innerField was corrected from null to its default, I am inside. 
[01May2025 18:52:20.852] [main/WARN] [net.minecraftforge.common.ForgeConfigSpec/CORE]: Incorrect key exampleCategory.exampleFloat was corrected from null to its default, 42.84000015258789. 
[01May2025 18:52:20.854] [main/WARN] [net.minecraftforge.common.ForgeConfigSpec/CORE]: Configuration file /workspaces/Gamers/servidor_minecraft/config/simplecorelib-common.toml is not correct. Correcting
[01May2025 18:52:20.855] [main/WARN] [net.minecraftforge.common.ForgeConfigSpec/CORE]: Incorrect key General was corrected from null to its default, SimpleCommentedConfig:{}. 
[01May2025 18:52:20.855] [main/WARN] [net.minecraftforge.common.ForgeConfigSpec/CORE]: Incorrect key General.TestShearDurability was corrected from null to its default, 1500. 
[01May2025 18:52:20.857] [main/WARN] [net.minecraftforge.common.ForgeConfigSpec/CORE]: Configuration file /workspaces/Gamers/servidor_minecraft/config/curios-common.toml is not correct. Correcting
[01May2025 18:52:20.858] [main/WARN] [net.minecraftforge.common.ForgeConfigSpec/CORE]: Incorrect key slots was corrected from null to its default, []. 
[01May2025 18:52:20.859] [main/WARN] [net.minecraftforge.common.ForgeConfigSpec/CORE]: Configuration file /workspaces/Gamers/servidor_minecraft/config/tombstone-common.toml is not correct. Correcting
[01May2025 18:52:20.860] [main/WARN] [net.minecraftforge.common.ForgeConfigSpec/CORE]: Incorrect key player_death was corrected from null to its default, SimpleCommentedConfig:{}. 
[01May2025 18:52:20.860] [main/WARN] [net.minecraftforge.common.ForgeConfigSpec/CORE]: Incorrect key player_death.pvp_unlock_grave was corrected from null to its default, true. 
[01May2025 18:52:20.860] [main/WARN] [net.minecraftforge.common.ForgeConfigSpec/CORE]: Incorrect key player_death.restore_effects_on_death was corrected from null to its default, false. 
[01May2025 18:52:20.861] [main/WARN] [net.minecraftforge.common.ForgeConfigSpec/CORE]: Incorrect key player_death.loss_on_death_only_for_abandoned_grave was corrected from null to its default, true. 
[01May2025 18:52:20.861] [main/WARN] [net.minecraftforge.common.ForgeConfigSpec/CORE]: Incorrect key player_death.loss_on_death_only_for_stackable_items was corrected from null to its default, true. 
[01May2025 18:52:20.861] [main/WARN] [net.minecraftforge.common.ForgeConfigSpec/CORE]: Incorrect key player_death.prevent_death_outside_world_border was corrected from null to its default, true. 
[01May2025 18:52:20.861] [main/WARN] [net.minecraftforge.common.ForgeConfigSpec/CORE]: Incorrect key player_death.prevent_death_outside_build_height was corrected from null to its default, false. 
[01May2025 18:52:20.861] [main/WARN] [net.minecraftforge.common.ForgeConfigSpec/CORE]: Incorrect key player_death.allow_to_fill_existing_grave was corrected from null to its default, true. 
[01May2025 18:52:20.861] [main/WARN] [net.minecraftforge.common.ForgeConfigSpec/CORE]: Incorrect key player_death.nerf_ghostly_shape_teleport_with_key was corrected from null to its default, true. 
[01May2025 18:52:20.862] [main/WARN] [net.minecraftforge.common.ForgeConfigSpec/CORE]: Incorrect key player_death.sniffer_range was corrected from null to its default, 5. 
[01May2025 18:52:20.862] [main/WARN] [net.minecraftforge.common.ForgeConfigSpec/CORE]: Incorrect key player_death.chance_mob_on_grave_recovery was corrected from null to its default, 0. 
[01May2025 18:52:20.862] [main/WARN] [net.minecraftforge.common.ForgeConfigSpec/CORE]: Incorrect key player_death.pvp_stolen_xp was corrected from null to its default, 30. 
[01May2025 18:52:20.862] [main/WARN] [net.minecraftforge.common.ForgeConfigSpec/CORE]: Incorrect key player_death.chance_loss_on_death was corrected from null to its default, 0. 
[01May2025 18:52:20.862] [main/WARN] [net.minecraftforge.common.ForgeConfigSpec/CORE]: Incorrect key player_death.percent_loss_on_death was corrected from null to its default, 0. 
[01May2025 18:52:20.862] [main/WARN] [net.minecraftforge.common.ForgeConfigSpec/CORE]: Incorrect key player_death.no_grave_dimension was corrected from null to its default, []. 
[01May2025 18:52:20.863] [main/WARN] [net.minecraftforge.common.ForgeConfigSpec/CORE]: Incorrect key alignment was corrected from null to its default, SimpleCommentedConfig:{}. 
[01May2025 18:52:20.863] [main/WARN] [net.minecraftforge.common.ForgeConfigSpec/CORE]: Incorrect key alignment.points_free_soul_receptacle was corrected from null to its default, 50. 
[01May2025 18:52:20.864] [main/WARN] [net.minecraftforge.common.ForgeConfigSpec/CORE]: Incorrect key alignment.points_plunder_player_grave was corrected from null to its default, -10. 
[01May2025 18:52:20.864] [main/WARN] [net.minecraftforge.common.ForgeConfigSpec/CORE]: Incorrect key alignment.points_exorcism_zombie_villager was corrected from null to its default, 20. 
[01May2025 18:52:20.864] [main/WARN] [net.minecraftforge.common.ForgeConfigSpec/CORE]: Incorrect key alignment.points_zombify_villager was corrected from null to its default, -20. 
[01May2025 18:52:20.864] [main/WARN] [net.minecraftforge.common.ForgeConfigSpec/CORE]: Incorrect key alignment.points_kill_decreasing_alignment was corrected from null to its default, -10. 
[01May2025 18:52:20.864] [main/WARN] [net.minecraftforge.common.ForgeConfigSpec/CORE]: Incorrect key alignment.points_kill_increasing_alignment was corrected from null to its default, 10. 
[01May2025 18:52:20.864] [main/WARN] [net.minecraftforge.common.ForgeConfigSpec/CORE]: Incorrect key alignment.points_tablet_of_cupidity was corrected from null to its default, -10. 
[01May2025 18:52:20.865] [main/WARN] [net.minecraftforge.common.ForgeConfigSpec/CORE]: Incorrect key alignment.points_pray_of_protection was corrected from null to its default, 20. 
[01May2025 18:52:20.865] [main/WARN] [net.minecraftforge.common.ForgeConfigSpec/CORE]: Incorrect key alignment.points_earthly_garden was corrected from null to its default, 10. 
[01May2025 18:52:20.865] [main/WARN] [net.minecraftforge.common.ForgeConfigSpec/CORE]: Incorrect key alignment.points_kill_tamed_creature was corrected from null to its default, -10. 
[01May2025 18:52:20.866] [main/WARN] [net.minecraftforge.common.ForgeConfigSpec/CORE]: Incorrect key general was corrected from null to its default, SimpleCommentedConfig:{}. 
[01May2025 18:52:20.866] [main/WARN] [net.minecraftforge.common.ForgeConfigSpec/CORE]: Incorrect key general.teleport_dim was corrected from null to its default, true. 
[01May2025 18:52:20.866] [main/WARN] [net.minecraftforge.common.ForgeConfigSpec/CORE]: Incorrect key general.knowledge_reduce_phantom_spawn was corrected from null to its default, true. 
[01May2025 18:52:20.867] [main/WARN] [net.minecraftforge.common.ForgeConfigSpec/CORE]: Incorrect key general.time_for_phantom_spawn was corrected from null to its default, 72000. 
[01May2025 18:52:20.867] [main/WARN] [net.minecraftforge.common.ForgeConfigSpec/CORE]: Incorrect key general.cooldown_request_teleport was corrected from null to its default, -1. 
[01May2025 18:52:20.867] [main/WARN] [net.minecraftforge.common.ForgeConfigSpec/CORE]: Incorrect key general.cooldown_teleport_death was corrected from null to its default, -1. 
[01May2025 18:52:20.867] [main/WARN] [net.minecraftforge.common.ForgeConfigSpec/CORE]: Incorrect key general.unhandled_beneficial_effects was corrected from null to its default, [astralsorcery:potiontimefreeze]. 
[01May2025 18:52:20.867] [main/WARN] [net.minecraftforge.common.ForgeConfigSpec/CORE]: Incorrect key general.unhandled_harmful_effects was corrected from null to its default, [minecraft:nausea]. 
[01May2025 18:52:20.867] [main/WARN] [net.minecraftforge.common.ForgeConfigSpec/CORE]: Incorrect key general.easter_egg_spawn_rarity was corrected from null to its default, 5000. 
[01May2025 18:52:20.868] [main/WARN] [net.minecraftforge.common.ForgeConfigSpec/CORE]: Incorrect key general.decrepitude_max_damage was corrected from null to its default, 2147483647. 
[01May2025 18:52:20.869] [main/WARN] [net.minecraftforge.common.ForgeConfigSpec/CORE]: Incorrect key village_siege was corrected from null to its default, SimpleCommentedConfig:{}. 
[01May2025 18:52:20.869] [main/WARN] [net.minecraftforge.common.ForgeConfigSpec/CORE]: Incorrect key village_siege.handle_village_siege was corrected from null to its default, true. 
[01May2025 18:52:20.869] [main/WARN] [net.minecraftforge.common.ForgeConfigSpec/CORE]: Incorrect key village_siege.log_siege_state was corrected from null to its default, false. 
[01May2025 18:52:20.869] [main/WARN] [net.minecraftforge.common.ForgeConfigSpec/CORE]: Incorrect key village_siege.glowing_creature_test was corrected from null to its default, false. 
[01May2025 18:52:20.869] [main/WARN] [net.minecraftforge.common.ForgeConfigSpec/CORE]: Incorrect key village_siege.allow_creative_players_for_siege was corrected from null to its default, true. 
[01May2025 18:52:20.869] [main/WARN] [net.minecraftforge.common.ForgeConfigSpec/CORE]: Incorrect key village_siege.undead_wear_helm_in_siege was corrected from null to its default, false. 
[01May2025 18:52:20.870] [main/WARN] [net.minecraftforge.common.ForgeConfigSpec/CORE]: Incorrect key village_siege.persistent_mob_in_siege was corrected from null to its default, false. 
[01May2025 18:52:20.870] [main/WARN] [net.minecraftforge.common.ForgeConfigSpec/CORE]: Incorrect key village_siege.shuffle_players_for_siege was corrected from null to its default, true. 
[01May2025 18:52:20.870] [main/WARN] [net.minecraftforge.common.ForgeConfigSpec/CORE]: Incorrect key village_siege.siege_chance was corrected from null to its default, 10. 
[01May2025 18:52:20.870] [main/WARN] [net.minecraftforge.common.ForgeConfigSpec/CORE]: Incorrect key village_siege.siege_max_creature was corrected from null to its default, 20. 
[01May2025 18:52:20.870] [main/WARN] [net.minecraftforge.common.ForgeConfigSpec/CORE]: Incorrect key village_siege.delay_siege_test was corrected from null to its default, 200. 
[01May2025 18:52:20.871] [main/WARN] [net.minecraftforge.common.ForgeConfigSpec/CORE]: Incorrect key magic_item was corrected from null to its default, SimpleCommentedConfig:{}. 
[01May2025 18:52:20.872] [main/WARN] [net.minecraftforge.common.ForgeConfigSpec/CORE]: Incorrect key magic_item.can_recycle_damaged_item was corrected from null to its default, true. 
[01May2025 18:52:20.872] [main/WARN] [net.minecraftforge.common.ForgeConfigSpec/CORE]: Incorrect key magic_item.denied_item_to_recycle was corrected from null to its default, []. 
[01May2025 18:52:20.872] [main/WARN] [net.minecraftforge.common.ForgeConfigSpec/CORE]: Incorrect key magic_item.can_disenchant_enchanted_book was corrected from null to its default, false. 
[01May2025 18:52:20.872] [main/WARN] [net.minecraftforge.common.ForgeConfigSpec/CORE]: Incorrect key magic_item.lost_tablet_search_outside_world was corrected from null to its default, true. 
[01May2025 18:52:20.872] [main/WARN] [net.minecraftforge.common.ForgeConfigSpec/CORE]: Incorrect key magic_item.lost_tablet_modded_structure was corrected from null to its default, true. 
[01May2025 18:52:20.872] [main/WARN] [net.minecraftforge.common.ForgeConfigSpec/CORE]: Incorrect key magic_item.lost_tablet_denied_structures was corrected from null to its default, []. 
[01May2025 18:52:20.873] [main/WARN] [net.minecraftforge.common.ForgeConfigSpec/CORE]: Incorrect key magic_item.lost_tablet_denied_worlds was corrected from null to its default, []. 
[01May2025 18:52:20.873] [main/WARN] [net.minecraftforge.common.ForgeConfigSpec/CORE]: Incorrect key magic_item.duration_voodoo_poppet_effects was corrected from null to its default, 60. 
[01May2025 18:52:20.874] [main/WARN] [net.minecraftforge.common.ForgeConfigSpec/CORE]: Incorrect key decorative_grave was corrected from null to its default, SimpleCommentedConfig:{}. 
[01May2025 18:52:20.874] [main/WARN] [net.minecraftforge.common.ForgeConfigSpec/CORE]: Incorrect key decorative_grave.can_replace_grave_plate was corrected from null to its default, true. 
[01May2025 18:52:20.874] [main/WARN] [net.minecraftforge.common.ForgeConfigSpec/CORE]: Incorrect key decorative_grave.allow_grave_gardian was corrected from null to its default, true. 
[01May2025 18:52:20.874] [main/WARN] [net.minecraftforge.common.ForgeConfigSpec/CORE]: Incorrect key decorative_grave.distance_between_grave_guardian was corrected from null to its default, 100. 
[01May2025 18:52:20.875] [main/WARN] [net.minecraftforge.common.ForgeConfigSpec/CORE]: Incorrect key decorative_grave.restock_time_grave_guardian was corrected from null to its default, 60. 
[01May2025 18:52:20.875] [main/WARN] [net.minecraftforge.common.ForgeConfigSpec/CORE]: Incorrect key decorative_grave.time_soul was corrected from null to its default, 30. 
[01May2025 18:52:20.875] [main/WARN] [net.minecraftforge.common.ForgeConfigSpec/CORE]: Incorrect key decorative_grave.chance_soul was corrected from null to its default, 100. 
[01May2025 18:52:20.875] [main/WARN] [net.minecraftforge.common.ForgeConfigSpec/CORE]: Incorrect key decorative_grave.chance_pray_reward was corrected from null to its default, 30. 
[01May2025 18:52:20.876] [main/WARN] [net.minecraftforge.common.ForgeConfigSpec/CORE]: Incorrect key recovery was corrected from null to its default, SimpleCommentedConfig:{}. 
[01May2025 18:52:20.876] [main/WARN] [net.minecraftforge.common.ForgeConfigSpec/CORE]: Incorrect key recovery.recovery_player_enable was corrected from null to its default, true. 
[01May2025 18:52:20.877] [main/WARN] [net.minecraftforge.common.ForgeConfigSpec/CORE]: Incorrect key recovery.backup_on_death was corrected from null to its default, true. 
[01May2025 18:52:20.877] [main/WARN] [net.minecraftforge.common.ForgeConfigSpec/CORE]: Incorrect key recovery.recovery_player_timer was corrected from null to its default, 19. 
[01May2025 18:52:20.877] [main/WARN] [net.minecraftforge.common.ForgeConfigSpec/CORE]: Incorrect key recovery.recovery_player_max_saves was corrected from null to its default, 15. 
[01May2025 18:52:20.877] [main/WARN] [net.minecraftforge.common.ForgeConfigSpec/CORE]: Incorrect key recovery.log_auto_backup was corrected from null to its default, false. 
[01May2025 18:52:20.878] [main/WARN] [net.minecraftforge.common.ForgeConfigSpec/CORE]: Incorrect key loot was corrected from null to its default, SimpleCommentedConfig:{}. 
[01May2025 18:52:20.878] [main/WARN] [net.minecraftforge.common.ForgeConfigSpec/CORE]: Incorrect key loot.max_xp_lost_page was corrected from null to its default, 2000. 
[01May2025 18:52:20.879] [main/WARN] [net.minecraftforge.common.ForgeConfigSpec/CORE]: Incorrect key loot.denied_modid_for_equipment was corrected from null to its default, [tombstone]. 
[01May2025 18:52:20.881] [main/WARN] [net.minecraftforge.common.ForgeConfigSpec/CORE]: Incorrect key compatibility was corrected from null to its default, SimpleCommentedConfig:{}. 
[01May2025 18:52:20.881] [main/WARN] [net.minecraftforge.common.ForgeConfigSpec/CORE]: Incorrect key compatibility.curio_auto_equip was corrected from null to its default, true. 
[01May2025 18:52:20.881] [main/WARN] [net.minecraftforge.common.ForgeConfigSpec/CORE]: Incorrect key compatibility.curio_bundle_support was corrected from null to its default, true. 
[01May2025 18:52:20.881] [main/WARN] [net.minecraftforge.common.ForgeConfigSpec/CORE]: Incorrect key compatibility.curio_magic_book_support was corrected from null to its default, true. 
[01May2025 18:52:20.882] [main/WARN] [net.minecraftforge.common.ForgeConfigSpec/CORE]: Incorrect key compatibility.keep_cosmetic_armor was corrected from null to its default, true. 
[01May2025 18:52:20.882] [main/WARN] [net.minecraftforge.common.ForgeConfigSpec/CORE]: Incorrect key compatibility.preserve_effects_on_return_end_conquered was corrected from null to its default, true. 
[01May2025 18:52:20.884] [main/WARN] [net.minecraftforge.common.ForgeConfigSpec/CORE]: Incorrect key special_events was corrected from null to its default, SimpleCommentedConfig:{}. 
[01May2025 18:52:20.884] [main/WARN] [net.minecraftforge.common.ForgeConfigSpec/CORE]: Incorrect key special_events.allow_halloween was corrected from null to its default, true. 
[01May2025 18:52:20.884] [main/WARN] [net.minecraftforge.common.ForgeConfigSpec/CORE]: Incorrect key special_events.allow_christmas was corrected from null to its default, true. 
[01May2025 18:52:20.885] [main/WARN] [net.minecraftforge.common.ForgeConfigSpec/CORE]: Incorrect key special_events.allow_easter was corrected from null to its default, true. 
[01May2025 18:52:20.885] [main/WARN] [net.minecraftforge.common.ForgeConfigSpec/CORE]: Incorrect key special_events.allow_april_fools was corrected from null to its default, true. 
[01May2025 18:52:20.888] [main/WARN] [net.minecraftforge.common.ForgeConfigSpec/CORE]: Configuration file /workspaces/Gamers/servidor_minecraft/config/trashslot-common.toml is not correct. Correcting
[01May2025 18:52:20.889] [main/WARN] [net.minecraftforge.common.ForgeConfigSpec/CORE]: Incorrect key instantDeletion was corrected from null to its default, false. 
[01May2025 18:52:20.890] [main/WARN] [net.minecraftforge.common.ForgeConfigSpec/CORE]: Incorrect key enableDeleteKeysInCreative was corrected from null to its default, true. 
[01May2025 18:52:20.891] [main/WARN] [net.minecraftforge.common.ForgeConfigSpec/CORE]: Incorrect key enableHints was corrected from null to its default, true. 
[01May2025 18:52:20.891] [main/WARN] [net.minecraftforge.common.ForgeConfigSpec/CORE]: Incorrect key allowDeletionWhileTrashSlotIsInvisible was corrected from null to its default, false. 
[01May2025 18:52:20.892] [main/WARN] [net.minecraftforge.common.ForgeConfigSpec/CORE]: Incorrect key deletionDenyList was corrected from null to its default, []. 
[01May2025 18:52:20.893] [main/WARN] [net.minecraftforge.common.ForgeConfigSpec/CORE]: Configuration file /workspaces/Gamers/servidor_minecraft/config/miniutilities-common.toml is not correct. Correcting
[01May2025 18:52:20.894] [main/WARN] [net.minecraftforge.common.ForgeConfigSpec/CORE]: Incorrect key General Settings was corrected from null to its default, SimpleCommentedConfig:{}. 
[01May2025 18:52:20.894] [main/WARN] [net.minecraftforge.common.ForgeConfigSpec/CORE]: Incorrect key General Settings.Obtain Cursed was corrected from null to its default, true. 
[01May2025 18:52:20.895] [main/WARN] [net.minecraftforge.common.ForgeConfigSpec/CORE]: Incorrect key General Settings.Obtain Blessed was corrected from null to its default, true. 
[01May2025 18:52:20.895] [main/WARN] [net.minecraftforge.common.ForgeConfigSpec/CORE]: Incorrect key General Settings.Obtain Blursed was corrected from null to its default, true. 
[01May2025 18:52:20.895] [main/WARN] [net.minecraftforge.common.ForgeConfigSpec/CORE]: Incorrect key General Settings.Kikoku Max was corrected from null to its default, 2. 
[01May2025 18:52:20.895] [main/WARN] [net.minecraftforge.common.ForgeConfigSpec/CORE]: Incorrect key General Settings.Reaction Type was corrected from null to its default, DAMAGE. 
[01May2025 18:52:20.895] [main/WARN] [net.minecraftforge.common.ForgeConfigSpec/CORE]: Incorrect key General Settings.EXP Given from EXP Pearls was corrected from null to its default, 10. 
[01May2025 18:52:20.895] [main/WARN] [net.minecraftforge.common.ForgeConfigSpec/CORE]: Incorrect key General Settings.Ender Lily Generation was corrected from null to its default, true. 
[01May2025 18:52:20.895] [main/WARN] [net.minecraftforge.common.ForgeConfigSpec/CORE]: Incorrect key General Settings.Flame Lily Generation was corrected from null to its default, true. 
[01May2025 18:52:20.895] [main/WARN] [net.minecraftforge.common.ForgeConfigSpec/CORE]: Incorrect key General Settings.Solar Panel Generation was corrected from null to its default, 4. 
[01May2025 18:52:20.895] [main/WARN] [net.minecraftforge.common.ForgeConfigSpec/CORE]: Incorrect key General Settings.Lunar Panel Generation was corrected from null to its default, 4. 
[01May2025 18:52:20.896] [main/WARN] [net.minecraftforge.common.ForgeConfigSpec/CORE]: Incorrect key General Settings.Panel Multiplier Amount was corrected from null to its default, 50. 
[01May2025 18:52:20.896] [main/WARN] [net.minecraftforge.common.ForgeConfigSpec/CORE]: Incorrect key World Generation was corrected from null to its default, SimpleCommentedConfig:{}. 
[01May2025 18:52:20.896] [main/WARN] [net.minecraftforge.common.ForgeConfigSpec/CORE]: Incorrect key World Generation.Ender Ore Generation was corrected from null to its default, true. 
[01May2025 18:52:20.896] [main/WARN] [net.minecraftforge.common.ForgeConfigSpec/CORE]: Incorrect key Blessed Earth Settings was corrected from null to its default, SimpleCommentedConfig:{}. 
[01May2025 18:52:20.896] [main/WARN] [net.minecraftforge.common.ForgeConfigSpec/CORE]: Incorrect key Blessed Earth Settings.Minimum Waiting Time was corrected from null to its default, 200. 
[01May2025 18:52:20.896] [main/WARN] [net.minecraftforge.common.ForgeConfigSpec/CORE]: Incorrect key Blessed Earth Settings.Area Size for entity count was corrected from null to its default, 2. 
[01May2025 18:52:20.897] [main/WARN] [net.minecraftforge.common.ForgeConfigSpec/CORE]: Incorrect key Blessed Earth Settings.Mob cap for Area was corrected from null to its default, 3. 
[01May2025 18:52:20.897] [main/WARN] [net.minecraftforge.common.ForgeConfigSpec/CORE]: Incorrect key Blursed Earth Settings was corrected from null to its default, SimpleCommentedConfig:{}. 
[01May2025 18:52:20.897] [main/WARN] [net.minecraftforge.common.ForgeConfigSpec/CORE]: Incorrect key Blursed Earth Settings.Minimum Waiting Time was corrected from null to its default, 200. 
[01May2025 18:52:20.897] [main/WARN] [net.minecraftforge.common.ForgeConfigSpec/CORE]: Incorrect key Blursed Earth Settings.Area Size for entity count was corrected from null to its default, 2. 
[01May2025 18:52:20.897] [main/WARN] [net.minecraftforge.common.ForgeConfigSpec/CORE]: Incorrect key Blursed Earth Settings.Mob cap for Area was corrected from null to its default, 3. 
[01May2025 18:52:20.898] [main/WARN] [net.minecraftforge.common.ForgeConfigSpec/CORE]: Incorrect key Cursed Earth Settings was corrected from null to its default, SimpleCommentedConfig:{}. 
[01May2025 18:52:20.898] [main/WARN] [net.minecraftforge.common.ForgeConfigSpec/CORE]: Incorrect key Cursed Earth Settings.Minimum Waiting Time was corrected from null to its default, 200. 
[01May2025 18:52:20.898] [main/WARN] [net.minecraftforge.common.ForgeConfigSpec/CORE]: Incorrect key Cursed Earth Settings.Area Size for entity count was corrected from null to its default, 2. 
[01May2025 18:52:20.898] [main/WARN] [net.minecraftforge.common.ForgeConfigSpec/CORE]: Incorrect key Cursed Earth Settings.Mob cap for Area was corrected from null to its default, 3. 
[01May2025 18:52:20.899] [main/WARN] [net.minecraftforge.common.ForgeConfigSpec/CORE]: Configuration file /workspaces/Gamers/servidor_minecraft/config/waystones-common.toml is not correct. Correcting
[01May2025 18:52:20.900] [main/WARN] [net.minecraftforge.common.ForgeConfigSpec/CORE]: Incorrect key xpCost was corrected from null to its default, SimpleCommentedConfig:{}. 
[01May2025 18:52:20.900] [main/WARN] [net.minecraftforge.common.ForgeConfigSpec/CORE]: Incorrect key xpCost.inverseXpCost was corrected from null to its default, false. 
[01May2025 18:52:20.900] [main/WARN] [net.minecraftforge.common.ForgeConfigSpec/CORE]: Incorrect key xpCost.blocksPerXpLevel was corrected from null to its default, 1000. 
[01May2025 18:52:20.900] [main/WARN] [net.minecraftforge.common.ForgeConfigSpec/CORE]: Incorrect key xpCost.minimumBaseXpCost was corrected from null to its default, 0.0. 
[01May2025 18:52:20.900] [main/WARN] [net.minecraftforge.common.ForgeConfigSpec/CORE]: Incorrect key xpCost.maximumBaseXpCost was corrected from null to its default, 3.0. 
[01May2025 18:52:20.900] [main/WARN] [net.minecraftforge.common.ForgeConfigSpec/CORE]: Incorrect key xpCost.xpCostPerLeashed was corrected from null to its default, 0. 
[01May2025 18:52:20.900] [main/WARN] [net.minecraftforge.common.ForgeConfigSpec/CORE]: Incorrect key xpCost.dimensionalWarpXpCost was corrected from null to its default, 3. 
[01May2025 18:52:20.900] [main/WARN] [net.minecraftforge.common.ForgeConfigSpec/CORE]: Incorrect key xpCost.globalWaystoneXpCostMultiplier was corrected from null to its default, 0.0. 
[01May2025 18:52:20.901] [main/WARN] [net.minecraftforge.common.ForgeConfigSpec/CORE]: Incorrect key xpCost.warpStoneXpCostMultiplier was corrected from null to its default, 0.0. 
[01May2025 18:52:20.901] [main/WARN] [net.minecraftforge.common.ForgeConfigSpec/CORE]: Incorrect key xpCost.waystoneXpCostMultiplier was corrected from null to its default, 0.0. 
[01May2025 18:52:20.901] [main/WARN] [net.minecraftforge.common.ForgeConfigSpec/CORE]: Incorrect key xpCost.sharestoneXpCostMultiplier was corrected from null to its default, 0.0. 
[01May2025 18:52:20.901] [main/WARN] [net.minecraftforge.common.ForgeConfigSpec/CORE]: Incorrect key xpCost.portstoneXpCostMultiplier was corrected from null to its default, 0.0. 
[01May2025 18:52:20.901] [main/WARN] [net.minecraftforge.common.ForgeConfigSpec/CORE]: Incorrect key xpCost.warpPlateXpCostMultiplier was corrected from null to its default, 0.0. 
[01May2025 18:52:20.901] [main/WARN] [net.minecraftforge.common.ForgeConfigSpec/CORE]: Incorrect key xpCost.inventoryButtonXpCostMultiplier was corrected from null to its default, 0.0. 
[01May2025 18:52:20.902] [main/WARN] [net.minecraftforge.common.ForgeConfigSpec/CORE]: Incorrect key restrictions was corrected from null to its default, SimpleCommentedConfig:{}. 
[01May2025 18:52:20.902] [main/WARN] [net.minecraftforge.common.ForgeConfigSpec/CORE]: Incorrect key restrictions.restrictToCreative was corrected from null to its default, false. 
[01May2025 18:52:20.902] [main/WARN] [net.minecraftforge.common.ForgeConfigSpec/CORE]: Incorrect key restrictions.restrictRenameToOwner was corrected from null to its default, false. 
[01May2025 18:52:20.902] [main/WARN] [net.minecraftforge.common.ForgeConfigSpec/CORE]: Incorrect key restrictions.generatedWaystonesUnbreakable was corrected from null to its default, false. 
[01May2025 18:52:20.902] [main/WARN] [net.minecraftforge.common.ForgeConfigSpec/CORE]: Incorrect key restrictions.transportLeashed was corrected from null to its default, true. 
[01May2025 18:52:20.902] [main/WARN] [net.minecraftforge.common.ForgeConfigSpec/CORE]: Incorrect key restrictions.transportLeashedDimensional was corrected from null to its default, true. 
[01May2025 18:52:20.902] [main/WARN] [net.minecraftforge.common.ForgeConfigSpec/CORE]: Incorrect key restrictions.leashedDenyList was corrected from null to its default, [minecraft:wither]. 
[01May2025 18:52:20.902] [main/WARN] [net.minecraftforge.common.ForgeConfigSpec/CORE]: Incorrect key restrictions.dimensionalWarp was corrected from null to its default, ALLOW. 
[01May2025 18:52:20.902] [main/WARN] [net.minecraftforge.common.ForgeConfigSpec/CORE]: Incorrect key restrictions.dimensionalWarpAllowList was corrected from null to its default, []. 
[01May2025 18:52:20.903] [main/WARN] [net.minecraftforge.common.ForgeConfigSpec/CORE]: Incorrect key restrictions.dimensionalWarpDenyList was corrected from null to its default, []. 
[01May2025 18:52:20.903] [main/WARN] [net.minecraftforge.common.ForgeConfigSpec/CORE]: Incorrect key restrictions.allowWaystoneToWaystoneTeleport was corrected from null to its default, true. 
[01May2025 18:52:20.903] [main/WARN] [net.minecraftforge.common.ForgeConfigSpec/CORE]: Incorrect key restrictions.globalWaystoneSetupRequiresCreativeMode was corrected from null to its default, true. 
[01May2025 18:52:20.903] [main/WARN] [net.minecraftforge.common.ForgeConfigSpec/CORE]: Incorrect key cooldowns was corrected from null to its default, SimpleCommentedConfig:{}. 
[01May2025 18:52:20.903] [main/WARN] [net.minecraftforge.common.ForgeConfigSpec/CORE]: Incorrect key cooldowns.globalWaystoneCooldownMultiplier was corrected from null to its default, 1.0. 
[01May2025 18:52:20.903] [main/WARN] [net.minecraftforge.common.ForgeConfigSpec/CORE]: Incorrect key cooldowns.warpStoneCooldown was corrected from null to its default, 30. 
[01May2025 18:52:20.903] [main/WARN] [net.minecraftforge.common.ForgeConfigSpec/CORE]: Incorrect key cooldowns.warpStoneUseTime was corrected from null to its default, 32. 
[01May2025 18:52:20.903] [main/WARN] [net.minecraftforge.common.ForgeConfigSpec/CORE]: Incorrect key cooldowns.warpPlateUseTime was corrected from null to its default, 20. 
[01May2025 18:52:20.903] [main/WARN] [net.minecraftforge.common.ForgeConfigSpec/CORE]: Incorrect key cooldowns.scrollUseTime was corrected from null to its default, 32. 
[01May2025 18:52:20.904] [main/WARN] [net.minecraftforge.common.ForgeConfigSpec/CORE]: Incorrect key cooldowns.inventoryButtonCooldown was corrected from null to its default, 300. 
[01May2025 18:52:20.904] [main/WARN] [net.minecraftforge.common.ForgeConfigSpec/CORE]: Incorrect key inventoryButton was corrected from null to its default, SimpleCommentedConfig:{}. 
[01May2025 18:52:20.904] [main/WARN] [net.minecraftforge.common.ForgeConfigSpec/CORE]: Incorrect key inventoryButton.inventoryButton was corrected from null to its default, . 
[01May2025 18:52:20.904] [main/WARN] [net.minecraftforge.common.ForgeConfigSpec/CORE]: Incorrect key inventoryButton.warpButtonX was corrected from null to its default, 58. 
[01May2025 18:52:20.904] [main/WARN] [net.minecraftforge.common.ForgeConfigSpec/CORE]: Incorrect key inventoryButton.warpButtonY was corrected from null to its default, 60. 
[01May2025 18:52:20.904] [main/WARN] [net.minecraftforge.common.ForgeConfigSpec/CORE]: Incorrect key inventoryButton.creativeWarpButtonX was corrected from null to its default, 88. 
[01May2025 18:52:20.904] [main/WARN] [net.minecraftforge.common.ForgeConfigSpec/CORE]: Incorrect key inventoryButton.creativeWarpButtonY was corrected from null to its default, 33. 
[01May2025 18:52:20.905] [main/WARN] [net.minecraftforge.common.ForgeConfigSpec/CORE]: Incorrect key worldGen was corrected from null to its default, SimpleCommentedConfig:{}. 
[01May2025 18:52:20.905] [main/WARN] [net.minecraftforge.common.ForgeConfigSpec/CORE]: Incorrect key worldGen.worldGenStyle was corrected from null to its default, BIOME. 
[01May2025 18:52:20.905] [main/WARN] [net.minecraftforge.common.ForgeConfigSpec/CORE]: Incorrect key worldGen.frequency was corrected from null to its default, 25. 
[01May2025 18:52:20.905] [main/WARN] [net.minecraftforge.common.ForgeConfigSpec/CORE]: Incorrect key worldGen.dimensionAllowList was corrected from null to its default, [minecraft:overworld, minecraft:the_nether, minecraft:the_end]. 
[01May2025 18:52:20.905] [main/WARN] [net.minecraftforge.common.ForgeConfigSpec/CORE]: Incorrect key worldGen.dimensionDenyList was corrected from null to its default, []. 
[01May2025 18:52:20.905] [main/WARN] [net.minecraftforge.common.ForgeConfigSpec/CORE]: Incorrect key worldGen.nameGenerationMode was corrected from null to its default, PRESET_FIRST. 
[01May2025 18:52:20.905] [main/WARN] [net.minecraftforge.common.ForgeConfigSpec/CORE]: Incorrect key worldGen.customWaystoneNames was corrected from null to its default, []. 
[01May2025 18:52:20.905] [main/WARN] [net.minecraftforge.common.ForgeConfigSpec/CORE]: Incorrect key worldGen.spawnInVillages was corrected from null to its default, true. 
[01May2025 18:52:20.905] [main/WARN] [net.minecraftforge.common.ForgeConfigSpec/CORE]: Incorrect key worldGen.forceSpawnInVillages was corrected from null to its default, false. 
[01May2025 18:52:20.906] [main/WARN] [net.minecraftforge.common.ForgeConfigSpec/CORE]: Incorrect key client was corrected from null to its default, SimpleCommentedConfig:{}. 
[01May2025 18:52:20.906] [main/WARN] [net.minecraftforge.common.ForgeConfigSpec/CORE]: Incorrect key client.disableTextGlow was corrected from null to its default, false. 
[01May2025 18:52:20.906] [main/WARN] [net.minecraftforge.common.ForgeConfigSpec/CORE]: Incorrect key compatibility was corrected from null to its default, SimpleCommentedConfig:{}. 
[01May2025 18:52:20.906] [main/WARN] [net.minecraftforge.common.ForgeConfigSpec/CORE]: Incorrect key compatibility.displayWaystonesOnJourneyMap was corrected from null to its default, true. 
[01May2025 18:52:20.906] [main/WARN] [net.minecraftforge.common.ForgeConfigSpec/CORE]: Incorrect key compatibility.preferJourneyMapIntegration was corrected from null to its default, true. 
[01May2025 18:52:20.909] [main/WARN] [net.minecraftforge.common.ForgeConfigSpec/CORE]: Configuration file /workspaces/Gamers/servidor_minecraft/config/naturescompass-common.toml is not correct. Correcting
[01May2025 18:52:20.909] [main/WARN] [net.minecraftforge.common.ForgeConfigSpec/CORE]: Incorrect key General was corrected from null to its default, SimpleCommentedConfig:{}. 
[01May2025 18:52:20.909] [main/WARN] [net.minecraftforge.common.ForgeConfigSpec/CORE]: Incorrect key General.allowTeleport was corrected from null to its default, true. 
[01May2025 18:52:20.909] [main/WARN] [net.minecraftforge.common.ForgeConfigSpec/CORE]: Incorrect key General.displayCoordinates was corrected from null to its default, true. 
[01May2025 18:52:20.909] [main/WARN] [net.minecraftforge.common.ForgeConfigSpec/CORE]: Incorrect key General.radiusModifier was corrected from null to its default, 2500. 
[01May2025 18:52:20.909] [main/WARN] [net.minecraftforge.common.ForgeConfigSpec/CORE]: Incorrect key General.sampleSpaceModifier was corrected from null to its default, 16. 
[01May2025 18:52:20.910] [main/WARN] [net.minecraftforge.common.ForgeConfigSpec/CORE]: Incorrect key General.biomeBlacklist was corrected from null to its default, []. 
[01May2025 18:52:20.910] [main/WARN] [net.minecraftforge.common.ForgeConfigSpec/CORE]: Incorrect key General.maxSamples was corrected from null to its default, 50000. 
[01May2025 18:52:20.912] [main/WARN] [net.minecraftforge.common.ForgeConfigSpec/CORE]: Configuration file /workspaces/Gamers/servidor_minecraft/config/iceandfire-common.toml is not correct. Correcting
[01May2025 18:52:20.912] [main/WARN] [net.minecraftforge.common.ForgeConfigSpec/CORE]: Incorrect key Generation was corrected from null to its default, SimpleCommentedConfig:{}. 
[01May2025 18:52:20.912] [main/WARN] [net.minecraftforge.common.ForgeConfigSpec/CORE]: Incorrect key Generation.Dragon was corrected from null to its default, SimpleCommentedConfig:{}. 
[01May2025 18:52:20.912] [main/WARN] [net.minecraftforge.common.ForgeConfigSpec/CORE]: Incorrect key Generation.Dragon.Generate Dragon Skeletons was corrected from null to its default, true. 
[01May2025 18:52:20.912] [main/WARN] [net.minecraftforge.common.ForgeConfigSpec/CORE]: Incorrect key Generation.Dragon.Generate Dragon Skeleton Chance was corrected from null to its default, 300. 
[01May2025 18:52:20.912] [main/WARN] [net.minecraftforge.common.ForgeConfigSpec/CORE]: Incorrect key Generation.Dragon.Generate Dragon Cave Chance was corrected from null to its default, 180. 
[01May2025 18:52:20.912] [main/WARN] [net.minecraftforge.common.ForgeConfigSpec/CORE]: Incorrect key Generation.Dragon.Generate Dragon Roost Chance was corrected from null to its default, 360. 
[01May2025 18:52:20.912] [main/WARN] [net.minecraftforge.common.ForgeConfigSpec/CORE]: Incorrect key Generation.Dragon.Dragon Den Gold Amount was corrected from null to its default, 4. 
[01May2025 18:52:20.912] [main/WARN] [net.minecraftforge.common.ForgeConfigSpec/CORE]: Incorrect key Generation.Dragon.Dragon Cave Ore Ratio was corrected from null to its default, 45. 
[01May2025 18:52:20.913] [main/WARN] [net.minecraftforge.common.ForgeConfigSpec/CORE]: Incorrect key Generation.Structures-Features was corrected from null to its default, SimpleCommentedConfig:{}. 
[01May2025 18:52:20.913] [main/WARN] [net.minecraftforge.common.ForgeConfigSpec/CORE]: Incorrect key Generation.Structures-Features.Dangerous World Gen Dist From Spawn was corrected from null to its default, 800. 
[01May2025 18:52:20.913] [main/WARN] [net.minecraftforge.common.ForgeConfigSpec/CORE]: Incorrect key Generation.Structures-Features.Dangerous World Gen Dist Seperation was corrected from null to its default, 300. 
[01May2025 18:52:20.913] [main/WARN] [net.minecraftforge.common.ForgeConfigSpec/CORE]: Incorrect key Generation.Structures-Features.Generate Glaciers was corrected from null to its default, true. 
[01May2025 18:52:20.913] [main/WARN] [net.minecraftforge.common.ForgeConfigSpec/CORE]: Incorrect key Generation.Structures-Features.Glacier Spawn Weight was corrected from null to its default, 4. 
[01May2025 18:52:20.913] [main/WARN] [net.minecraftforge.common.ForgeConfigSpec/CORE]: Incorrect key Generation.Structures-Features.Generate Mausoleums was corrected from null to its default, true. 
[01May2025 18:52:20.913] [main/WARN] [net.minecraftforge.common.ForgeConfigSpec/CORE]: Incorrect key Generation.Structures-Features.Generate Graveyards was corrected from null to its default, true. 
[01May2025 18:52:20.913] [main/WARN] [net.minecraftforge.common.ForgeConfigSpec/CORE]: Incorrect key Generation.Structures-Features.Generate Gorgon Temple was corrected from null to its default, true. 
[01May2025 18:52:20.913] [main/WARN] [net.minecraftforge.common.ForgeConfigSpec/CORE]: Incorrect key Dragons was corrected from null to its default, SimpleCommentedConfig:{}. 
[01May2025 18:52:20.913] [main/WARN] [net.minecraftforge.common.ForgeConfigSpec/CORE]: Incorrect key Dragons.Griefing was corrected from null to its default, SimpleCommentedConfig:{}. 
[01May2025 18:52:20.913] [main/WARN] [net.minecraftforge.common.ForgeConfigSpec/CORE]: Incorrect key Dragons.Griefing.Dragon Griefing was corrected from null to its default, 0. 
[01May2025 18:52:20.914] [main/WARN] [net.minecraftforge.common.ForgeConfigSpec/CORE]: Incorrect key Dragons.Griefing.Tamed Dragon Griefing was corrected from null to its default, true. 
[01May2025 18:52:20.914] [main/WARN] [net.minecraftforge.common.ForgeConfigSpec/CORE]: Incorrect key Dragons.Griefing.Dragon Block Breaking Drop Chance was corrected from null to its default, 0.10000000149011612. 
[01May2025 18:52:20.914] [main/WARN] [net.minecraftforge.common.ForgeConfigSpec/CORE]: Incorrect key Dragons.Attributes was corrected from null to its default, SimpleCommentedConfig:{}. 
[01May2025 18:52:20.914] [main/WARN] [net.minecraftforge.common.ForgeConfigSpec/CORE]: Incorrect key Dragons.Attributes.Dragon Egg Hatch Time was corrected from null to its default, 7200. 
[01May2025 18:52:20.914] [main/WARN] [net.minecraftforge.common.ForgeConfigSpec/CORE]: Incorrect key Dragons.Attributes.Dragon Flap Noise Distance was corrected from null to its default, 4. 
[01May2025 18:52:20.914] [main/WARN] [net.minecraftforge.common.ForgeConfigSpec/CORE]: Incorrect key Dragons.Attributes.Dragon Flute Distance was corrected from null to its default, 4. 
[01May2025 18:52:20.914] [main/WARN] [net.minecraftforge.common.ForgeConfigSpec/CORE]: Incorrect key Dragons.Attributes.Dragon Health was corrected from null to its default, 500.0. 
[01May2025 18:52:20.914] [main/WARN] [net.minecraftforge.common.ForgeConfigSpec/CORE]: Incorrect key Dragons.Attributes.Dragon Attack Damage was corrected from null to its default, 17. 
[01May2025 18:52:20.914] [main/WARN] [net.minecraftforge.common.ForgeConfigSpec/CORE]: Incorrect key Dragons.Attributes.Dragon Attack Damage(Fire breath) was corrected from null to its default, 2.0. 
[01May2025 18:52:20.914] [main/WARN] [net.minecraftforge.common.ForgeConfigSpec/CORE]: Incorrect key Dragons.Attributes.Dragon Attack Damage(Ice breath) was corrected from null to its default, 2.5. 
[01May2025 18:52:20.914] [main/WARN] [net.minecraftforge.common.ForgeConfigSpec/CORE]: Incorrect key Dragons.Attributes.Dragon Attack Damage(Lightning breath) was corrected from null to its default, 3.5. 
[01May2025 18:52:20.914] [main/WARN] [net.minecraftforge.common.ForgeConfigSpec/CORE]: Incorrect key Dragons.Attributes.Dragon Flight Speed Modifier was corrected from null to its default, 1.0. 
[01May2025 18:52:20.915] [main/WARN] [net.minecraftforge.common.ForgeConfigSpec/CORE]: Incorrect key Dragons.Attributes.Dragon Moved Wrongly Error Fix was corrected from null to its default, false. 
[01May2025 18:52:20.915] [main/WARN] [net.minecraftforge.common.ForgeConfigSpec/CORE]: Incorrect key Dragons.Behaviour was corrected from null to its default, SimpleCommentedConfig:{}. 
[01May2025 18:52:20.915] [main/WARN] [net.minecraftforge.common.ForgeConfigSpec/CORE]: Incorrect key Dragons.Behaviour.Max Dragon Flight Height was corrected from null to its default, 256. 
[01May2025 18:52:20.915] [main/WARN] [net.minecraftforge.common.ForgeConfigSpec/CORE]: Incorrect key Dragons.Behaviour.Dragon Gold Search Length was corrected from null to its default, 30. 
[01May2025 18:52:20.915] [main/WARN] [net.minecraftforge.common.ForgeConfigSpec/CORE]: Incorrect key Dragons.Behaviour.Dragon Bite Heal was corrected from null to its default, true. 
[01May2025 18:52:20.915] [main/WARN] [net.minecraftforge.common.ForgeConfigSpec/CORE]: Incorrect key Dragons.Behaviour.Dragons Despawn was corrected from null to its default, true. 
[01May2025 18:52:20.915] [main/WARN] [net.minecraftforge.common.ForgeConfigSpec/CORE]: Incorrect key Dragons.Behaviour.Tamed Dragons Sleep was corrected from null to its default, true. 
[01May2025 18:52:20.915] [main/WARN] [net.minecraftforge.common.ForgeConfigSpec/CORE]: Incorrect key Dragons.Behaviour.Dragons Dig When Stuck was corrected from null to its default, true. 
[01May2025 18:52:20.915] [main/WARN] [net.minecraftforge.common.ForgeConfigSpec/CORE]: Incorrect key Dragons.Behaviour.Dragons Drop Skull was corrected from null to its default, true. 
[01May2025 18:52:20.915] [main/WARN] [net.minecraftforge.common.ForgeConfigSpec/CORE]: Incorrect key Dragons.Behaviour.Dragons Drop Heart was corrected from null to its default, true. 
[01May2025 18:52:20.915] [main/WARN] [net.minecraftforge.common.ForgeConfigSpec/CORE]: Incorrect key Dragons.Behaviour.Dragons Drop Blood was corrected from null to its default, true. 
[01May2025 18:52:20.915] [main/WARN] [net.minecraftforge.common.ForgeConfigSpec/CORE]: Incorrect key Dragons.Behaviour.Explosive Dragon Breath was corrected from null to its default, false. 
[01May2025 18:52:20.915] [main/WARN] [net.minecraftforge.common.ForgeConfigSpec/CORE]: Incorrect key Dragons.Behaviour.Dragon Target Search Length was corrected from null to its default, 128. 
[01May2025 18:52:20.915] [main/WARN] [net.minecraftforge.common.ForgeConfigSpec/CORE]: Incorrect key Dragons.Behaviour.Dragon Wander From Home Distance was corrected from null to its default, 40. 
[01May2025 18:52:20.915] [main/WARN] [net.minecraftforge.common.ForgeConfigSpec/CORE]: Incorrect key Dragons.Behaviour.Dragon Hunger Tick Rate was corrected from null to its default, 3000. 
[01May2025 18:52:20.916] [main/WARN] [net.minecraftforge.common.ForgeConfigSpec/CORE]: Incorrect key Dragons.Behaviour.Dragon Block Break Cooldown was corrected from null to its default, 5. 
[01May2025 18:52:20.916] [main/WARN] [net.minecraftforge.common.ForgeConfigSpec/CORE]: Incorrect key Dragons.Behaviour.Villagers Fear Dragons was corrected from null to its default, true. 
[01May2025 18:52:20.916] [main/WARN] [net.minecraftforge.common.ForgeConfigSpec/CORE]: Incorrect key Dragons.Behaviour.Animals Fear Dragons was corrected from null to its default, true. 
[01May2025 18:52:20.916] [main/WARN] [net.minecraftforge.common.ForgeConfigSpec/CORE]: Incorrect key Dragons.Behaviour.Intelligent Dragon Pathfinding was corrected from null to its default, false. 
[01May2025 18:52:20.916] [main/WARN] [net.minecraftforge.common.ForgeConfigSpec/CORE]: Incorrect key Mobs was corrected from null to its default, SimpleCommentedConfig:{}. 
[01May2025 18:52:20.916] [main/WARN] [net.minecraftforge.common.ForgeConfigSpec/CORE]: Incorrect key Mobs.Pixies was corrected from null to its default, SimpleCommentedConfig:{}. 
[01May2025 18:52:20.916] [main/WARN] [net.minecraftforge.common.ForgeConfigSpec/CORE]: Incorrect key Mobs.Pixies.Spawn Pixies Chance was corrected from null to its default, 60. 
[01May2025 18:52:20.917] [main/WARN] [net.minecraftforge.common.ForgeConfigSpec/CORE]: Incorrect key Mobs.Pixies.Pixie Village Size was corrected from null to its default, 5. 
[01May2025 18:52:20.917] [main/WARN] [net.minecraftforge.common.ForgeConfigSpec/CORE]: Incorrect key Mobs.Pixies.Pixies Steal Items was corrected from null to its default, true. 
[01May2025 18:52:20.917] [main/WARN] [net.minecraftforge.common.ForgeConfigSpec/CORE]: Incorrect key Mobs.Cyclops was corrected from null to its default, SimpleCommentedConfig:{}. 
[01May2025 18:52:20.917] [main/WARN] [net.minecraftforge.common.ForgeConfigSpec/CORE]: Incorrect key Mobs.Cyclops.Spawn Cyclops Cave Chance was corrected from null to its default, 100. 
[01May2025 18:52:20.917] [main/WARN] [net.minecraftforge.common.ForgeConfigSpec/CORE]: Incorrect key Mobs.Cyclops.Spawn Wandering Cyclops Chance was corrected from null to its default, 100. 
[01May2025 18:52:20.917] [main/WARN] [net.minecraftforge.common.ForgeConfigSpec/CORE]: Incorrect key Mobs.Cyclops.Cyclops Max Health was corrected from null to its default, 150.0. 
[01May2025 18:52:20.917] [main/WARN] [net.minecraftforge.common.ForgeConfigSpec/CORE]: Incorrect key Mobs.Cyclops.Cyclopes Sheep Search Length was corrected from null to its default, 17. 
[01May2025 18:52:20.917] [main/WARN] [net.minecraftforge.common.ForgeConfigSpec/CORE]: Incorrect key Mobs.Cyclops.Cyclops Attack Strength was corrected from null to its default, 15.0. 
[01May2025 18:52:20.917] [main/WARN] [net.minecraftforge.common.ForgeConfigSpec/CORE]: Incorrect key Mobs.Cyclops.Cyclops Bite Strength was corrected from null to its default, 40.0. 
[01May2025 18:52:20.917] [main/WARN] [net.minecraftforge.common.ForgeConfigSpec/CORE]: Incorrect key Mobs.Cyclops.Cyclops Griefing was corrected from null to its default, true. 
[01May2025 18:52:20.918] [main/WARN] [net.minecraftforge.common.ForgeConfigSpec/CORE]: Incorrect key Mobs.Sirens was corrected from null to its default, SimpleCommentedConfig:{}. 
[01May2025 18:52:20.918] [main/WARN] [net.minecraftforge.common.ForgeConfigSpec/CORE]: Incorrect key Mobs.Sirens.Siren Max Health was corrected from null to its default, 50.0. 
[01May2025 18:52:20.918] [main/WARN] [net.minecraftforge.common.ForgeConfigSpec/CORE]: Incorrect key Mobs.Sirens.Use Siren Shader was corrected from null to its default, true. 
[01May2025 18:52:20.918] [main/WARN] [net.minecraftforge.common.ForgeConfigSpec/CORE]: Incorrect key Mobs.Sirens.Spawn Sirens Chance was corrected from null to its default, 400. 
[01May2025 18:52:20.918] [main/WARN] [net.minecraftforge.common.ForgeConfigSpec/CORE]: Incorrect key Mobs.Sirens.Siren Max Sing Time was corrected from null to its default, 12000. 
[01May2025 18:52:20.918] [main/WARN] [net.minecraftforge.common.ForgeConfigSpec/CORE]: Incorrect key Mobs.Sirens.Siren Time Between Songs was corrected from null to its default, 2000. 
[01May2025 18:52:20.918] [main/WARN] [net.minecraftforge.common.ForgeConfigSpec/CORE]: Incorrect key Mobs.DeathWorms was corrected from null to its default, SimpleCommentedConfig:{}. 
[01May2025 18:52:20.918] [main/WARN] [net.minecraftforge.common.ForgeConfigSpec/CORE]: Incorrect key Mobs.DeathWorms.Death Worm Target Search Length was corrected from null to its default, 64. 
[01May2025 18:52:20.918] [main/WARN] [net.minecraftforge.common.ForgeConfigSpec/CORE]: Incorrect key Mobs.DeathWorms.Death Worm Base Health was corrected from null to its default, 10.0. 
[01May2025 18:52:20.918] [main/WARN] [net.minecraftforge.common.ForgeConfigSpec/CORE]: Incorrect key Mobs.DeathWorms.Death Worm Base Attack Strength was corrected from null to its default, 3.0. 
[01May2025 18:52:20.919] [main/WARN] [net.minecraftforge.common.ForgeConfigSpec/CORE]: Incorrect key Mobs.DeathWorms.Death Worms Target Monsters was corrected from null to its default, true. 
[01May2025 18:52:20.919] [main/WARN] [net.minecraftforge.common.ForgeConfigSpec/CORE]: Incorrect key Mobs.DeathWorms.Death Worm Spawn Weight was corrected from null to its default, 30. 
[01May2025 18:52:20.919] [main/WARN] [net.minecraftforge.common.ForgeConfigSpec/CORE]: Incorrect key Mobs.Cockatrice was corrected from null to its default, SimpleCommentedConfig:{}. 
[01May2025 18:52:20.919] [main/WARN] [net.minecraftforge.common.ForgeConfigSpec/CORE]: Incorrect key Mobs.Cockatrice.Cockatrice Health was corrected from null to its default, 40.0. 
[01May2025 18:52:20.919] [main/WARN] [net.minecraftforge.common.ForgeConfigSpec/CORE]: Incorrect key Mobs.Cockatrice.Cockatrice chicken Search Length was corrected from null to its default, 30. 
[01May2025 18:52:20.919] [main/WARN] [net.minecraftforge.common.ForgeConfigSpec/CORE]: Incorrect key Mobs.Cockatrice.Chickens Lay Rotten Eggs was corrected from null to its default, true. 
[01May2025 18:52:20.919] [main/WARN] [net.minecraftforge.common.ForgeConfigSpec/CORE]: Incorrect key Mobs.Cockatrice.Spawn Cockatrices was corrected from null to its default, true. 
[01May2025 18:52:20.919] [main/WARN] [net.minecraftforge.common.ForgeConfigSpec/CORE]: Incorrect key Mobs.Cockatrice.Cockatrice Spawn Weight was corrected from null to its default, 4. 
[01May2025 18:52:20.919] [main/WARN] [net.minecraftforge.common.ForgeConfigSpec/CORE]: Incorrect key Mobs.Stymphalians was corrected from null to its default, SimpleCommentedConfig:{}. 
[01May2025 18:52:20.919] [main/WARN] [net.minecraftforge.common.ForgeConfigSpec/CORE]: Incorrect key Mobs.Stymphalians.Stymphalian Bird Target Search Length was corrected from null to its default, 64. 
[01May2025 18:52:20.919] [main/WARN] [net.minecraftforge.common.ForgeConfigSpec/CORE]: Incorrect key Mobs.Stymphalians.Stymphalian Bird Feather Drop Chance was corrected from null to its default, 25. 
[01May2025 18:52:20.920] [main/WARN] [net.minecraftforge.common.ForgeConfigSpec/CORE]: Incorrect key Mobs.Stymphalians.Stymphalian Bird Feather Attack Strength was corrected from null to its default, 1.0. 
[01May2025 18:52:20.920] [main/WARN] [net.minecraftforge.common.ForgeConfigSpec/CORE]: Incorrect key Mobs.Stymphalians.Stymphalian Bird Flock Length was corrected from null to its default, 40. 
[01May2025 18:52:20.920] [main/WARN] [net.minecraftforge.common.ForgeConfigSpec/CORE]: Incorrect key Mobs.Stymphalians.Max Stymphalian Bird Flight Height was corrected from null to its default, 80. 
[01May2025 18:52:20.920] [main/WARN] [net.minecraftforge.common.ForgeConfigSpec/CORE]: Incorrect key Mobs.Stymphalians.Stymphalian Birds drop ore dict items was corrected from null to its default, true. 
[01May2025 18:52:20.920] [main/WARN] [net.minecraftforge.common.ForgeConfigSpec/CORE]: Incorrect key Mobs.Stymphalians.Stymphalian Birds Target Animals was corrected from null to its default, false. 
[01May2025 18:52:20.920] [main/WARN] [net.minecraftforge.common.ForgeConfigSpec/CORE]: Incorrect key Mobs.Stymphalians.Spawn Stymhphalian Bird Chance was corrected from null to its default, 100. 
[01May2025 18:52:20.920] [main/WARN] [net.minecraftforge.common.ForgeConfigSpec/CORE]: Incorrect key Mobs.Trolls was corrected from null to its default, SimpleCommentedConfig:{}. 
[01May2025 18:52:20.920] [main/WARN] [net.minecraftforge.common.ForgeConfigSpec/CORE]: Incorrect key Mobs.Trolls.Spawn Trolls was corrected from null to its default, true. 
[01May2025 18:52:20.920] [main/WARN] [net.minecraftforge.common.ForgeConfigSpec/CORE]: Incorrect key Mobs.Trolls.Trolls Drop Weapon was corrected from null to its default, true. 
[01May2025 18:52:20.920] [main/WARN] [net.minecraftforge.common.ForgeConfigSpec/CORE]: Incorrect key Mobs.Trolls.Troll Spawn Weight was corrected from null to its default, 40. 
[01May2025 18:52:20.920] [main/WARN] [net.minecraftforge.common.ForgeConfigSpec/CORE]: Incorrect key Mobs.Trolls.Troll Max Health was corrected from null to its default, 50.0. 
[01May2025 18:52:20.921] [main/WARN] [net.minecraftforge.common.ForgeConfigSpec/CORE]: Incorrect key Mobs.Trolls.Troll Attack Strength was corrected from null to its default, 10.0. 
[01May2025 18:52:20.921] [main/WARN] [net.minecraftforge.common.ForgeConfigSpec/CORE]: Incorrect key Mobs.Myrmex was corrected from null to its default, SimpleCommentedConfig:{}. 
[01May2025 18:52:20.921] [main/WARN] [net.minecraftforge.common.ForgeConfigSpec/CORE]: Incorrect key Mobs.Myrmex.Myrmex Gestation Length was corrected from null to its default, 2500. 
[01May2025 18:52:20.921] [main/WARN] [net.minecraftforge.common.ForgeConfigSpec/CORE]: Incorrect key Mobs.Myrmex.Myrmex Hatch Length was corrected from null to its default, 35000. 
[01May2025 18:52:20.921] [main/WARN] [net.minecraftforge.common.ForgeConfigSpec/CORE]: Incorrect key Mobs.Myrmex.Myrmex Colony Gen Chance was corrected from null to its default, 150. 
[01May2025 18:52:20.922] [main/WARN] [net.minecraftforge.common.ForgeConfigSpec/CORE]: Incorrect key Mobs.Myrmex.Myrmex Colony Max Size was corrected from null to its default, 80. 
[01May2025 18:52:20.922] [main/WARN] [net.minecraftforge.common.ForgeConfigSpec/CORE]: Incorrect key Mobs.Myrmex.Myrmex Base Attack Strength was corrected from null to its default, 3.0. 
[01May2025 18:52:20.922] [main/WARN] [net.minecraftforge.common.ForgeConfigSpec/CORE]: Incorrect key Mobs.Myrmex.Myrmex Maximum Wander Radius was corrected from null to its default, 50. 
[01May2025 18:52:20.922] [main/WARN] [net.minecraftforge.common.ForgeConfigSpec/CORE]: Incorrect key Mobs.Myrmex.Myrmex Hive Ignore Daytime was corrected from null to its default, false. 
[01May2025 18:52:20.922] [main/WARN] [net.minecraftforge.common.ForgeConfigSpec/CORE]: Incorrect key Mobs.Amphitheres was corrected from null to its default, SimpleCommentedConfig:{}. 
[01May2025 18:52:20.922] [main/WARN] [net.minecraftforge.common.ForgeConfigSpec/CORE]: Incorrect key Mobs.Amphitheres.Spawn Amphitheres was corrected from null to its default, true. 
[01May2025 18:52:20.922] [main/WARN] [net.minecraftforge.common.ForgeConfigSpec/CORE]: Incorrect key Mobs.Amphitheres.Amphithere Spawn Weight was corrected from null to its default, 50. 
[01May2025 18:52:20.923] [main/WARN] [net.minecraftforge.common.ForgeConfigSpec/CORE]: Incorrect key Mobs.Amphitheres.Amphithere Villager Search Length was corrected from null to its default, 64. 
[01May2025 18:52:20.923] [main/WARN] [net.minecraftforge.common.ForgeConfigSpec/CORE]: Incorrect key Mobs.Amphitheres.Amphithere Tame Time was corrected from null to its default, 400. 
[01May2025 18:52:20.923] [main/WARN] [net.minecraftforge.common.ForgeConfigSpec/CORE]: Incorrect key Mobs.Amphitheres.Amphithere Flight Speed was corrected from null to its default, 1.75. 
[01May2025 18:52:20.923] [main/WARN] [net.minecraftforge.common.ForgeConfigSpec/CORE]: Incorrect key Mobs.Amphitheres.Amphithere Max Health was corrected from null to its default, 50.0. 
[01May2025 18:52:20.923] [main/WARN] [net.minecraftforge.common.ForgeConfigSpec/CORE]: Incorrect key Mobs.Amphitheres.Amphithere Attack Strength was corrected from null to its default, 7.0. 
[01May2025 18:52:20.923] [main/WARN] [net.minecraftforge.common.ForgeConfigSpec/CORE]: Incorrect key Mobs.SeaSerpents was corrected from null to its default, SimpleCommentedConfig:{}. 
[01May2025 18:52:20.923] [main/WARN] [net.minecraftforge.common.ForgeConfigSpec/CORE]: Incorrect key Mobs.SeaSerpents.Spawn Sea Serpent Chance was corrected from null to its default, 250. 
[01May2025 18:52:20.923] [main/WARN] [net.minecraftforge.common.ForgeConfigSpec/CORE]: Incorrect key Mobs.SeaSerpents.Sea Serpent Griefing was corrected from null to its default, true. 
[01May2025 18:52:20.923] [main/WARN] [net.minecraftforge.common.ForgeConfigSpec/CORE]: Incorrect key Mobs.SeaSerpents.Sea Serpent Base Health was corrected from null to its default, 20.0. 
[01May2025 18:52:20.923] [main/WARN] [net.minecraftforge.common.ForgeConfigSpec/CORE]: Incorrect key Mobs.SeaSerpents.Sea Serpent Base Attack Strength was corrected from null to its default, 4.0. 
[01May2025 18:52:20.924] [main/WARN] [net.minecraftforge.common.ForgeConfigSpec/CORE]: Incorrect key Mobs.Hippocampus was corrected from null to its default, SimpleCommentedConfig:{}. 
[01May2025 18:52:20.924] [main/WARN] [net.minecraftforge.common.ForgeConfigSpec/CORE]: Incorrect key Mobs.Hippocampus.Spawn Hippocampus Chance was corrected from null to its default, 40. 
[01May2025 18:52:20.924] [main/WARN] [net.minecraftforge.common.ForgeConfigSpec/CORE]: Incorrect key Mobs.Hippocampus.Hippocampus Swim Speed Modifier was corrected from null to its default, 1.0. 
[01May2025 18:52:20.924] [main/WARN] [net.minecraftforge.common.ForgeConfigSpec/CORE]: Incorrect key Mobs.Hippogryph was corrected from null to its default, SimpleCommentedConfig:{}. 
[01May2025 18:52:20.924] [main/WARN] [net.minecraftforge.common.ForgeConfigSpec/CORE]: Incorrect key Mobs.Hippogryph.Spawn Hippogryphs was corrected from null to its default, true. 
[01May2025 18:52:20.924] [main/WARN] [net.minecraftforge.common.ForgeConfigSpec/CORE]: Incorrect key Mobs.Hippogryph.Hippogryph Spawn Weight was corrected from null to its default, 2. 
[01May2025 18:52:20.924] [main/WARN] [net.minecraftforge.common.ForgeConfigSpec/CORE]: Incorrect key Mobs.Hippogryph.Hippogryph Flight Speed Modifier was corrected from null to its default, 1.0. 
[01May2025 18:52:20.924] [main/WARN] [net.minecraftforge.common.ForgeConfigSpec/CORE]: Incorrect key Mobs.Gorgons was corrected from null to its default, SimpleCommentedConfig:{}. 
[01May2025 18:52:20.924] [main/WARN] [net.minecraftforge.common.ForgeConfigSpec/CORE]: Incorrect key Mobs.Gorgons.Gorgon Max Health was corrected from null to its default, 100.0. 
[01May2025 18:52:20.924] [main/WARN] [net.minecraftforge.common.ForgeConfigSpec/CORE]: Incorrect key Mobs.Others was corrected from null to its default, SimpleCommentedConfig:{}. 
[01May2025 18:52:20.924] [main/WARN] [net.minecraftforge.common.ForgeConfigSpec/CORE]: Incorrect key Mobs.Others.Spawn Liches was corrected from null to its default, true. 
[01May2025 18:52:20.925] [main/WARN] [net.minecraftforge.common.ForgeConfigSpec/CORE]: Incorrect key Mobs.Others.Lich Spawn Weight was corrected from null to its default, 2. 
[01May2025 18:52:20.925] [main/WARN] [net.minecraftforge.common.ForgeConfigSpec/CORE]: Incorrect key Mobs.Others.Lich Spawn Chance was corrected from null to its default, 30. 
[01May2025 18:52:20.925] [main/WARN] [net.minecraftforge.common.ForgeConfigSpec/CORE]: Incorrect key Mobs.Others.Hydra Max Health was corrected from null to its default, 250.0. 
[01May2025 18:52:20.925] [main/WARN] [net.minecraftforge.common.ForgeConfigSpec/CORE]: Incorrect key Mobs.Others.Hydra Caves Gen Chance was corrected from null to its default, 60. 
[01May2025 18:52:20.925] [main/WARN] [net.minecraftforge.common.ForgeConfigSpec/CORE]: Incorrect key Mobs.Others.Ghost Max Health was corrected from null to its default, 30.0. 
[01May2025 18:52:20.925] [main/WARN] [net.minecraftforge.common.ForgeConfigSpec/CORE]: Incorrect key Mobs.Others.Ghost Attack Strength was corrected from null to its default, 3.0. 
[01May2025 18:52:20.925] [main/WARN] [net.minecraftforge.common.ForgeConfigSpec/CORE]: Incorrect key Mobs.Others.Ghost Spawn from PvP deaths was corrected from null to its default, true. 
[01May2025 18:52:20.926] [main/WARN] [net.minecraftforge.common.ForgeConfigSpec/CORE]: Incorrect key Mobs.Others.Villager Scribe House Weight was corrected from null to its default, 5. 
[01May2025 18:52:20.926] [main/WARN] [net.minecraftforge.common.ForgeConfigSpec/CORE]: Incorrect key Mobs.Others.Allow Attribute Overriding was corrected from null to its default, true. 
[01May2025 18:52:20.927] [main/WARN] [net.minecraftforge.common.ForgeConfigSpec/CORE]: Incorrect key Items was corrected from null to its default, SimpleCommentedConfig:{}. 
[01May2025 18:52:20.927] [main/WARN] [net.minecraftforge.common.ForgeConfigSpec/CORE]: Incorrect key Items.Dragonsteel Sword Base Attack Strength was corrected from null to its default, 25.0. 
[01May2025 18:52:20.927] [main/WARN] [net.minecraftforge.common.ForgeConfigSpec/CORE]: Incorrect key Items.Dragonsteel Base Armor was corrected from null to its default, 12. 
[01May2025 18:52:20.927] [main/WARN] [net.minecraftforge.common.ForgeConfigSpec/CORE]: Incorrect key Items.Dragonsteel Base Armor Toughness was corrected from null to its default, 6.0. 
[01May2025 18:52:20.928] [main/WARN] [net.minecraftforge.common.ForgeConfigSpec/CORE]: Incorrect key Items.Dragonsteel Base Durability was corrected from null to its default, 8000. 
[01May2025 18:52:20.928] [main/WARN] [net.minecraftforge.common.ForgeConfigSpec/CORE]: Incorrect key Items.Dragonsteel Base Durability Equipment was corrected from null to its default, 8000. 
[01May2025 18:52:20.928] [main/WARN] [net.minecraftforge.common.ForgeConfigSpec/CORE]: Incorrect key Items.Weezer was corrected from null to its default, true. 
[01May2025 18:52:20.928] [main/WARN] [net.minecraftforge.common.ForgeConfigSpec/CORE]: Incorrect key Items.Easter Egg Tinkers Tool Disarm chance was corrected from null to its default, 0.20000000298023224. 
[01May2025 18:52:20.928] [main/WARN] [net.minecraftforge.common.ForgeConfigSpec/CORE]: Incorrect key Items.Chunk Load Summon Crystal was corrected from null to its default, true. 
[01May2025 18:52:20.928] [main/WARN] [net.minecraftforge.common.ForgeConfigSpec/CORE]: Incorrect key Items.Dragon Bone Fire Abilities was corrected from null to its default, true. 
[01May2025 18:52:20.928] [main/WARN] [net.minecraftforge.common.ForgeConfigSpec/CORE]: Incorrect key Items.Dragon Bone Ice Abilities was corrected from null to its default, true. 
[01May2025 18:52:20.928] [main/WARN] [net.minecraftforge.common.ForgeConfigSpec/CORE]: Incorrect key Items.Dragon Bone Lightning Abilities was corrected from null to its default, true. 
[01May2025 18:52:20.929] [main/WARN] [net.minecraftforge.common.ForgeConfigSpec/CORE]: Incorrect key Pathfinding was corrected from null to its default, SimpleCommentedConfig:{}. 
[01May2025 18:52:20.929] [main/WARN] [net.minecraftforge.common.ForgeConfigSpec/CORE]: Incorrect key Pathfinding.Dragon Pathfinding Threads was corrected from null to its default, 3. 
[01May2025 18:52:20.929] [main/WARN] [net.minecraftforge.common.ForgeConfigSpec/CORE]: Incorrect key Pathfinding.Dragon Max Pathfinding Nodes was corrected from null to its default, 5000. 
[01May2025 18:52:20.929] [main/WARN] [net.minecraftforge.common.ForgeConfigSpec/CORE]: Incorrect key Pathfinding.Debug Pathfinding Mode was corrected from null to its default, false. 
[01May2025 18:52:20.962] [main/WARN] [net.minecraftforge.common.ForgeConfigSpec/CORE]: Configuration file /workspaces/Gamers/servidor_minecraft/config/fusion-common.toml is not correct. Correcting
[01May2025 18:52:20.963] [main/WARN] [net.minecraftforge.common.ForgeConfigSpec/CORE]: Incorrect key General was corrected from null to its default, SimpleCommentedConfig:{}. 
[01May2025 18:52:20.963] [main/WARN] [net.minecraftforge.common.ForgeConfigSpec/CORE]: Incorrect key General.AddChestLoot was corrected from null to its default, true. 
[01May2025 18:52:20.963] [main/WARN] [net.minecraftforge.common.ForgeConfigSpec/CORE]: Incorrect key General.EnableAestheticsBlocks was corrected from null to its default, true. 
[01May2025 18:52:20.963] [main/WARN] [net.minecraftforge.common.ForgeConfigSpec/CORE]: Incorrect key Alloy Recipes was corrected from null to its default, SimpleCommentedConfig:{}. 
[01May2025 18:52:20.963] [main/WARN] [net.minecraftforge.common.ForgeConfigSpec/CORE]: Incorrect key Alloy Recipes.EnableSteelMaking was corrected from null to its default, true. 
[01May2025 18:52:20.964] [main/WARN] [net.minecraftforge.common.ForgeConfigSpec/CORE]: Incorrect key Alloy Recipes.EnableBronzeMaking was corrected from null to its default, true. 
[01May2025 18:52:20.964] [main/WARN] [net.minecraftforge.common.ForgeConfigSpec/CORE]: Incorrect key Alloy Recipes.EnableSinisiteMaking was corrected from null to its default, true. 
[01May2025 18:52:20.964] [main/WARN] [net.minecraftforge.common.ForgeConfigSpec/CORE]: Incorrect key Alloy Recipes.EnableThyriumMaking was corrected from null to its default, true. 
[01May2025 18:52:20.964] [main/WARN] [net.minecraftforge.common.ForgeConfigSpec/CORE]: Incorrect key Tools was corrected from null to its default, SimpleCommentedConfig:{}. 
[01May2025 18:52:20.964] [main/WARN] [net.minecraftforge.common.ForgeConfigSpec/CORE]: Incorrect key Tools.EnableSteelTools was corrected from null to its default, true. 
[01May2025 18:52:20.964] [main/WARN] [net.minecraftforge.common.ForgeConfigSpec/CORE]: Incorrect key Tools.EnableBronzeTools was corrected from null to its default, true. 
[01May2025 18:52:20.964] [main/WARN] [net.minecraftforge.common.ForgeConfigSpec/CORE]: Incorrect key Tools.EnableSinisiteTools was corrected from null to its default, true. 
[01May2025 18:52:20.965] [main/WARN] [net.minecraftforge.common.ForgeConfigSpec/CORE]: Incorrect key Tools.EnableThyriumTools was corrected from null to its default, true. 
[01May2025 18:52:20.965] [main/WARN] [net.minecraftforge.common.ForgeConfigSpec/CORE]: Incorrect key Armor was corrected from null to its default, SimpleCommentedConfig:{}. 
[01May2025 18:52:20.965] [main/WARN] [net.minecraftforge.common.ForgeConfigSpec/CORE]: Incorrect key Armor.EnableSteelArmor was corrected from null to its default, true. 
[01May2025 18:52:20.965] [main/WARN] [net.minecraftforge.common.ForgeConfigSpec/CORE]: Incorrect key Armor.EnableBronzeArmor was corrected from null to its default, true. 
[01May2025 18:52:20.965] [main/WARN] [net.minecraftforge.common.ForgeConfigSpec/CORE]: Incorrect key Armor.EnableSinisiteArmor was corrected from null to its default, true. 
[01May2025 18:52:20.966] [main/WARN] [net.minecraftforge.common.ForgeConfigSpec/CORE]: Incorrect key Armor.EnableThyriumArmor was corrected from null to its default, true. 
[01May2025 18:52:20.966] [main/WARN] [net.minecraftforge.common.ForgeConfigSpec/CORE]: Incorrect key Bows was corrected from null to its default, SimpleCommentedConfig:{}. 
[01May2025 18:52:20.966] [main/WARN] [net.minecraftforge.common.ForgeConfigSpec/CORE]: Incorrect key Bows.EnableFusionBows was corrected from null to its default, true. 
[01May2025 18:52:20.967] [main/WARN] [net.minecraftforge.common.ForgeConfigSpec/CORE]: Incorrect key Simple Fusion Recycling was corrected from null to its default, SimpleCommentedConfig:{}. 
[01May2025 18:52:20.967] [main/WARN] [net.minecraftforge.common.ForgeConfigSpec/CORE]: Incorrect key Simple Fusion Recycling.enableVanillaRecycling was corrected from null to its default, true. 
[01May2025 18:52:20.967] [main/WARN] [net.minecraftforge.common.ForgeConfigSpec/CORE]: Incorrect key Simple Fusion Recycling.enableSimpleOresRecycling was corrected from null to its default, true. 
[01May2025 18:52:20.967] [main/WARN] [net.minecraftforge.common.ForgeConfigSpec/CORE]: Incorrect key Simple Fusion Recycling.enableNetherrocksRecycling was corrected from null to its default, true. 
[01May2025 18:52:20.967] [main/WARN] [net.minecraftforge.common.ForgeConfigSpec/CORE]: Incorrect key Simple Fusion Recycling.enableFusionRecycling was corrected from null to its default, true. 
[01May2025 18:52:20.967] [main/WARN] [net.minecraftforge.common.ForgeConfigSpec/CORE]: Incorrect key Simple Fusion Recycling.enableGemRecycling was corrected from null to its default, true. 
[01May2025 18:52:20.970] [main/WARN] [net.minecraftforge.common.ForgeConfigSpec/CORE]: Configuration file /workspaces/Gamers/servidor_minecraft/config/Mekanism/common.toml is not correct. Correcting
[01May2025 18:52:20.971] [main/WARN] [net.minecraftforge.common.ForgeConfigSpec/CORE]: Incorrect key common was corrected from null to its default, SimpleCommentedConfig:{}. 
[01May2025 18:52:20.971] [main/WARN] [net.minecraftforge.common.ForgeConfigSpec/CORE]: Incorrect key common.energyType was corrected from null to its default, FORGE_ENERGY. 
[01May2025 18:52:20.971] [main/WARN] [net.minecraftforge.common.ForgeConfigSpec/CORE]: Incorrect key common.temperatureUnit was corrected from null to its default, KELVIN. 
[01May2025 18:52:20.971] [main/WARN] [net.minecraftforge.common.ForgeConfigSpec/CORE]: Incorrect key common.enableDecayTimers was corrected from null to its default, true. 
[01May2025 18:52:20.973] [main/WARN] [net.minecraftforge.common.ForgeConfigSpec/CORE]: Configuration file /workspaces/Gamers/servidor_minecraft/config/blueprint-common.toml is not correct. Correcting
[01May2025 18:52:20.973] [main/WARN] [net.minecraftforge.common.ForgeConfigSpec/CORE]: Incorrect key modded_biome_slice_sizes was corrected from null to its default, SimpleCommentedConfig:{minecraft:overworld=8, default=8}. 
[01May2025 18:52:20.975] [main/WARN] [net.minecraftforge.common.ForgeConfigSpec/CORE]: Configuration file /workspaces/Gamers/servidor_minecraft/config/alexscaves-general.toml is not correct. Correcting
[01May2025 18:52:20.975] [main/WARN] [net.minecraftforge.common.ForgeConfigSpec/CORE]: Incorrect key generation was corrected from null to its default, SimpleCommentedConfig:{}. 
[01May2025 18:52:20.976] [main/WARN] [net.minecraftforge.common.ForgeConfigSpec/CORE]: Incorrect key generation.cave_biome_mean_width was corrected from null to its default, 300.0. 
[01May2025 18:52:20.976] [main/WARN] [net.minecraftforge.common.ForgeConfigSpec/CORE]: Incorrect key generation.cave_biome_mean_separation was corrected from null to its default, 900. 
[01May2025 18:52:20.976] [main/WARN] [net.minecraftforge.common.ForgeConfigSpec/CORE]: Incorrect key generation.cave_biome_width_randomness was corrected from null to its default, 0.15. 
[01May2025 18:52:20.976] [main/WARN] [net.minecraftforge.common.ForgeConfigSpec/CORE]: Incorrect key generation.cave_biome_spacing_randomness was corrected from null to its default, 0.45. 
[01May2025 18:52:20.976] [main/WARN] [net.minecraftforge.common.ForgeConfigSpec/CORE]: Incorrect key generation.warn_generation_incompatibility was corrected from null to its default, true. 
[01May2025 18:52:20.977] [main/WARN] [net.minecraftforge.common.ForgeConfigSpec/CORE]: Incorrect key mob-spawning was corrected from null to its default, SimpleCommentedConfig:{}. 
[01May2025 18:52:20.977] [main/WARN] [net.minecraftforge.common.ForgeConfigSpec/CORE]: Incorrect key mob-spawning.cave_creature_spawn_count_modifier was corrected from null to its default, 1.75. 
[01May2025 18:52:20.977] [main/WARN] [net.minecraftforge.common.ForgeConfigSpec/CORE]: Incorrect key mob-spawning.drowned_diving_gear_spawn_chance was corrected from null to its default, 0.2. 
[01May2025 18:52:20.978] [main/WARN] [net.minecraftforge.common.ForgeConfigSpec/CORE]: Incorrect key mob-behavior was corrected from null to its default, SimpleCommentedConfig:{}. 
[01May2025 18:52:20.978] [main/WARN] [net.minecraftforge.common.ForgeConfigSpec/CORE]: Incorrect key mob-behavior.pathfinding_threads was corrected from null to its default, 5. 
[01May2025 18:52:20.978] [main/WARN] [net.minecraftforge.common.ForgeConfigSpec/CORE]: Incorrect key mob-behavior.luxtructosaurus_block_drop_chance was corrected from null to its default, 0.75. 
[01May2025 18:52:20.978] [main/WARN] [net.minecraftforge.common.ForgeConfigSpec/CORE]: Incorrect key mob-behavior.atlatitan_max_block_explosion_resistance was corrected from null to its default, 10. 
[01May2025 18:52:20.978] [main/WARN] [net.minecraftforge.common.ForgeConfigSpec/CORE]: Incorrect key mob-behavior.nucleeper_fuse_time was corrected from null to its default, 300. 
[01May2025 18:52:20.978] [main/WARN] [net.minecraftforge.common.ForgeConfigSpec/CORE]: Incorrect key mob-behavior.devastating_tremorzilla_beam was corrected from null to its default, true. 
[01May2025 18:52:20.978] [main/WARN] [net.minecraftforge.common.ForgeConfigSpec/CORE]: Incorrect key mob-behavior.watcher_possession was corrected from null to its default, true. 
[01May2025 18:52:20.979] [main/WARN] [net.minecraftforge.common.ForgeConfigSpec/CORE]: Incorrect key mob-behavior.watcher_possession_cooldown was corrected from null to its default, 300. 
[01May2025 18:52:20.979] [main/WARN] [net.minecraftforge.common.ForgeConfigSpec/CORE]: Incorrect key block-behavior was corrected from null to its default, SimpleCommentedConfig:{}. 
[01May2025 18:52:20.979] [main/WARN] [net.minecraftforge.common.ForgeConfigSpec/CORE]: Incorrect key block-behavior.walking_on_magnets was corrected from null to its default, true. 
[01May2025 18:52:20.979] [main/WARN] [net.minecraftforge.common.ForgeConfigSpec/CORE]: Incorrect key block-behavior.amber_monolith_mean_time was corrected from null to its default, 32000. 
[01May2025 18:52:20.979] [main/WARN] [net.minecraftforge.common.ForgeConfigSpec/CORE]: Incorrect key block-behavior.nuclear_furnace_blasting_only was corrected from null to its default, true. 
[01May2025 18:52:20.980] [main/WARN] [net.minecraftforge.common.ForgeConfigSpec/CORE]: Incorrect key block-behavior.nuclear_furnace_custom_type was corrected from null to its default, false. 
[01May2025 18:52:20.980] [main/WARN] [net.minecraftforge.common.ForgeConfigSpec/CORE]: Incorrect key item-behavior was corrected from null to its default, SimpleCommentedConfig:{}. 
[01May2025 18:52:20.980] [main/WARN] [net.minecraftforge.common.ForgeConfigSpec/CORE]: Incorrect key item-behavior.only_one_research_needed was corrected from null to its default, false. 
[01May2025 18:52:20.980] [main/WARN] [net.minecraftforge.common.ForgeConfigSpec/CORE]: Incorrect key item-behavior.cave_map_search_attempts was corrected from null to its default, 128000. 
[01May2025 18:52:20.980] [main/WARN] [net.minecraftforge.common.ForgeConfigSpec/CORE]: Incorrect key item-behavior.cave_map_search_width was corrected from null to its default, 64. 
[01May2025 18:52:20.980] [main/WARN] [net.minecraftforge.common.ForgeConfigSpec/CORE]: Incorrect key item-behavior.nuke_max_block_explosion_resistance was corrected from null to its default, 1000. 
[01May2025 18:52:20.981] [main/WARN] [net.minecraftforge.common.ForgeConfigSpec/CORE]: Incorrect key item-behavior.nuke_spawn_item_drops was corrected from null to its default, true. 
[01May2025 18:52:20.981] [main/WARN] [net.minecraftforge.common.ForgeConfigSpec/CORE]: Incorrect key item-behavior.nuclear_explosion_size_modifier was corrected from null to its default, 3.0. 
[01May2025 18:52:20.981] [main/WARN] [net.minecraftforge.common.ForgeConfigSpec/CORE]: Incorrect key item-behavior.totem_of_possession_works_on_players was corrected from null to its default, true. 
[01May2025 18:52:20.981] [main/WARN] [net.minecraftforge.common.ForgeConfigSpec/CORE]: Incorrect key item-behavior.darkness_cloak_charge_time was corrected from null to its default, 1000. 
[01May2025 18:52:20.981] [main/WARN] [net.minecraftforge.common.ForgeConfigSpec/CORE]: Incorrect key item-behavior.darkness_cloak_fly_time was corrected from null to its default, 200. 
[01May2025 18:52:20.981] [main/WARN] [net.minecraftforge.common.ForgeConfigSpec/CORE]: Incorrect key potion-behavior was corrected from null to its default, SimpleCommentedConfig:{}. 
[01May2025 18:52:20.981] [main/WARN] [net.minecraftforge.common.ForgeConfigSpec/CORE]: Incorrect key potion-behavior.sugar_rush_slows_time was corrected from null to its default, true. 
[01May2025 18:52:20.983] [main/WARN] [net.minecraftforge.common.ForgeConfigSpec/CORE]: Incorrect key vanilla-changes was corrected from null to its default, SimpleCommentedConfig:{}. 
[01May2025 18:52:20.983] [main/WARN] [net.minecraftforge.common.ForgeConfigSpec/CORE]: Incorrect key vanilla-changes.magnetic_tablet_loot_chance was corrected from null to its default, 0.45. 
[01May2025 18:52:20.983] [main/WARN] [net.minecraftforge.common.ForgeConfigSpec/CORE]: Incorrect key vanilla-changes.primordial_tablet_loot_chance was corrected from null to its default, 0.15. 
[01May2025 18:52:20.983] [main/WARN] [net.minecraftforge.common.ForgeConfigSpec/CORE]: Incorrect key vanilla-changes.toxic_tablet_loot_chance was corrected from null to its default, 0.5. 
[01May2025 18:52:20.983] [main/WARN] [net.minecraftforge.common.ForgeConfigSpec/CORE]: Incorrect key vanilla-changes.abyssal_tablet_loot_chance was corrected from null to its default, 0.4. 
[01May2025 18:52:20.984] [main/WARN] [net.minecraftforge.common.ForgeConfigSpec/CORE]: Incorrect key vanilla-changes.forlorn_tablet_loot_chance was corrected from null to its default, 0.75. 
[01May2025 18:52:20.984] [main/WARN] [net.minecraftforge.common.ForgeConfigSpec/CORE]: Incorrect key vanilla-changes.candy_cavity_loot_chance was corrected from null to its default, 0.9. 
[01May2025 18:52:20.984] [main/WARN] [net.minecraftforge.common.ForgeConfigSpec/CORE]: Incorrect key vanilla-changes.cabin_map_loot_chance was corrected from null to its default, 0.15. 
[01May2025 18:52:20.984] [main/WARN] [net.minecraftforge.common.ForgeConfigSpec/CORE]: Incorrect key vanilla-changes.cartographers_sell_cabin_maps was corrected from null to its default, true. 
[01May2025 18:52:20.984] [main/WARN] [net.minecraftforge.common.ForgeConfigSpec/CORE]: Incorrect key vanilla-changes.wandering_traders_sell_cabin_maps was corrected from null to its default, true. 
[01May2025 18:52:20.984] [main/WARN] [net.minecraftforge.common.ForgeConfigSpec/CORE]: Incorrect key vanilla-changes.loot_chest_in_witch_huts was corrected from null to its default, true. 
[01May2025 18:52:20.984] [main/WARN] [net.minecraftforge.common.ForgeConfigSpec/CORE]: Incorrect key vanilla-changes.enchantments_in_loot was corrected from null to its default, false. 
[01May2025 18:52:20.992] [main/WARN] [net.minecraftforge.common.ForgeConfigSpec/CORE]: Configuration file /workspaces/Gamers/servidor_minecraft/config/mysticsbiomes-common.toml is not correct. Correcting
[01May2025 18:52:20.993] [main/WARN] [net.minecraftforge.common.ForgeConfigSpec/CORE]: Incorrect key World Gen was corrected from null to its default, SimpleCommentedConfig:{}. 
[01May2025 18:52:20.993] [main/WARN] [net.minecraftforge.common.ForgeConfigSpec/CORE]: Incorrect key World Gen.Biome Region Weight was corrected from null to its default, 4. 
[01May2025 18:52:20.993] [main/WARN] [net.minecraftforge.common.ForgeConfigSpec/CORE]: Incorrect key World Gen.Strawberry Fields was corrected from null to its default, true. 
[01May2025 18:52:20.994] [main/WARN] [net.minecraftforge.common.ForgeConfigSpec/CORE]: Incorrect key World Gen.Lavender Meadow was corrected from null to its default, true. 
[01May2025 18:52:20.994] [main/WARN] [net.minecraftforge.common.ForgeConfigSpec/CORE]: Incorrect key World Gen.Bamboo Blossom Forest was corrected from null to its default, true. 
[01May2025 18:52:20.994] [main/WARN] [net.minecraftforge.common.ForgeConfigSpec/CORE]: Incorrect key World Gen.Autumnal Grove was corrected from null to its default, true. 
[01May2025 18:52:20.995] [main/WARN] [net.minecraftforge.common.ForgeConfigSpec/CORE]: Incorrect key World Gen.Lush Oasis was corrected from null to its default, true. 
[01May2025 18:52:20.995] [main/WARN] [net.minecraftforge.common.ForgeConfigSpec/CORE]: Incorrect key World Gen.Lagoon was corrected from null to its default, true. 
[01May2025 18:52:20.995] [main/WARN] [net.minecraftforge.common.ForgeConfigSpec/CORE]: Incorrect key World Gen.Tropics was corrected from null to its default, true. 
[01May2025 18:52:20.996] [main/WARN] [net.minecraftforge.common.ForgeConfigSpec/CORE]: Incorrect key Animal Spawns was corrected from null to its default, SimpleCommentedConfig:{}. 
[01May2025 18:52:20.996] [main/WARN] [net.minecraftforge.common.ForgeConfigSpec/CORE]: Incorrect key Animal Spawns.Rainbow Chickens was corrected from null to its default, [minecraft:plains, minecraft:forest, minecraft:flower_forest]. 
[01May2025 18:52:20.996] [main/WARN] [net.minecraftforge.common.ForgeConfigSpec/CORE]: Incorrect key Animal Spawns.Rainbow Chicken Spawn Chance was corrected from null to its default, 6. 
[01May2025 18:52:21.000] [main/WARN] [net.minecraftforge.common.ForgeConfigSpec/CORE]: Configuration file /workspaces/Gamers/servidor_minecraft/config/chiselsandbits-common.toml is not correct. Correcting
[01May2025 18:52:21.000] [main/WARN] [net.minecraftforge.common.ForgeConfigSpec/CORE]: Incorrect key help was corrected from null to its default, SimpleCommentedConfig:{}. 
[01May2025 18:52:21.000] [main/WARN] [net.minecraftforge.common.ForgeConfigSpec/CORE]: Incorrect key help.enabled-in-tooltips was corrected from null to its default, true. 
[01May2025 18:52:21.001] [main/WARN] [net.minecraftforge.common.ForgeConfigSpec/CORE]: Incorrect key performance was corrected from null to its default, SimpleCommentedConfig:{}. 
[01May2025 18:52:21.001] [main/WARN] [net.minecraftforge.common.ForgeConfigSpec/CORE]: Incorrect key performance.caches was corrected from null to its default, SimpleCommentedConfig:{}. 
[01May2025 18:52:21.001] [main/WARN] [net.minecraftforge.common.ForgeConfigSpec/CORE]: Incorrect key performance.caches.sizes was corrected from null to its default, SimpleCommentedConfig:{}. 
[01May2025 18:52:21.001] [main/WARN] [net.minecraftforge.common.ForgeConfigSpec/CORE]: Incorrect key performance.caches.sizes.collision-boxes was corrected from null to its default, 10000. 
[01May2025 18:52:21.001] [main/WARN] [net.minecraftforge.common.ForgeConfigSpec/CORE]: Incorrect key performance.caches.sizes.class-metadata was corrected from null to its default, 10000. 
[01May2025 18:52:21.001] [main/WARN] [net.minecraftforge.common.ForgeConfigSpec/CORE]: Incorrect key performance.saving was corrected from null to its default, SimpleCommentedConfig:{}. 
[01May2025 18:52:21.001] [main/WARN] [net.minecraftforge.common.ForgeConfigSpec/CORE]: Incorrect key performance.saving.thread-count was corrected from null to its default, 2. 
[01May2025 18:52:21.003] [main/WARN] [net.minecraftforge.common.ForgeConfigSpec/CORE]: Configuration file /workspaces/Gamers/servidor_minecraft/config/framedblocks-common.toml is not correct. Correcting
[01May2025 18:52:21.003] [main/WARN] [net.minecraftforge.common.ForgeConfigSpec/CORE]: Incorrect key general was corrected from null to its default, SimpleCommentedConfig:{}. 
[01May2025 18:52:21.003] [main/WARN] [net.minecraftforge.common.ForgeConfigSpec/CORE]: Incorrect key general.fireproofBlocks was corrected from null to its default, false. 
[01May2025 18:52:21.006] [main/WARN] [net.minecraftforge.common.ForgeConfigSpec/CORE]: Configuration file /workspaces/Gamers/servidor_minecraft/config/create-common.toml is not correct. Correcting
[01May2025 18:52:21.006] [main/WARN] [net.minecraftforge.common.ForgeConfigSpec/CORE]: Incorrect key worldgen was corrected from null to its default, SimpleCommentedConfig:{}. 
[01May2025 18:52:21.006] [main/WARN] [net.minecraftforge.common.ForgeConfigSpec/CORE]: Incorrect key worldgen.disableWorldGen was corrected from null to its default, false. 
[01May2025 18:52:21.151] [modloading-worker-0/INFO] [Dungeon Crawl/]: Common Setup
[01May2025 18:52:21.155] [modloading-worker-0/WARN] [net.minecraftforge.common.ForgeConfigSpec/CORE]: Configuration file /workspaces/Gamers/servidor_minecraft/config/dungeon_crawl.toml is not correct. Correcting
[01May2025 18:52:21.156] [modloading-worker-0/WARN] [net.minecraftforge.common.ForgeConfigSpec/CORE]: Incorrect key Miscellaneous Settings was corrected from null to its default, SimpleCommentedConfig:{}. 
[01May2025 18:52:21.157] [modloading-worker-0/WARN] [net.minecraftforge.common.ForgeConfigSpec/CORE]: Incorrect key Miscellaneous Settings.enable_tools was corrected from null to its default, false. 
[01May2025 18:52:21.157] [modloading-worker-0/WARN] [net.minecraftforge.common.ForgeConfigSpec/CORE]: Incorrect key Miscellaneous Settings.extended_debug was corrected from null to its default, true. 
[01May2025 18:52:21.160] [modloading-worker-0/WARN] [net.minecraftforge.common.ForgeConfigSpec/CORE]: Incorrect key World Generation was corrected from null to its default, SimpleCommentedConfig:{}. 
[01May2025 18:52:21.161] [modloading-worker-0/WARN] [net.minecraftforge.common.ForgeConfigSpec/CORE]: Incorrect key World Generation.solid was corrected from null to its default, false. 
[01May2025 18:52:21.163] [modloading-worker-0/WARN] [net.minecraftforge.common.ForgeConfigSpec/CORE]: Incorrect key World Generation.tick_falling_blocks was corrected from null to its default, true. 
[01May2025 18:52:21.165] [modloading-worker-0/WARN] [net.minecraftforge.common.ForgeConfigSpec/CORE]: Incorrect key Dungeon Settings was corrected from null to its default, SimpleCommentedConfig:{}. 
[01May2025 18:52:21.166] [modloading-worker-0/WARN] [net.minecraftforge.common.ForgeConfigSpec/CORE]: Incorrect key Dungeon Settings.secret_rooms was corrected from null to its default, true. 
[01May2025 18:52:21.166] [modloading-worker-0/WARN] [net.minecraftforge.common.ForgeConfigSpec/CORE]: Incorrect key Dungeon Settings.fixed_generation_height was corrected from null to its default, false. 
[01May2025 18:52:21.166] [modloading-worker-0/WARN] [net.minecraftforge.common.ForgeConfigSpec/CORE]: Incorrect key Dungeon Settings.overwrite_entity_loot_tables was corrected from null to its default, true. 
[01May2025 18:52:21.166] [modloading-worker-0/WARN] [net.minecraftforge.common.ForgeConfigSpec/CORE]: Incorrect key Dungeon Settings.no_nether_blocks was corrected from null to its default, false. 
[01May2025 18:52:21.166] [modloading-worker-0/WARN] [net.minecraftforge.common.ForgeConfigSpec/CORE]: Incorrect key Dungeon Settings.spawner_activation_range was corrected from null to its default, 12. 
[01May2025 18:52:21.167] [modloading-worker-0/WARN] [net.minecraftforge.common.ForgeConfigSpec/CORE]: Incorrect key Dungeon Settings.spawner_entities was corrected from null to its default, 6. 
[01May2025 18:52:21.167] [modloading-worker-0/WARN] [net.minecraftforge.common.ForgeConfigSpec/CORE]: Incorrect key Dungeon Settings.custom_spawners was corrected from null to its default, true. 
[01May2025 18:52:21.168] [modloading-worker-0/WARN] [net.minecraftforge.common.ForgeConfigSpec/CORE]: Incorrect key Dungeon Settings.natural_despawn was corrected from null to its default, true. 
[01May2025 18:52:21.171] [modloading-worker-0/INFO] [fusion Mod Event Subscriber/]: Simple Ores is not loaded.
[01May2025 18:52:21.189] [modloading-worker-0/INFO] [mekanism.common.Mekanism/]: Version 10.4.15 initializing...
[01May2025 18:52:21.206] [modloading-worker-0/INFO] [mekanism.common.Mekanism/]: Loaded 'Mekanism: Generators' module.
[01May2025 18:52:21.207] [modloading-worker-0/INFO] [mekanism.common.Mekanism/]: Loaded 'Mekanism: Tools' module.
[01May2025 18:52:21.364] [Forge Version Check/INFO] [net.minecraftforge.fml.VersionChecker/]: [easyanvils] Starting version check at https://raw.githubusercontent.com/Fuzss/modresources/main/update/easyanvils.json
[01May2025 18:52:21.371] [modloading-worker-0/INFO] [mekanism.common.Mekanism/]: Fake player readout: UUID = 46e82cd0-d480-3d48-800a-77431ede078e, name = [Mekanism]
[01May2025 18:52:21.372] [modloading-worker-0/INFO] [mekanism.common.Mekanism/]: Mod loaded.
[01May2025 18:52:21.607] [Forge Version Check/INFO] [net.minecraftforge.fml.VersionChecker/]: [easyanvils] Found status: UP_TO_DATE Current: 8.0.2 Target: null
[01May2025 18:52:21.611] [Forge Version Check/INFO] [net.minecraftforge.fml.VersionChecker/]: [doggytalents] Starting version check at https://raw.githubusercontent.com/DashieDev/DoggyTalentsNext/0d05eaff7c4b588831ca6480f737187f44dda820/check_for_update/update.json
[01May2025 18:52:21.642] [Forge Version Check/INFO] [net.minecraftforge.fml.VersionChecker/]: [doggytalents] Found status: BETA Current: 1.18.48 Target: 1.17.2
[01May2025 18:52:21.642] [Forge Version Check/INFO] [net.minecraftforge.fml.VersionChecker/]: [mcwwindows] Starting version check at https://raw.githubusercontent.com/sketchmacaw/macawsmods/master/window.json
[01May2025 18:52:21.655] [Forge Version Check/INFO] [net.minecraftforge.fml.VersionChecker/]: [mcwwindows] Found status: UP_TO_DATE Current: 2.3.0 Target: null
[01May2025 18:52:21.655] [Forge Version Check/INFO] [net.minecraftforge.fml.VersionChecker/]: [mcwstairs] Starting version check at https://raw.githubusercontent.com/sketchmacaw/macawsmods/master/stairs.json
[01May2025 18:52:21.665] [Forge Version Check/INFO] [net.minecraftforge.fml.VersionChecker/]: [mcwstairs] Found status: UP_TO_DATE Current: 1.0.1 Target: null
[01May2025 18:52:21.665] [Forge Version Check/INFO] [net.minecraftforge.fml.VersionChecker/]: [mcwdoors] Starting version check at https://raw.githubusercontent.com/sketchmacaw/macawsmods/master/doors.json
[01May2025 18:52:21.680] [Forge Version Check/INFO] [net.minecraftforge.fml.VersionChecker/]: [mcwdoors] Found status: UP_TO_DATE Current: 1.1.2 Target: null
[01May2025 18:52:21.680] [Forge Version Check/INFO] [net.minecraftforge.fml.VersionChecker/]: [additionalstructures] Starting version check at https://raw.githubusercontent.com/XxRexRaptorxX/Update-Checker/main/AdditionalStructures.json
[01May2025 18:52:21.692] [Forge Version Check/INFO] [net.minecraftforge.fml.VersionChecker/]: [additionalstructures] Found status: UP_TO_DATE Current: 4.2.2 Target: null
[01May2025 18:52:21.692] [Forge Version Check/INFO] [net.minecraftforge.fml.VersionChecker/]: [easy_piglins] Starting version check at https://update.maxhenkel.de/forge/easy_piglins
[01May2025 18:52:21.819] [Forge Version Check/INFO] [net.minecraftforge.fml.VersionChecker/]: [easy_piglins] Found status: OUTDATED Current: 1.20.1-1.0.13 Target: 1.20.1-1.1.0
[01May2025 18:52:21.821] [Forge Version Check/INFO] [net.minecraftforge.fml.VersionChecker/]: [diagonalblocks] Starting version check at https://raw.githubusercontent.com/Fuzss/modresources/main/update/diagonalblocks.json
[01May2025 18:52:21.830] [Forge Version Check/INFO] [net.minecraftforge.fml.VersionChecker/]: [diagonalblocks] Found status: BETA Current: 8.0.6 Target: null
[01May2025 18:52:21.830] [Forge Version Check/INFO] [net.minecraftforge.fml.VersionChecker/]: [simplecorelib] Starting version check at https://raw.githubusercontent.com/Sinhika/SimpleCoreLib/1.20/update.json
[01May2025 18:52:21.841] [Forge Version Check/INFO] [net.minecraftforge.fml.VersionChecker/]: [simplecorelib] Found status: UP_TO_DATE Current: 1.20.1-6.0.1.2 Target: null
[01May2025 18:52:21.842] [Forge Version Check/INFO] [net.minecraftforge.fml.VersionChecker/]: [mcwtrpdoors] Starting version check at https://raw.githubusercontent.com/sketchmacaw/macawsmods/master/trapdoors.json
[01May2025 18:52:21.860] [Forge Version Check/INFO] [net.minecraftforge.fml.VersionChecker/]: [mcwtrpdoors] Found status: UP_TO_DATE Current: 1.1.4 Target: null
[01May2025 18:52:21.860] [Forge Version Check/INFO] [net.minecraftforge.fml.VersionChecker/]: [mcwfences] Starting version check at https://raw.githubusercontent.com/sketchmacaw/macawsmods/master/fences.json
[01May2025 18:52:21.873] [Forge Version Check/INFO] [net.minecraftforge.fml.VersionChecker/]: [mcwfences] Found status: UP_TO_DATE Current: 1.2.0 Target: null
[01May2025 18:52:21.873] [Forge Version Check/INFO] [net.minecraftforge.fml.VersionChecker/]: [tombstone] Starting version check at https://raw.githubusercontent.com/Corail31/tombstone_lite/master/update.json
[01May2025 18:52:21.887] [Forge Version Check/INFO] [net.minecraftforge.fml.VersionChecker/]: [tombstone] Found status: UP_TO_DATE Current: 8.9.4 Target: null
[01May2025 18:52:21.888] [Forge Version Check/INFO] [net.minecraftforge.fml.VersionChecker/]: [mcwfurnitures] Starting version check at https://raw.githubusercontent.com/sketchmacaw/macawsmods/master/furniture.json
[01May2025 18:52:21.915] [Forge Version Check/INFO] [net.minecraftforge.fml.VersionChecker/]: [mcwfurnitures] Found status: UP_TO_DATE Current: 3.3.0 Target: null
[01May2025 18:52:21.915] [Forge Version Check/INFO] [net.minecraftforge.fml.VersionChecker/]: [refurbished_furniture] Starting version check at https://mrcrayfish.com/api/mod_update/forge/refurbished_furniture
[01May2025 18:52:22.226] [main/INFO] [Framework/SYNCED_ENTITY_DATA]: Registered synced data key refurbished_furniture:lock_yaw for refurbished_furniture:seat
[01May2025 18:52:22.235] [main/INFO] [journeymap/]: Initializing Packet Registries
[01May2025 18:52:22.393] [main/INFO] [terrablender/]: Registered region minecraft:overworld to index 0 for type OVERWORLD
[01May2025 18:52:22.393] [main/INFO] [terrablender/]: Registered region minecraft:nether to index 0 for type NETHER
[01May2025 18:52:22.393] [main/INFO] [terrablender/]: Registered region biomesoplenty:overworld_primary to index 1 for type OVERWORLD
[01May2025 18:52:22.393] [main/INFO] [terrablender/]: Registered region biomesoplenty:overworld_secondary to index 2 for type OVERWORLD
[01May2025 18:52:22.393] [main/INFO] [terrablender/]: Registered region biomesoplenty:overworld_rare to index 3 for type OVERWORLD
[01May2025 18:52:22.393] [main/INFO] [terrablender/]: Registered region biomesoplenty:nether_common to index 1 for type NETHER
[01May2025 18:52:22.394] [main/INFO] [terrablender/]: Registered region biomesoplenty:nether_rare to index 2 for type NETHER
[01May2025 18:52:22.395] [main/INFO] [terrablender/]: Registered region mysticsbiomes:overworld_provider to index 4 for type OVERWORLD
[01May2025 18:52:22.467] [main/INFO] [Framework/SYNCED_ENTITY_DATA]: Registered synced data key backpacked:unlock_tracker for minecraft:player
[01May2025 18:52:22.467] [main/INFO] [Framework/SYNCED_ENTITY_DATA]: Registered synced data key backpacked:trader_pickpocketing for minecraft:wandering_trader
[01May2025 18:52:22.469] [Forge Version Check/INFO] [net.minecraftforge.fml.VersionChecker/]: [refurbished_furniture] Found status: BETA Current: 1.0.12 Target: 1.0.12
[01May2025 18:52:22.469] [Forge Version Check/INFO] [net.minecraftforge.fml.VersionChecker/]: [framework] Starting version check at https://mrcrayfish.com/modupdatejson?id=framework
[01May2025 18:52:22.524] [modloading-worker-0/INFO] [com.chiki.dragonfinder.DragonFinder/]: Hello world from the MDK
[01May2025 18:52:22.524] [modloading-worker-0/INFO] [com.chiki.dragonfinder.DragonFinder/]: Got IMC [Hello world]
[01May2025 18:52:22.601] [modloading-worker-0/INFO] [Jade/]: Start loading plugin at net.blay09.mods.balm.forge.compat.hudinfo.ForgeJadeModCompat
[01May2025 18:52:22.608] [modloading-worker-0/INFO] [Jade/]: Start loading plugin at ovh.corail.tombstone.compatibility.IntegrationJade
[01May2025 18:52:22.608] [modloading-worker-0/INFO] [Jade/]: Start loading plugin at net.blay09.mods.waystones.compat.JadeIntegration
[01May2025 18:52:22.609] [modloading-worker-0/INFO] [Jade/]: Start loading plugin at mekanism.common.integration.lookingat.jade.MekanismJadePlugin
[01May2025 18:52:22.612] [modloading-worker-0/INFO] [Jade/]: Start loading plugin at snownee.jade.addon.vanilla.VanillaPlugin
[01May2025 18:52:22.624] [modloading-worker-0/INFO] [Jade/]: Start loading plugin at snownee.jade.addon.universal.UniversalPlugin
[01May2025 18:52:22.629] [modloading-worker-0/INFO] [Jade/]: Start loading plugin at snownee.jade.addon.core.CorePlugin
[01May2025 18:52:22.631] [modloading-worker-0/INFO] [Jade/]: Start loading plugin at de.maxhenkel.easyvillagers.integration.waila.PluginEasyVillagers
[01May2025 18:52:22.631] [modloading-worker-0/INFO] [Jade/]: Start loading plugin at xfacthd.framedblocks.common.compat.jade.FramedJadePlugin
[01May2025 18:52:22.632] [modloading-worker-0/INFO] [Jade/]: Start loading plugin at net.geforcemods.securitycraft.compat.hudmods.JadeDataProvider
[01May2025 18:52:23.347] [Forge Version Check/INFO] [net.minecraftforge.fml.VersionChecker/]: [framework] Found status: BETA Current: 0.7.12 Target: 0.7.12
[01May2025 18:52:23.348] [Forge Version Check/INFO] [net.minecraftforge.fml.VersionChecker/]: [mcwlights] Starting version check at https://raw.githubusercontent.com/sketchmacaw/macawsmods/master/lights.json
[01May2025 18:52:23.362] [Forge Version Check/INFO] [net.minecraftforge.fml.VersionChecker/]: [mcwlights] Found status: UP_TO_DATE Current: 1.1.0 Target: null
[01May2025 18:52:23.362] [Forge Version Check/INFO] [net.minecraftforge.fml.VersionChecker/]: [goblintraders] Starting version check at https://mrcrayfish.com/modupdatejson?id=goblintraders
[01May2025 18:52:24.276] [Forge Version Check/INFO] [net.minecraftforge.fml.VersionChecker/]: [goblintraders] Found status: BETA Current: 1.9.3 Target: 1.9.3
[01May2025 18:52:24.276] [Forge Version Check/INFO] [net.minecraftforge.fml.VersionChecker/]: [journeymap] Starting version check at https://forge.curseupdate.com/32274/journeymap
[01May2025 18:52:24.651] [Forge Version Check/INFO] [net.minecraftforge.fml.VersionChecker/]: [journeymap] Found status: BETA Current: 5.10.3 Target: null
[01May2025 18:52:24.651] [Forge Version Check/INFO] [net.minecraftforge.fml.VersionChecker/]: [fusion] Starting version check at https://raw.githubusercontent.com/Sinhika/Fusion/1.18/update.json
[01May2025 18:52:24.792] [Forge Version Check/INFO] [net.minecraftforge.fml.VersionChecker/]: [fusion] Found status: BETA Current: 1.20.1-6.0.0.3 Target: null
[01May2025 18:52:24.792] [Forge Version Check/INFO] [net.minecraftforge.fml.VersionChecker/]: [puzzlesaccessapi] Starting version check at https://raw.githubusercontent.com/Fuzss/modresources/main/update/puzzlesaccessapi.json
[01May2025 18:52:24.802] [Forge Version Check/INFO] [net.minecraftforge.fml.VersionChecker/]: [puzzlesaccessapi] Found status: BETA Current: 20.1.1 Target: null
[01May2025 18:52:24.802] [Forge Version Check/INFO] [net.minecraftforge.fml.VersionChecker/]: [forge] Starting version check at https://files.minecraftforge.net/net/minecraftforge/forge/promotions_slim.json
[01May2025 18:52:24.974] [Forge Version Check/INFO] [net.minecraftforge.fml.VersionChecker/]: [forge] Found status: OUTDATED Current: 47.3.7 Target: 47.4.0
[01May2025 18:52:24.974] [Forge Version Check/INFO] [net.minecraftforge.fml.VersionChecker/]: [easy_villagers] Starting version check at https://update.maxhenkel.de/forge/easy_villagers
[01May2025 18:52:24.997] [Forge Version Check/INFO] [net.minecraftforge.fml.VersionChecker/]: [easy_villagers] Found status: AHEAD Current: 1.20.1-1.1.27 Target: null
[01May2025 18:52:24.997] [Forge Version Check/INFO] [net.minecraftforge.fml.VersionChecker/]: [securitycraft] Starting version check at https://www.github.com/Geforce132/SecurityCraft/raw/master/Updates/Forge.json
[01May2025 18:52:25.057] [Forge Version Check/INFO] [net.minecraftforge.fml.VersionChecker/]: [securitycraft] Found status: UP_TO_DATE Current: 1.9.12 Target: null
[01May2025 18:52:25.058] [Forge Version Check/INFO] [net.minecraftforge.fml.VersionChecker/]: [diagonalfences] Starting version check at https://raw.githubusercontent.com/Fuzss/modresources/main/update/diagonalfences.json
[01May2025 18:52:25.066] [Forge Version Check/INFO] [net.minecraftforge.fml.VersionChecker/]: [diagonalfences] Found status: UP_TO_DATE Current: 8.1.5 Target: null
[01May2025 18:52:25.067] [Forge Version Check/INFO] [net.minecraftforge.fml.VersionChecker/]: [backpacked] Starting version check at https://mrcrayfish.com/modupdatejson?id=backpacked
[01May2025 18:52:25.937] [Forge Version Check/INFO] [net.minecraftforge.fml.VersionChecker/]: [backpacked] Found status: BETA Current: 3.0.0-beta.9 Target: 3.0.0-beta.9
[01May2025 18:52:25.937] [Forge Version Check/INFO] [net.minecraftforge.fml.VersionChecker/]: [puzzleslib] Starting version check at https://raw.githubusercontent.com/Fuzss/modresources/main/update/puzzleslib.json
[01May2025 18:52:25.946] [Forge Version Check/INFO] [net.minecraftforge.fml.VersionChecker/]: [puzzleslib] Found status: UP_TO_DATE Current: 8.1.32 Target: null
[01May2025 18:52:37.401] [main/INFO] [com.mojang.authlib.yggdrasil.YggdrasilAuthenticationService/]: Environment: authHost='https://authserver.mojang.com', accountsHost='https://api.mojang.com', sessionHost='https://sessionserver.mojang.com', servicesHost='https://api.minecraftservices.com', name='PROD'
[01May2025 18:52:48.817] [main/WARN] [supermartijn642corelib/]: Could not find value 'formations:template_editor' in registry 'minecraft:item' for @RegistryEntryAcceptor!
[01May2025 18:52:48.907] [main/WARN] [net.minecraft.server.packs.VanillaPackResourcesBuilder/]: Assets URL 'union:/workspaces/Gamers/servidor_minecraft/libraries/net/minecraft/server/1.20.1-20230612.114412/server-1.20.1-20230612.114412-srg.jar%23279!/assets/.mcassetsroot' uses unexpected schema
[01May2025 18:52:48.908] [main/WARN] [net.minecraft.server.packs.VanillaPackResourcesBuilder/]: Assets URL 'union:/workspaces/Gamers/servidor_minecraft/libraries/net/minecraft/server/1.20.1-20230612.114412/server-1.20.1-20230612.114412-srg.jar%23279!/data/.mcassetsroot' uses unexpected schema
[01May2025 18:52:49.472] [main/INFO] [com.simibubi.create.Create/]: Created 987 recipes which will be injected into the game
[01May2025 18:52:49.485] [main/INFO] [com.simibubi.create.Create/]: Created 44 tags which will be injected into the game
[01May2025 18:52:49.696] [main/INFO] [net.minecraft.server.MinecraftServer/]: Found new data pack create:dynamic_data, loading it automatically
[01May2025 18:52:49.866] [main/INFO] [com.teamabnormals.blueprint.core.Blueprint/]: Successfully loaded 0 data remolders!
[01May2025 18:52:50.376] [main/INFO] [bettervillage/]: StructureSet modified for minecraft:village : Now using custom village configuration (can be disabled in the better villages config: boolean.villages.enabled_custom_config).
[01May2025 18:52:51.216] [main/INFO] [Easy Mob Farm/]: Register Easy Mob Farm /easy_mob_farm commands for Easy Mob Farm ...
[01May2025 18:52:51.492] [main/INFO] [com.github.alexthe666.alexsmobs.AlexsMobs/]: Adding datapack listener capsid_recipes
[01May2025 18:52:52.021] [Worker-Main-2/WARN] [artifacts.Artifacts/]: Tag entries for curios:tags/items/magic_book.json cleared by tombstone-1.20.1-8.9.4.jar
[01May2025 18:52:52.235] [Worker-Main-2/ERROR] [net.minecraft.tags.TagLoader/]: Couldn't load tag easy_villagers:invalid_farmer_crop as it is missing following references: farmersdelight:tomato_seeds (from easy-villagers-forge-1.20.1-1.1.27.jar)
[01May2025 18:52:53.135] [Worker-Main-1/ERROR] [net.minecraftforge.common.ForgeHooks/]: Couldn't parse element loot_tables:naturalist:entities/tortoise
com.google.gson.JsonSyntaxException: Expected name to be an item, was unknown string 'minecraft:turtle_scute'
	at net.minecraft.util.GsonHelper.m_13866_(GsonHelper.java:145) ~[server-1.20.1-20230612.114412-srg.jar%23279!/:?]
	at java.util.Optional.orElseThrow(Optional.java:403) ~[?:?]
	at net.minecraft.util.GsonHelper.m_13874_(GsonHelper.java:145) ~[server-1.20.1-20230612.114412-srg.jar%23279!/:?]
	at net.minecraft.util.GsonHelper.m_13909_(GsonHelper.java:153) ~[server-1.20.1-20230612.114412-srg.jar%23279!/:?]
	at net.minecraft.world.level.storage.loot.entries.LootItem$Serializer.m_7267_(LootItem.java:55) ~[server-1.20.1-20230612.114412-srg.jar%23279!/:?]
	at net.minecraft.world.level.storage.loot.entries.LootItem$Serializer.m_7267_(LootItem.java:40) ~[server-1.20.1-20230612.114412-srg.jar%23279!/:?]
	at net.minecraft.world.level.storage.loot.entries.LootPoolSingletonContainer$Serializer.m_5921_(LootPoolSingletonContainer.java:151) ~[server-1.20.1-20230612.114412-srg.jar%23279!/:?]
	at net.minecraft.world.level.storage.loot.entries.LootPoolSingletonContainer$Serializer.m_5921_(LootPoolSingletonContainer.java:129) ~[server-1.20.1-20230612.114412-srg.jar%23279!/:?]
	at net.minecraft.world.level.storage.loot.entries.LootPoolEntryContainer$Serializer.m_7561_(LootPoolEntryContainer.java:86) ~[server-1.20.1-20230612.114412-srg.jar%23279!/:?]
	at net.minecraft.world.level.storage.loot.entries.LootPoolEntryContainer$Serializer.m_7561_(LootPoolEntryContainer.java:74) ~[server-1.20.1-20230612.114412-srg.jar%23279!/:?]
	at net.minecraft.world.level.storage.loot.GsonAdapterFactory$JsonAdapter.deserialize(GsonAdapterFactory.java:102) ~[server-1.20.1-20230612.114412-srg.jar%23279!/:?]
	at com.google.gson.internal.bind.TreeTypeAdapter.read(TreeTypeAdapter.java:76) ~[gson-2.10.jar%2372!/:?]
	at com.google.gson.internal.bind.TypeAdapterRuntimeTypeWrapper.read(TypeAdapterRuntimeTypeWrapper.java:40) ~[gson-2.10.jar%2372!/:?]
	at com.google.gson.internal.bind.ArrayTypeAdapter.read(ArrayTypeAdapter.java:72) ~[gson-2.10.jar%2372!/:?]
	at com.google.gson.Gson.fromJson(Gson.java:1214) ~[gson-2.10.jar%2372!/:?]
	at com.google.gson.Gson.fromJson(Gson.java:1319) ~[gson-2.10.jar%2372!/:?]
	at com.google.gson.Gson.fromJson(Gson.java:1290) ~[gson-2.10.jar%2372!/:?]
	at com.google.gson.internal.bind.TreeTypeAdapter$GsonContextImpl.deserialize(TreeTypeAdapter.java:179) ~[gson-2.10.jar%2372!/:?]
	at net.minecraft.util.GsonHelper.m_13808_(GsonHelper.java:463) ~[server-1.20.1-20230612.114412-srg.jar%23279!/:?]
	at net.minecraft.util.GsonHelper.m_13836_(GsonHelper.java:471) ~[server-1.20.1-20230612.114412-srg.jar%23279!/:?]
	at net.minecraft.world.level.storage.loot.LootPool$Serializer.deserialize(LootPool.java:192) ~[server-1.20.1-20230612.114412-srg.jar%23279!/:?]
	at net.minecraft.world.level.storage.loot.LootPool$Serializer.deserialize(LootPool.java:189) ~[server-1.20.1-20230612.114412-srg.jar%23279!/:?]
	at com.google.gson.internal.bind.TreeTypeAdapter.read(TreeTypeAdapter.java:76) ~[gson-2.10.jar%2372!/:?]
	at com.google.gson.internal.bind.TypeAdapterRuntimeTypeWrapper.read(TypeAdapterRuntimeTypeWrapper.java:40) ~[gson-2.10.jar%2372!/:?]
	at com.google.gson.internal.bind.ArrayTypeAdapter.read(ArrayTypeAdapter.java:72) ~[gson-2.10.jar%2372!/:?]
	at com.google.gson.Gson.fromJson(Gson.java:1214) ~[gson-2.10.jar%2372!/:?]
	at com.google.gson.Gson.fromJson(Gson.java:1319) ~[gson-2.10.jar%2372!/:?]
	at com.google.gson.Gson.fromJson(Gson.java:1290) ~[gson-2.10.jar%2372!/:?]
	at com.google.gson.internal.bind.TreeTypeAdapter$GsonContextImpl.deserialize(TreeTypeAdapter.java:179) ~[gson-2.10.jar%2372!/:?]
	at net.minecraft.util.GsonHelper.m_13808_(GsonHelper.java:463) ~[server-1.20.1-20230612.114412-srg.jar%23279!/:?]
	at net.minecraft.util.GsonHelper.m_13845_(GsonHelper.java:481) ~[server-1.20.1-20230612.114412-srg.jar%23279!/:?]
	at net.minecraft.world.level.storage.loot.LootTable$Serializer.deserialize(LootTable.java:294) ~[server-1.20.1-20230612.114412-srg.jar%23279!/:?]
	at net.minecraft.world.level.storage.loot.LootTable$Serializer.deserialize(LootTable.java:291) ~[server-1.20.1-20230612.114412-srg.jar%23279!/:?]
	at com.google.gson.internal.bind.TreeTypeAdapter.read(TreeTypeAdapter.java:76) ~[gson-2.10.jar%2372!/:?]
	at com.google.gson.Gson.fromJson(Gson.java:1214) ~[gson-2.10.jar%2372!/:?]
	at com.google.gson.Gson.fromJson(Gson.java:1319) ~[gson-2.10.jar%2372!/:?]
	at com.google.gson.Gson.fromJson(Gson.java:1261) ~[gson-2.10.jar%2372!/:?]
	at net.minecraftforge.common.ForgeHooks.loadLootTable(ForgeHooks.java:871) ~[forge-1.20.1-47.3.7-universal.jar%23284!/:?]
	at net.minecraftforge.common.ForgeHooks.lambda$getLootTableDeserializer$3(ForgeHooks.java:848) ~[forge-1.20.1-47.3.7-universal.jar%23284!/:?]
	at net.minecraft.world.level.storage.loot.LootDataType.deserialize(LootDataType.java:45) ~[server-1.20.1-20230612.114412-srg.jar%23279!/:?]
	at net.minecraft.world.level.storage.loot.LootDataManager.lambda$scheduleElementParse$4(LootDataManager.java:56) ~[server-1.20.1-20230612.114412-srg.jar%23279!/:?]
	at java.util.HashMap.forEach(HashMap.java:1421) ~[?:?]
	at net.minecraft.world.level.storage.loot.LootDataManager.m_278660_(LootDataManager.java:55) ~[server-1.20.1-20230612.114412-srg.jar%23279!/:?]
	at java.util.concurrent.CompletableFuture$AsyncRun.run(CompletableFuture.java:1804) ~[?:?]
	at java.util.concurrent.CompletableFuture$AsyncRun.exec(CompletableFuture.java:1796) ~[?:?]
	at java.util.concurrent.ForkJoinTask.doExec(ForkJoinTask.java:373) ~[?:?]
	at java.util.concurrent.ForkJoinPool$WorkQueue.topLevelExec(ForkJoinPool.java:1182) ~[?:?]
	at java.util.concurrent.ForkJoinPool.scan(ForkJoinPool.java:1655) ~[?:?]
	at java.util.concurrent.ForkJoinPool.runWorker(ForkJoinPool.java:1622) ~[?:?]
	at java.util.concurrent.ForkJoinWorkerThread.run(ForkJoinWorkerThread.java:165) ~[?:?]
[01May2025 18:52:53.544] [Worker-Main-2/ERROR] [net.minecraft.server.packs.resources.SimpleJsonResourceReloadListener/]: Couldn't parse data file mekanism_extras:reaction/enriched_radiance_gasification/enriched_radiance from mekanism_extras:recipes/reaction/enriched_radiance_gasification/enriched_radiance.json
com.google.gson.JsonParseException: java.io.EOFException: End of input at line 1 column 1 path $
	at net.minecraft.util.GsonHelper.m_13780_(GsonHelper.java:526) ~[server-1.20.1-20230612.114412-srg.jar%23279!/:?]
	at net.minecraft.util.GsonHelper.m_263475_(GsonHelper.java:531) ~[server-1.20.1-20230612.114412-srg.jar%23279!/:?]
	at net.minecraft.util.GsonHelper.m_13776_(GsonHelper.java:581) ~[server-1.20.1-20230612.114412-srg.jar%23279!/:?]
	at net.minecraft.server.packs.resources.SimpleJsonResourceReloadListener.m_278771_(SimpleJsonResourceReloadListener.java:41) ~[server-1.20.1-20230612.114412-srg.jar%23279!/:?]
	at net.minecraft.server.packs.resources.SimpleJsonResourceReloadListener.m_5944_(SimpleJsonResourceReloadListener.java:29) ~[server-1.20.1-20230612.114412-srg.jar%23279!/:?]
	at net.minecraft.server.packs.resources.SimpleJsonResourceReloadListener.m_5944_(SimpleJsonResourceReloadListener.java:17) ~[server-1.20.1-20230612.114412-srg.jar%23279!/:?]
	at net.minecraft.server.packs.resources.SimplePreparableReloadListener.m_10786_(SimplePreparableReloadListener.java:11) ~[server-1.20.1-20230612.114412-srg.jar%23279!/:?]
	at java.util.concurrent.CompletableFuture$AsyncSupply.run(CompletableFuture.java:1768) ~[?:?]
	at java.util.concurrent.CompletableFuture$AsyncSupply.exec(CompletableFuture.java:1760) ~[?:?]
	at java.util.concurrent.ForkJoinTask.doExec(ForkJoinTask.java:373) ~[?:?]
	at java.util.concurrent.ForkJoinPool$WorkQueue.topLevelExec(ForkJoinPool.java:1182) ~[?:?]
	at java.util.concurrent.ForkJoinPool.scan(ForkJoinPool.java:1655) ~[?:?]
	at java.util.concurrent.ForkJoinPool.runWorker(ForkJoinPool.java:1622) ~[?:?]
	at java.util.concurrent.ForkJoinWorkerThread.run(ForkJoinWorkerThread.java:165) ~[?:?]
Caused by: java.io.EOFException: End of input at line 1 column 1 path $
	at com.google.gson.stream.JsonReader.nextNonWhitespace(JsonReader.java:1455) ~[gson-2.10.jar%2372!/:?]
	at com.google.gson.stream.JsonReader.doPeek(JsonReader.java:558) ~[gson-2.10.jar%2372!/:?]
	at com.google.gson.stream.JsonReader.peek(JsonReader.java:433) ~[gson-2.10.jar%2372!/:?]
	at com.google.gson.internal.bind.TypeAdapters$28.read(TypeAdapters.java:769) ~[gson-2.10.jar%2372!/:?]
	at com.google.gson.internal.bind.TypeAdapters$28.read(TypeAdapters.java:725) ~[gson-2.10.jar%2372!/:?]
	at com.google.gson.internal.bind.TypeAdapters$34$1.read(TypeAdapters.java:1007) ~[gson-2.10.jar%2372!/:?]
	at net.minecraft.util.GsonHelper.m_13780_(GsonHelper.java:524) ~[server-1.20.1-20230612.114412-srg.jar%23279!/:?]
	... 13 more
[01May2025 18:52:53.848] [Worker-Main-1/ERROR] [net.minecraftforge.common.ForgeHooks/]: Couldn't parse element loot_tables:yuushya:blocks/painter_gift_box
com.google.gson.JsonSyntaxException: Expected name to be an item, was unknown string 'yuushya:get_lit_item'
	at net.minecraft.util.GsonHelper.m_13866_(GsonHelper.java:145) ~[server-1.20.1-20230612.114412-srg.jar%23279!/:?]
	at java.util.Optional.orElseThrow(Optional.java:403) ~[?:?]
	at net.minecraft.util.GsonHelper.m_13874_(GsonHelper.java:145) ~[server-1.20.1-20230612.114412-srg.jar%23279!/:?]
	at net.minecraft.util.GsonHelper.m_13909_(GsonHelper.java:153) ~[server-1.20.1-20230612.114412-srg.jar%23279!/:?]
	at net.minecraft.world.level.storage.loot.entries.LootItem$Serializer.m_7267_(LootItem.java:55) ~[server-1.20.1-20230612.114412-srg.jar%23279!/:?]
	at net.minecraft.world.level.storage.loot.entries.LootItem$Serializer.m_7267_(LootItem.java:40) ~[server-1.20.1-20230612.114412-srg.jar%23279!/:?]
	at net.minecraft.world.level.storage.loot.entries.LootPoolSingletonContainer$Serializer.m_5921_(LootPoolSingletonContainer.java:151) ~[server-1.20.1-20230612.114412-srg.jar%23279!/:?]
	at net.minecraft.world.level.storage.loot.entries.LootPoolSingletonContainer$Serializer.m_5921_(LootPoolSingletonContainer.java:129) ~[server-1.20.1-20230612.114412-srg.jar%23279!/:?]
	at net.minecraft.world.level.storage.loot.entries.LootPoolEntryContainer$Serializer.m_7561_(LootPoolEntryContainer.java:86) ~[server-1.20.1-20230612.114412-srg.jar%23279!/:?]
	at net.minecraft.world.level.storage.loot.entries.LootPoolEntryContainer$Serializer.m_7561_(LootPoolEntryContainer.java:74) ~[server-1.20.1-20230612.114412-srg.jar%23279!/:?]
	at net.minecraft.world.level.storage.loot.GsonAdapterFactory$JsonAdapter.deserialize(GsonAdapterFactory.java:102) ~[server-1.20.1-20230612.114412-srg.jar%23279!/:?]
	at com.google.gson.internal.bind.TreeTypeAdapter.read(TreeTypeAdapter.java:76) ~[gson-2.10.jar%2372!/:?]
	at com.google.gson.internal.bind.TypeAdapterRuntimeTypeWrapper.read(TypeAdapterRuntimeTypeWrapper.java:40) ~[gson-2.10.jar%2372!/:?]
	at com.google.gson.internal.bind.ArrayTypeAdapter.read(ArrayTypeAdapter.java:72) ~[gson-2.10.jar%2372!/:?]
	at com.google.gson.Gson.fromJson(Gson.java:1214) ~[gson-2.10.jar%2372!/:?]
	at com.google.gson.Gson.fromJson(Gson.java:1319) ~[gson-2.10.jar%2372!/:?]
	at com.google.gson.Gson.fromJson(Gson.java:1290) ~[gson-2.10.jar%2372!/:?]
	at com.google.gson.internal.bind.TreeTypeAdapter$GsonContextImpl.deserialize(TreeTypeAdapter.java:179) ~[gson-2.10.jar%2372!/:?]
	at net.minecraft.util.GsonHelper.m_13808_(GsonHelper.java:463) ~[server-1.20.1-20230612.114412-srg.jar%23279!/:?]
	at net.minecraft.util.GsonHelper.m_13836_(GsonHelper.java:471) ~[server-1.20.1-20230612.114412-srg.jar%23279!/:?]
	at net.minecraft.world.level.storage.loot.LootPool$Serializer.deserialize(LootPool.java:192) ~[server-1.20.1-20230612.114412-srg.jar%23279!/:?]
	at net.minecraft.world.level.storage.loot.LootPool$Serializer.deserialize(LootPool.java:189) ~[server-1.20.1-20230612.114412-srg.jar%23279!/:?]
	at com.google.gson.internal.bind.TreeTypeAdapter.read(TreeTypeAdapter.java:76) ~[gson-2.10.jar%2372!/:?]
	at com.google.gson.internal.bind.TypeAdapterRuntimeTypeWrapper.read(TypeAdapterRuntimeTypeWrapper.java:40) ~[gson-2.10.jar%2372!/:?]
	at com.google.gson.internal.bind.ArrayTypeAdapter.read(ArrayTypeAdapter.java:72) ~[gson-2.10.jar%2372!/:?]
	at com.google.gson.Gson.fromJson(Gson.java:1214) ~[gson-2.10.jar%2372!/:?]
	at com.google.gson.Gson.fromJson(Gson.java:1319) ~[gson-2.10.jar%2372!/:?]
	at com.google.gson.Gson.fromJson(Gson.java:1290) ~[gson-2.10.jar%2372!/:?]
	at com.google.gson.internal.bind.TreeTypeAdapter$GsonContextImpl.deserialize(TreeTypeAdapter.java:179) ~[gson-2.10.jar%2372!/:?]
	at net.minecraft.util.GsonHelper.m_13808_(GsonHelper.java:463) ~[server-1.20.1-20230612.114412-srg.jar%23279!/:?]
	at net.minecraft.util.GsonHelper.m_13845_(GsonHelper.java:481) ~[server-1.20.1-20230612.114412-srg.jar%23279!/:?]
	at net.minecraft.world.level.storage.loot.LootTable$Serializer.deserialize(LootTable.java:294) ~[server-1.20.1-20230612.114412-srg.jar%23279!/:?]
	at net.minecraft.world.level.storage.loot.LootTable$Serializer.deserialize(LootTable.java:291) ~[server-1.20.1-20230612.114412-srg.jar%23279!/:?]
	at com.google.gson.internal.bind.TreeTypeAdapter.read(TreeTypeAdapter.java:76) ~[gson-2.10.jar%2372!/:?]
	at com.google.gson.Gson.fromJson(Gson.java:1214) ~[gson-2.10.jar%2372!/:?]
	at com.google.gson.Gson.fromJson(Gson.java:1319) ~[gson-2.10.jar%2372!/:?]
	at com.google.gson.Gson.fromJson(Gson.java:1261) ~[gson-2.10.jar%2372!/:?]
	at net.minecraftforge.common.ForgeHooks.loadLootTable(ForgeHooks.java:871) ~[forge-1.20.1-47.3.7-universal.jar%23284!/:?]
	at net.minecraftforge.common.ForgeHooks.lambda$getLootTableDeserializer$3(ForgeHooks.java:848) ~[forge-1.20.1-47.3.7-universal.jar%23284!/:?]
	at net.minecraft.world.level.storage.loot.LootDataType.deserialize(LootDataType.java:45) ~[server-1.20.1-20230612.114412-srg.jar%23279!/:?]
	at net.minecraft.world.level.storage.loot.LootDataManager.lambda$scheduleElementParse$4(LootDataManager.java:56) ~[server-1.20.1-20230612.114412-srg.jar%23279!/:?]
	at java.util.HashMap.forEach(HashMap.java:1421) ~[?:?]
	at net.minecraft.world.level.storage.loot.LootDataManager.m_278660_(LootDataManager.java:55) ~[server-1.20.1-20230612.114412-srg.jar%23279!/:?]
	at java.util.concurrent.CompletableFuture$AsyncRun.run(CompletableFuture.java:1804) ~[?:?]
	at java.util.concurrent.CompletableFuture$AsyncRun.exec(CompletableFuture.java:1796) ~[?:?]
	at java.util.concurrent.ForkJoinTask.doExec(ForkJoinTask.java:373) ~[?:?]
	at java.util.concurrent.ForkJoinPool$WorkQueue.topLevelExec(ForkJoinPool.java:1182) ~[?:?]
	at java.util.concurrent.ForkJoinPool.scan(ForkJoinPool.java:1655) ~[?:?]
	at java.util.concurrent.ForkJoinPool.runWorker(ForkJoinPool.java:1622) ~[?:?]
	at java.util.concurrent.ForkJoinWorkerThread.run(ForkJoinWorkerThread.java:165) ~[?:?]
[01May2025 18:52:54.203] [main/INFO] [com.teamabnormals.blueprint.core.Blueprint/]: Loot Modification Manager has loaded 0 modifier groups
[01May2025 18:52:54.312] [main/WARN] [net.minecraft.world.level.storage.loot.LootDataManager/]: Found loot table element validation problem in {loot_tables:alexsmobs:gameplay/seal_reward}.pools[0].entries[0]->{minecraft:gameplay/fishing/junk}.pools[1].condition[0]: Parameters [<parameter minecraft:origin>] are not provided in this context
[01May2025 18:52:54.426] [main/INFO] [net.minecraft.world.item.crafting.RecipeManager/]: Skipping loading recipe fusion:fusion_furnace/recycle_mythril_items1 as it's serializer returned null
[01May2025 18:52:54.426] [main/INFO] [net.minecraft.world.item.crafting.RecipeManager/]: Skipping loading recipe fusion:fusion_furnace/recycle_mythril_items2 as it's serializer returned null
[01May2025 18:52:54.446] [main/ERROR] [net.minecraft.world.item.crafting.RecipeManager/]: Parsing error loading recipe seafoamsdyeableblocks:netherite_paintbrush_smithing
com.google.gson.JsonSyntaxException: Invalid or unsupported recipe type 'minecraft:smithing'
	at net.minecraft.world.item.crafting.RecipeManager.m_220253_(RecipeManager.java:170) ~[server-1.20.1-20230612.114412-srg.jar%23279!/:?]
	at java.util.Optional.orElseThrow(Optional.java:403) ~[?:?]
	at net.minecraft.world.item.crafting.RecipeManager.fromJson(RecipeManager.java:169) ~[server-1.20.1-20230612.114412-srg.jar%23279!/:?]
	at net.minecraft.world.item.crafting.RecipeManager.m_5787_(RecipeManager.java:67) ~[server-1.20.1-20230612.114412-srg.jar%23279!/:?]
	at net.minecraft.world.item.crafting.RecipeManager.m_5787_(RecipeManager.java:34) ~[server-1.20.1-20230612.114412-srg.jar%23279!/:?]
	at net.minecraft.server.packs.resources.SimplePreparableReloadListener.m_10789_(SimplePreparableReloadListener.java:13) ~[server-1.20.1-20230612.114412-srg.jar%23279!/:?]
	at java.util.concurrent.CompletableFuture$UniAccept.tryFire(CompletableFuture.java:718) ~[?:?]
	at java.util.concurrent.CompletableFuture$Completion.run(CompletableFuture.java:482) ~[?:?]
	at net.minecraft.server.packs.resources.SimpleReloadInstance.m_143940_(SimpleReloadInstance.java:69) ~[server-1.20.1-20230612.114412-srg.jar%23279!/:?]
	at net.minecraft.Util.m_214652_(Util.java:783) ~[server-1.20.1-20230612.114412-srg.jar%23279!/:?]
	at net.minecraft.Util.m_214679_(Util.java:772) ~[server-1.20.1-20230612.114412-srg.jar%23279!/:?]
	at net.minecraft.server.Main.main(Main.java:166) ~[server-1.20.1-20230612.114412-srg.jar%23279!/:?]
	at jdk.internal.reflect.NativeMethodAccessorImpl.invoke0(Native Method) ~[?:?]
	at jdk.internal.reflect.NativeMethodAccessorImpl.invoke(NativeMethodAccessorImpl.java:77) ~[?:?]
	at jdk.internal.reflect.DelegatingMethodAccessorImpl.invoke(DelegatingMethodAccessorImpl.java:43) ~[?:?]
	at java.lang.reflect.Method.invoke(Method.java:569) ~[?:?]
	at net.minecraftforge.fml.loading.targets.CommonLaunchHandler.runTarget(CommonLaunchHandler.java:111) ~[fmlloader-1.20.1-47.3.7.jar%2369!/:?]
	at net.minecraftforge.fml.loading.targets.CommonLaunchHandler.serverService(CommonLaunchHandler.java:103) ~[fmlloader-1.20.1-47.3.7.jar%2369!/:?]
	at net.minecraftforge.fml.loading.targets.CommonServerLaunchHandler.lambda$makeService$0(CommonServerLaunchHandler.java:27) ~[fmlloader-1.20.1-47.3.7.jar%2369!/:?]
	at cpw.mods.modlauncher.LaunchServiceHandlerDecorator.launch(LaunchServiceHandlerDecorator.java:30) ~[modlauncher-10.0.9.jar%2355!/:?]
	at cpw.mods.modlauncher.LaunchServiceHandler.launch(LaunchServiceHandler.java:53) ~[modlauncher-10.0.9.jar%2355!/:?]
	at cpw.mods.modlauncher.LaunchServiceHandler.launch(LaunchServiceHandler.java:71) ~[modlauncher-10.0.9.jar%2355!/:?]
	at cpw.mods.modlauncher.Launcher.run(Launcher.java:108) ~[modlauncher-10.0.9.jar%2355!/:?]
	at cpw.mods.modlauncher.Launcher.main(Launcher.java:78) ~[modlauncher-10.0.9.jar%2355!/:?]
	at cpw.mods.modlauncher.BootstrapLaunchConsumer.accept(BootstrapLaunchConsumer.java:26) ~[modlauncher-10.0.9.jar%2355!/:?]
	at cpw.mods.modlauncher.BootstrapLaunchConsumer.accept(BootstrapLaunchConsumer.java:23) ~[modlauncher-10.0.9.jar%2355!/:?]
	at cpw.mods.bootstraplauncher.BootstrapLauncher.main(BootstrapLauncher.java:141) ~[bootstraplauncher-1.1.2.jar:?]
[01May2025 18:52:54.476] [main/INFO] [net.minecraft.world.item.crafting.RecipeManager/]: Skipping loading recipe fusion:fusion_furnace/recycle_tin_items1 as it's serializer returned null
[01May2025 18:52:54.476] [main/INFO] [net.minecraft.world.item.crafting.RecipeManager/]: Skipping loading recipe fusion:fusion_furnace/recycle_tin_items2 as it's serializer returned null
[01May2025 18:52:54.477] [main/INFO] [net.minecraft.world.item.crafting.RecipeManager/]: Skipping loading recipe fusion:fusion_furnace/recycle_fyrite_items1 as it's serializer returned null
[01May2025 18:52:54.478] [main/INFO] [net.minecraft.world.item.crafting.RecipeManager/]: Skipping loading recipe fusion:fusion_furnace/recycle_fyrite_items2 as it's serializer returned null
[01May2025 18:52:54.501] [main/INFO] [net.minecraft.world.item.crafting.RecipeManager/]: Skipping loading recipe fusion:fusion_furnace/recycle_malachite_items2 as it's serializer returned null
[01May2025 18:52:54.502] [main/INFO] [net.minecraft.world.item.crafting.RecipeManager/]: Skipping loading recipe fusion:fusion_furnace/recycle_malachite_items1 as it's serializer returned null
[01May2025 18:52:54.554] [main/INFO] [net.minecraft.world.item.crafting.RecipeManager/]: Skipping loading recipe fusion:fusion_furnace/recycle_ashstone_items1 as it's serializer returned null
[01May2025 18:52:54.591] [main/INFO] [net.minecraft.world.item.crafting.RecipeManager/]: Skipping loading recipe fusion:fusion_furnace/recycle_onyx_items2 as it's serializer returned null
[01May2025 18:52:54.591] [main/INFO] [net.minecraft.world.item.crafting.RecipeManager/]: Skipping loading recipe fusion:fusion_furnace/recycle_onyx_items1 as it's serializer returned null
[01May2025 18:52:54.804] [main/INFO] [net.minecraft.world.item.crafting.RecipeManager/]: Skipping loading recipe fusion:fusion_furnace/recycle_copper_items1 as it's serializer returned null
[01May2025 18:52:54.804] [main/INFO] [net.minecraft.world.item.crafting.RecipeManager/]: Skipping loading recipe fusion:fusion_furnace/recycle_copper_items2 as it's serializer returned null
[01May2025 18:52:54.972] [main/INFO] [net.minecraft.world.item.crafting.RecipeManager/]: Skipping loading recipe fusion:fusion_furnace/recycle_dragonstone_items1 as it's serializer returned null
[01May2025 18:52:54.972] [main/INFO] [net.minecraft.world.item.crafting.RecipeManager/]: Skipping loading recipe fusion:fusion_furnace/recycle_dragonstone_items2 as it's serializer returned null
[01May2025 18:52:54.980] [main/INFO] [net.minecraft.world.item.crafting.RecipeManager/]: Skipping loading recipe fusion:fusion_furnace/recycle_adamantium_items1 as it's serializer returned null
[01May2025 18:52:54.980] [main/INFO] [net.minecraft.world.item.crafting.RecipeManager/]: Skipping loading recipe fusion:fusion_furnace/recycle_adamantium_items2 as it's serializer returned null
[01May2025 18:52:54.982] [main/INFO] [net.minecraft.world.item.crafting.RecipeManager/]: Skipping loading recipe fusion:fusion_furnace/recycle_argonite_items1 as it's serializer returned null
[01May2025 18:52:54.983] [main/INFO] [net.minecraft.world.item.crafting.RecipeManager/]: Skipping loading recipe fusion:fusion_furnace/recycle_illumenite_items2 as it's serializer returned null
[01May2025 18:52:54.983] [main/INFO] [net.minecraft.world.item.crafting.RecipeManager/]: Skipping loading recipe fusion:fusion_furnace/recycle_illumenite_items1 as it's serializer returned null
[01May2025 18:52:55.003] [main/ERROR] [net.minecraft.world.item.crafting.RecipeManager/]: Parsing error loading recipe yuushya:painter_gift_box
com.google.gson.JsonSyntaxException: Unknown item 'yuushya:the_encyclopedia'
	at net.minecraft.world.item.crafting.ShapedRecipe.m_151280_(ShapedRecipe.java:292) ~[server-1.20.1-20230612.114412-srg.jar%23279!/:?]
	at java.util.Optional.orElseThrow(Optional.java:403) ~[?:?]
	at net.minecraft.world.item.crafting.ShapedRecipe.m_151278_(ShapedRecipe.java:291) ~[server-1.20.1-20230612.114412-srg.jar%23279!/:?]
	at net.minecraft.world.item.crafting.Ingredient.m_43919_(Ingredient.java:219) ~[server-1.20.1-20230612.114412-srg.jar%23279!/:?]
	at net.minecraftforge.common.crafting.VanillaIngredientSerializer.parse(VanillaIngredientSerializer.java:27) ~[forge-1.20.1-47.3.7-universal.jar%23284!/:?]
	at net.minecraftforge.common.crafting.CraftingHelper.getIngredient(CraftingHelper.java:148) ~[forge-1.20.1-47.3.7-universal.jar%23284!/:?]
	at net.minecraft.world.item.crafting.Ingredient.m_288218_(Ingredient.java:194) ~[server-1.20.1-20230612.114412-srg.jar%23279!/:?]
	at net.minecraft.world.item.crafting.ShapedRecipe.m_44210_(ShapedRecipe.java:278) ~[server-1.20.1-20230612.114412-srg.jar%23279!/:?]
	at net.minecraft.world.item.crafting.ShapedRecipe$Serializer.m_6729_(ShapedRecipe.java:306) ~[server-1.20.1-20230612.114412-srg.jar%23279!/:?]
	at net.minecraft.world.item.crafting.ShapedRecipe$Serializer.m_6729_(ShapedRecipe.java:301) ~[server-1.20.1-20230612.114412-srg.jar%23279!/:?]
	at net.minecraftforge.common.extensions.IForgeRecipeSerializer.fromJson(IForgeRecipeSerializer.java:23) ~[forge-1.20.1-47.3.7-universal.jar%23284!/:?]
	at net.minecraft.world.item.crafting.RecipeManager.fromJson(RecipeManager.java:171) ~[server-1.20.1-20230612.114412-srg.jar%23279!/:?]
	at net.minecraft.world.item.crafting.RecipeManager.m_5787_(RecipeManager.java:67) ~[server-1.20.1-20230612.114412-srg.jar%23279!/:?]
	at net.minecraft.world.item.crafting.RecipeManager.m_5787_(RecipeManager.java:34) ~[server-1.20.1-20230612.114412-srg.jar%23279!/:?]
	at net.minecraft.server.packs.resources.SimplePreparableReloadListener.m_10789_(SimplePreparableReloadListener.java:13) ~[server-1.20.1-20230612.114412-srg.jar%23279!/:?]
	at java.util.concurrent.CompletableFuture$UniAccept.tryFire(CompletableFuture.java:718) ~[?:?]
	at java.util.concurrent.CompletableFuture$Completion.run(CompletableFuture.java:482) ~[?:?]
	at net.minecraft.server.packs.resources.SimpleReloadInstance.m_143940_(SimpleReloadInstance.java:69) ~[server-1.20.1-20230612.114412-srg.jar%23279!/:?]
	at net.minecraft.Util.m_214652_(Util.java:783) ~[server-1.20.1-20230612.114412-srg.jar%23279!/:?]
	at net.minecraft.Util.m_214679_(Util.java:772) ~[server-1.20.1-20230612.114412-srg.jar%23279!/:?]
	at net.minecraft.server.Main.main(Main.java:166) ~[server-1.20.1-20230612.114412-srg.jar%23279!/:?]
	at jdk.internal.reflect.NativeMethodAccessorImpl.invoke0(Native Method) ~[?:?]
	at jdk.internal.reflect.NativeMethodAccessorImpl.invoke(NativeMethodAccessorImpl.java:77) ~[?:?]
	at jdk.internal.reflect.DelegatingMethodAccessorImpl.invoke(DelegatingMethodAccessorImpl.java:43) ~[?:?]
	at java.lang.reflect.Method.invoke(Method.java:569) ~[?:?]
	at net.minecraftforge.fml.loading.targets.CommonLaunchHandler.runTarget(CommonLaunchHandler.java:111) ~[fmlloader-1.20.1-47.3.7.jar%2369!/:?]
	at net.minecraftforge.fml.loading.targets.CommonLaunchHandler.serverService(CommonLaunchHandler.java:103) ~[fmlloader-1.20.1-47.3.7.jar%2369!/:?]
	at net.minecraftforge.fml.loading.targets.CommonServerLaunchHandler.lambda$makeService$0(CommonServerLaunchHandler.java:27) ~[fmlloader-1.20.1-47.3.7.jar%2369!/:?]
	at cpw.mods.modlauncher.LaunchServiceHandlerDecorator.launch(LaunchServiceHandlerDecorator.java:30) ~[modlauncher-10.0.9.jar%2355!/:?]
	at cpw.mods.modlauncher.LaunchServiceHandler.launch(LaunchServiceHandler.java:53) ~[modlauncher-10.0.9.jar%2355!/:?]
	at cpw.mods.modlauncher.LaunchServiceHandler.launch(LaunchServiceHandler.java:71) ~[modlauncher-10.0.9.jar%2355!/:?]
	at cpw.mods.modlauncher.Launcher.run(Launcher.java:108) ~[modlauncher-10.0.9.jar%2355!/:?]
	at cpw.mods.modlauncher.Launcher.main(Launcher.java:78) ~[modlauncher-10.0.9.jar%2355!/:?]
	at cpw.mods.modlauncher.BootstrapLaunchConsumer.accept(BootstrapLaunchConsumer.java:26) ~[modlauncher-10.0.9.jar%2355!/:?]
	at cpw.mods.modlauncher.BootstrapLaunchConsumer.accept(BootstrapLaunchConsumer.java:23) ~[modlauncher-10.0.9.jar%2355!/:?]
	at cpw.mods.bootstraplauncher.BootstrapLauncher.main(BootstrapLauncher.java:141) ~[bootstraplauncher-1.1.2.jar:?]
[01May2025 18:52:55.060] [main/ERROR] [net.minecraft.world.item.crafting.RecipeManager/]: Parsing error loading recipe seafoamsdyeableblocks:dye_sponge
com.google.gson.JsonSyntaxException: Unknown item 'minecraft:color_essence'
	at net.minecraft.world.item.crafting.ShapedRecipe.m_151280_(ShapedRecipe.java:292) ~[server-1.20.1-20230612.114412-srg.jar%23279!/:?]
	at java.util.Optional.orElseThrow(Optional.java:403) ~[?:?]
	at net.minecraft.world.item.crafting.ShapedRecipe.m_151278_(ShapedRecipe.java:291) ~[server-1.20.1-20230612.114412-srg.jar%23279!/:?]
	at net.minecraft.world.item.crafting.Ingredient.m_43919_(Ingredient.java:219) ~[server-1.20.1-20230612.114412-srg.jar%23279!/:?]
	at net.minecraftforge.common.crafting.VanillaIngredientSerializer.parse(VanillaIngredientSerializer.java:27) ~[forge-1.20.1-47.3.7-universal.jar%23284!/:?]
	at net.minecraftforge.common.crafting.CraftingHelper.getIngredient(CraftingHelper.java:148) ~[forge-1.20.1-47.3.7-universal.jar%23284!/:?]
	at net.minecraft.world.item.crafting.Ingredient.m_288218_(Ingredient.java:194) ~[server-1.20.1-20230612.114412-srg.jar%23279!/:?]
	at net.minecraft.world.item.crafting.ShapelessRecipe$Serializer.m_44275_(ShapelessRecipe.java:104) ~[server-1.20.1-20230612.114412-srg.jar%23279!/:?]
	at net.minecraft.world.item.crafting.ShapelessRecipe$Serializer.m_6729_(ShapelessRecipe.java:89) ~[server-1.20.1-20230612.114412-srg.jar%23279!/:?]
	at net.minecraft.world.item.crafting.ShapelessRecipe$Serializer.m_6729_(ShapelessRecipe.java:84) ~[server-1.20.1-20230612.114412-srg.jar%23279!/:?]
	at net.minecraftforge.common.extensions.IForgeRecipeSerializer.fromJson(IForgeRecipeSerializer.java:23) ~[forge-1.20.1-47.3.7-universal.jar%23284!/:?]
	at net.minecraft.world.item.crafting.RecipeManager.fromJson(RecipeManager.java:171) ~[server-1.20.1-20230612.114412-srg.jar%23279!/:?]
	at net.minecraft.world.item.crafting.RecipeManager.m_5787_(RecipeManager.java:67) ~[server-1.20.1-20230612.114412-srg.jar%23279!/:?]
	at net.minecraft.world.item.crafting.RecipeManager.m_5787_(RecipeManager.java:34) ~[server-1.20.1-20230612.114412-srg.jar%23279!/:?]
	at net.minecraft.server.packs.resources.SimplePreparableReloadListener.m_10789_(SimplePreparableReloadListener.java:13) ~[server-1.20.1-20230612.114412-srg.jar%23279!/:?]
	at java.util.concurrent.CompletableFuture$UniAccept.tryFire(CompletableFuture.java:718) ~[?:?]
	at java.util.concurrent.CompletableFuture$Completion.run(CompletableFuture.java:482) ~[?:?]
	at net.minecraft.server.packs.resources.SimpleReloadInstance.m_143940_(SimpleReloadInstance.java:69) ~[server-1.20.1-20230612.114412-srg.jar%23279!/:?]
	at net.minecraft.Util.m_214652_(Util.java:783) ~[server-1.20.1-20230612.114412-srg.jar%23279!/:?]
	at net.minecraft.Util.m_214679_(Util.java:772) ~[server-1.20.1-20230612.114412-srg.jar%23279!/:?]
	at net.minecraft.server.Main.main(Main.java:166) ~[server-1.20.1-20230612.114412-srg.jar%23279!/:?]
	at jdk.internal.reflect.NativeMethodAccessorImpl.invoke0(Native Method) ~[?:?]
	at jdk.internal.reflect.NativeMethodAccessorImpl.invoke(NativeMethodAccessorImpl.java:77) ~[?:?]
	at jdk.internal.reflect.DelegatingMethodAccessorImpl.invoke(DelegatingMethodAccessorImpl.java:43) ~[?:?]
	at java.lang.reflect.Method.invoke(Method.java:569) ~[?:?]
	at net.minecraftforge.fml.loading.targets.CommonLaunchHandler.runTarget(CommonLaunchHandler.java:111) ~[fmlloader-1.20.1-47.3.7.jar%2369!/:?]
	at net.minecraftforge.fml.loading.targets.CommonLaunchHandler.serverService(CommonLaunchHandler.java:103) ~[fmlloader-1.20.1-47.3.7.jar%2369!/:?]
	at net.minecraftforge.fml.loading.targets.CommonServerLaunchHandler.lambda$makeService$0(CommonServerLaunchHandler.java:27) ~[fmlloader-1.20.1-47.3.7.jar%2369!/:?]
	at cpw.mods.modlauncher.LaunchServiceHandlerDecorator.launch(LaunchServiceHandlerDecorator.java:30) ~[modlauncher-10.0.9.jar%2355!/:?]
	at cpw.mods.modlauncher.LaunchServiceHandler.launch(LaunchServiceHandler.java:53) ~[modlauncher-10.0.9.jar%2355!/:?]
	at cpw.mods.modlauncher.LaunchServiceHandler.launch(LaunchServiceHandler.java:71) ~[modlauncher-10.0.9.jar%2355!/:?]
	at cpw.mods.modlauncher.Launcher.run(Launcher.java:108) ~[modlauncher-10.0.9.jar%2355!/:?]
	at cpw.mods.modlauncher.Launcher.main(Launcher.java:78) ~[modlauncher-10.0.9.jar%2355!/:?]
	at cpw.mods.modlauncher.BootstrapLaunchConsumer.accept(BootstrapLaunchConsumer.java:26) ~[modlauncher-10.0.9.jar%2355!/:?]
	at cpw.mods.modlauncher.BootstrapLaunchConsumer.accept(BootstrapLaunchConsumer.java:23) ~[modlauncher-10.0.9.jar%2355!/:?]
	at cpw.mods.bootstraplauncher.BootstrapLauncher.main(BootstrapLauncher.java:141) ~[bootstraplauncher-1.1.2.jar:?]
[01May2025 18:52:55.075] [main/INFO] [net.minecraft.world.item.crafting.RecipeManager/]: Loaded 69 recipes
[01May2025 18:52:55.075] [main/INFO] [com.teamabnormals.blueprint.core.Blueprint/]: Advancement Modification Manager has loaded 0 modifier groups
[01May2025 18:52:55.344] [main/INFO] [net.minecraft.advancements.AdvancementList/]: Loaded 6484 advancements
[01May2025 18:52:55.377] [main/INFO] [top.theillusivec4.curios.Curios/]: Loaded 13 curio slots
[01May2025 18:52:55.385] [main/INFO] [top.theillusivec4.curios.Curios/]: Loaded 11 curio entities
[01May2025 18:52:55.387] [main/ERROR] [bettervillage/]: Ice And Fire compatibility is not enabled for Better Village and Ice And Fire is present in your mod list.
     - Please install the datapack for better compatibility between Better Villages and Ice And Fire.
     - You can find the datapack URL in the `compatibility` section of the Better Villages description.
     - URL=https://www.curseforge.com/minecraft/mc-mods/better-village-forge
[01May2025 18:52:55.387] [main/INFO] [Dungeon Crawl/]: Loading data...
[01May2025 18:52:55.756] [main/INFO] [Dungeon Crawl/]: Done.
[01May2025 18:52:55.756] [main/INFO] [rechiseled/]: Loaded 44 chiseling recipes
[01May2025 18:52:55.756] [main/INFO] [com.teamabnormals.blueprint.core.Blueprint/]: Chunk Generator Modification Manager has loaded 0 modifier groups
[01May2025 18:53:06.576] [Server thread/INFO] [net.minecraft.server.dedicated.DedicatedServer/]: Starting minecraft server version 1.20.1
[01May2025 18:53:06.576] [Server thread/INFO] [net.minecraft.server.dedicated.DedicatedServer/]: Loading properties
[01May2025 18:53:06.576] [Server thread/INFO] [net.minecraft.server.dedicated.DedicatedServer/]: Default game type: SURVIVAL
[01May2025 18:53:06.576] [Server thread/INFO] [net.minecraft.server.MinecraftServer/]: Generating keypair
[01May2025 18:53:06.697] [Server thread/INFO] [net.minecraft.server.dedicated.DedicatedServer/]: Starting Minecraft server on *:25565
[01May2025 18:53:06.778] [Server thread/INFO] [net.minecraft.server.network.ServerConnectionListener/]: Using epoll channel type
[01May2025 18:53:07.008] [Server thread/WARN] [net.minecraft.server.dedicated.DedicatedServer/]: **** SERVER IS RUNNING IN OFFLINE/INSECURE MODE!
[01May2025 18:53:07.008] [Server thread/WARN] [net.minecraft.server.dedicated.DedicatedServer/]: The server will make no attempt to authenticate usernames. Beware.
[01May2025 18:53:07.008] [Server thread/WARN] [net.minecraft.server.dedicated.DedicatedServer/]: While this makes the game possible to play without internet access, it also opens up the ability for hackers to connect with any username they choose.
[01May2025 18:53:07.008] [Server thread/WARN] [net.minecraft.server.dedicated.DedicatedServer/]: To change this, set "online-mode" to "true" in the server.properties file.
[01May2025 18:53:07.040] [Server thread/WARN] [net.minecraftforge.common.ForgeConfigSpec/CORE]: Configuration file /workspaces/Gamers/servidor_minecraft/config/easyanvils-server.toml is not correct. Correcting
[01May2025 18:53:07.041] [Server thread/WARN] [net.minecraftforge.common.ForgeConfigSpec/CORE]: Incorrect key miscellaneous was corrected from null to its default, SimpleCommentedConfig:{}. 
[01May2025 18:53:07.041] [Server thread/WARN] [net.minecraftforge.common.ForgeConfigSpec/CORE]: Incorrect key miscellaneous.anvil_break_chance was corrected from null to its default, 0.05. 
[01May2025 18:53:07.041] [Server thread/WARN] [net.minecraftforge.common.ForgeConfigSpec/CORE]: Incorrect key miscellaneous.risk_free_anvil_renaming was corrected from null to its default, true. 
[01May2025 18:53:07.041] [Server thread/WARN] [net.minecraftforge.common.ForgeConfigSpec/CORE]: Incorrect key miscellaneous.edit_name_tags_no_anvil was corrected from null to its default, true. 
[01May2025 18:53:07.041] [Server thread/WARN] [net.minecraftforge.common.ForgeConfigSpec/CORE]: Incorrect key miscellaneous.renaming_supports_formatting was corrected from null to its default, true. 
[01May2025 18:53:07.043] [Server thread/WARN] [net.minecraftforge.common.ForgeConfigSpec/CORE]: Incorrect key miscellaneous.anvil_repairing was corrected from null to its default, true. 
[01May2025 18:53:07.045] [Server thread/WARN] [net.minecraftforge.common.ForgeConfigSpec/CORE]: Incorrect key costs was corrected from null to its default, SimpleCommentedConfig:{}. 
[01May2025 18:53:07.046] [Server thread/WARN] [net.minecraftforge.common.ForgeConfigSpec/CORE]: Incorrect key costs.rare_enchantment_multiplier was corrected from null to its default, 4. 
[01May2025 18:53:07.047] [Server thread/WARN] [net.minecraftforge.common.ForgeConfigSpec/CORE]: Incorrect key costs.repair_with_other_item_cost was corrected from null to its default, 2. 
[01May2025 18:53:07.049] [Server thread/WARN] [net.minecraftforge.common.ForgeConfigSpec/CORE]: Incorrect key costs.common_enchantment_multiplier was corrected from null to its default, 1. 
[01May2025 18:53:07.049] [Server thread/WARN] [net.minecraftforge.common.ForgeConfigSpec/CORE]: Incorrect key costs.very_rare_enchantment_multiplier was corrected from null to its default, 8. 
[01May2025 18:53:07.050] [Server thread/WARN] [net.minecraftforge.common.ForgeConfigSpec/CORE]: Incorrect key costs.uncommon_enchantment_multiplier was corrected from null to its default, 2. 
[01May2025 18:53:07.051] [Server thread/WARN] [net.minecraftforge.common.ForgeConfigSpec/CORE]: Incorrect key costs.halved_book_costs was corrected from null to its default, true. 
[01May2025 18:53:07.052] [Server thread/WARN] [net.minecraftforge.common.ForgeConfigSpec/CORE]: Incorrect key costs.repair_with_material_unit_cost was corrected from null to its default, 1. 
[01May2025 18:53:07.053] [Server thread/WARN] [net.minecraftforge.common.ForgeConfigSpec/CORE]: Incorrect key costs.too_expensive_limit was corrected from null to its default, -1. 
[01May2025 18:53:07.053] [Server thread/WARN] [net.minecraftforge.common.ForgeConfigSpec/CORE]: Incorrect key costs.free_renames was corrected from null to its default, ALL_ITEMS. 
[01May2025 18:53:07.055] [Server thread/WARN] [net.minecraftforge.common.ForgeConfigSpec/CORE]: Incorrect key prior_work_penalty was corrected from null to its default, SimpleCommentedConfig:{}. 
[01May2025 18:53:07.055] [Server thread/WARN] [net.minecraftforge.common.ForgeConfigSpec/CORE]: Incorrect key prior_work_penalty.rename_and_repair_costs was corrected from null to its default, FIXED. 
[01May2025 18:53:07.055] [Server thread/WARN] [net.minecraftforge.common.ForgeConfigSpec/CORE]: Incorrect key prior_work_penalty.prior_work_penalty was corrected from null to its default, FIXED. 
[01May2025 18:53:07.057] [Server thread/WARN] [net.minecraftforge.common.ForgeConfigSpec/CORE]: Incorrect key prior_work_penalty.penalty_free_renames_and_repairs was corrected from null to its default, true. 
[01May2025 18:53:07.057] [Server thread/WARN] [net.minecraftforge.common.ForgeConfigSpec/CORE]: Incorrect key prior_work_penalty.prior_work_penalty_constant was corrected from null to its default, 4. 
[01May2025 18:53:07.065] [Thread-3/INFO] [Puzzles Lib/]: Reloading server config for easyanvils
[01May2025 18:53:07.066] [Server thread/INFO] [Puzzles Lib/]: Loading server config for easyanvils
[01May2025 18:53:07.068] [Thread-3/INFO] [Puzzles Lib/]: Reloading server config for easyanvils
[01May2025 18:53:07.071] [Server thread/WARN] [net.minecraftforge.common.ForgeConfigSpec/CORE]: Configuration file ./world/serverconfig/sophisticatedbackpacks-server.toml is not correct. Correcting
[01May2025 18:53:07.071] [Server thread/WARN] [net.minecraftforge.common.ForgeConfigSpec/CORE]: Incorrect key server was corrected from null to its default, SimpleCommentedConfig:{}. 
[01May2025 18:53:07.071] [Server thread/WARN] [net.minecraftforge.common.ForgeConfigSpec/CORE]: Incorrect key server.disallowedItems was corrected from null to its default, []. 
[01May2025 18:53:07.071] [Server thread/WARN] [net.minecraftforge.common.ForgeConfigSpec/CORE]: Incorrect key server.containerItemsDisallowed was corrected from null to its default, false. 
[01May2025 18:53:07.072] [Server thread/WARN] [net.minecraftforge.common.ForgeConfigSpec/CORE]: Incorrect key server.noInteractionBlocks was corrected from null to its default, []. 
[01May2025 18:53:07.072] [Server thread/WARN] [net.minecraftforge.common.ForgeConfigSpec/CORE]: Incorrect key server.noConnectionBlocks was corrected from null to its default, []. 
[01May2025 18:53:07.074] [Thread-3/INFO] [Puzzles Lib/]: Reloading server config for easyanvils
[01May2025 18:53:07.074] [Server thread/WARN] [net.minecraftforge.common.ForgeConfigSpec/CORE]: Incorrect key server.leatherBackpack was corrected from null to its default, SimpleCommentedConfig:{}. 
[01May2025 18:53:07.075] [Server thread/WARN] [net.minecraftforge.common.ForgeConfigSpec/CORE]: Incorrect key server.leatherBackpack.inventorySlotCount was corrected from null to its default, 27. 
[01May2025 18:53:07.077] [Server thread/WARN] [net.minecraftforge.common.ForgeConfigSpec/CORE]: Incorrect key server.leatherBackpack.upgradeSlotCount was corrected from null to its default, 1. 
[01May2025 18:53:07.077] [Server thread/WARN] [net.minecraftforge.common.ForgeConfigSpec/CORE]: Incorrect key server.copperBackpack was corrected from null to its default, SimpleCommentedConfig:{}. 
[01May2025 18:53:07.079] [Server thread/WARN] [net.minecraftforge.common.ForgeConfigSpec/CORE]: Incorrect key server.copperBackpack.inventorySlotCount was corrected from null to its default, 45. 
[01May2025 18:53:07.080] [Server thread/WARN] [net.minecraftforge.common.ForgeConfigSpec/CORE]: Incorrect key server.copperBackpack.upgradeSlotCount was corrected from null to its default, 1. 
[01May2025 18:53:07.082] [Server thread/WARN] [net.minecraftforge.common.ForgeConfigSpec/CORE]: Incorrect key server.ironBackpack was corrected from null to its default, SimpleCommentedConfig:{}. 
[01May2025 18:53:07.083] [Server thread/WARN] [net.minecraftforge.common.ForgeConfigSpec/CORE]: Incorrect key server.ironBackpack.inventorySlotCount was corrected from null to its default, 54. 
[01May2025 18:53:07.087] [Server thread/WARN] [net.minecraftforge.common.ForgeConfigSpec/CORE]: Incorrect key server.ironBackpack.upgradeSlotCount was corrected from null to its default, 2. 
[01May2025 18:53:07.087] [Server thread/WARN] [net.minecraftforge.common.ForgeConfigSpec/CORE]: Incorrect key server.goldBackpack was corrected from null to its default, SimpleCommentedConfig:{}. 
[01May2025 18:53:07.088] [Server thread/WARN] [net.minecraftforge.common.ForgeConfigSpec/CORE]: Incorrect key server.goldBackpack.inventorySlotCount was corrected from null to its default, 81. 
[01May2025 18:53:07.088] [Server thread/WARN] [net.minecraftforge.common.ForgeConfigSpec/CORE]: Incorrect key server.goldBackpack.upgradeSlotCount was corrected from null to its default, 3. 
[01May2025 18:53:07.089] [Server thread/WARN] [net.minecraftforge.common.ForgeConfigSpec/CORE]: Incorrect key server.diamondBackpack was corrected from null to its default, SimpleCommentedConfig:{}. 
[01May2025 18:53:07.089] [Server thread/WARN] [net.minecraftforge.common.ForgeConfigSpec/CORE]: Incorrect key server.diamondBackpack.inventorySlotCount was corrected from null to its default, 108. 
[01May2025 18:53:07.090] [Server thread/WARN] [net.minecraftforge.common.ForgeConfigSpec/CORE]: Incorrect key server.diamondBackpack.upgradeSlotCount was corrected from null to its default, 5. 
[01May2025 18:53:07.091] [Server thread/WARN] [net.minecraftforge.common.ForgeConfigSpec/CORE]: Incorrect key server.netheriteBackpack was corrected from null to its default, SimpleCommentedConfig:{}. 
[01May2025 18:53:07.093] [Server thread/WARN] [net.minecraftforge.common.ForgeConfigSpec/CORE]: Incorrect key server.netheriteBackpack.inventorySlotCount was corrected from null to its default, 120. 
[01May2025 18:53:07.095] [Server thread/WARN] [net.minecraftforge.common.ForgeConfigSpec/CORE]: Incorrect key server.netheriteBackpack.upgradeSlotCount was corrected from null to its default, 7. 
[01May2025 18:53:07.097] [Server thread/WARN] [net.minecraftforge.common.ForgeConfigSpec/CORE]: Incorrect key server.compactingUpgrade was corrected from null to its default, SimpleCommentedConfig:{}. 
[01May2025 18:53:07.101] [Server thread/WARN] [net.minecraftforge.common.ForgeConfigSpec/CORE]: Incorrect key server.compactingUpgrade.filterSlots was corrected from null to its default, 9. 
[01May2025 18:53:07.102] [Server thread/WARN] [net.minecraftforge.common.ForgeConfigSpec/CORE]: Incorrect key server.compactingUpgrade.slotsInRow was corrected from null to its default, 3. 
[01May2025 18:53:07.102] [Server thread/WARN] [net.minecraftforge.common.ForgeConfigSpec/CORE]: Incorrect key server.advancedCompactingUpgrade was corrected from null to its default, SimpleCommentedConfig:{}. 
[01May2025 18:53:07.103] [Server thread/WARN] [net.minecraftforge.common.ForgeConfigSpec/CORE]: Incorrect key server.advancedCompactingUpgrade.filterSlots was corrected from null to its default, 16. 
[01May2025 18:53:07.103] [Server thread/WARN] [net.minecraftforge.common.ForgeConfigSpec/CORE]: Incorrect key server.advancedCompactingUpgrade.slotsInRow was corrected from null to its default, 4. 
[01May2025 18:53:07.104] [Server thread/WARN] [net.minecraftforge.common.ForgeConfigSpec/CORE]: Incorrect key server.depositUpgrade was corrected from null to its default, SimpleCommentedConfig:{}. 
[01May2025 18:53:07.105] [Server thread/WARN] [net.minecraftforge.common.ForgeConfigSpec/CORE]: Incorrect key server.depositUpgrade.filterSlots was corrected from null to its default, 9. 
[01May2025 18:53:07.106] [Server thread/WARN] [net.minecraftforge.common.ForgeConfigSpec/CORE]: Incorrect key server.depositUpgrade.slotsInRow was corrected from null to its default, 3. 
[01May2025 18:53:07.106] [Server thread/WARN] [net.minecraftforge.common.ForgeConfigSpec/CORE]: Incorrect key server.advancedDepositUpgrade was corrected from null to its default, SimpleCommentedConfig:{}. 
[01May2025 18:53:07.107] [Server thread/WARN] [net.minecraftforge.common.ForgeConfigSpec/CORE]: Incorrect key server.advancedDepositUpgrade.filterSlots was corrected from null to its default, 16. 
[01May2025 18:53:07.107] [Server thread/WARN] [net.minecraftforge.common.ForgeConfigSpec/CORE]: Incorrect key server.advancedDepositUpgrade.slotsInRow was corrected from null to its default, 4. 
[01May2025 18:53:07.108] [Server thread/WARN] [net.minecraftforge.common.ForgeConfigSpec/CORE]: Incorrect key server.feedingUpgrade was corrected from null to its default, SimpleCommentedConfig:{}. 
[01May2025 18:53:07.108] [Server thread/WARN] [net.minecraftforge.common.ForgeConfigSpec/CORE]: Incorrect key server.feedingUpgrade.filterSlots was corrected from null to its default, 9. 
[01May2025 18:53:07.109] [Server thread/WARN] [net.minecraftforge.common.ForgeConfigSpec/CORE]: Incorrect key server.feedingUpgrade.slotsInRow was corrected from null to its default, 3. 
[01May2025 18:53:07.109] [Server thread/WARN] [net.minecraftforge.common.ForgeConfigSpec/CORE]: Incorrect key server.advancedFeedingUpgrade was corrected from null to its default, SimpleCommentedConfig:{}. 
[01May2025 18:53:07.110] [Server thread/WARN] [net.minecraftforge.common.ForgeConfigSpec/CORE]: Incorrect key server.advancedFeedingUpgrade.filterSlots was corrected from null to its default, 16. 
[01May2025 18:53:07.110] [Server thread/WARN] [net.minecraftforge.common.ForgeConfigSpec/CORE]: Incorrect key server.advancedFeedingUpgrade.slotsInRow was corrected from null to its default, 4. 
[01May2025 18:53:07.111] [Server thread/WARN] [net.minecraftforge.common.ForgeConfigSpec/CORE]: Incorrect key server.filterUpgrade was corrected from null to its default, SimpleCommentedConfig:{}. 
[01May2025 18:53:07.111] [Server thread/WARN] [net.minecraftforge.common.ForgeConfigSpec/CORE]: Incorrect key server.filterUpgrade.filterSlots was corrected from null to its default, 9. 
[01May2025 18:53:07.112] [Server thread/WARN] [net.minecraftforge.common.ForgeConfigSpec/CORE]: Incorrect key server.filterUpgrade.slotsInRow was corrected from null to its default, 3. 
[01May2025 18:53:07.113] [Server thread/WARN] [net.minecraftforge.common.ForgeConfigSpec/CORE]: Incorrect key server.advancedFilterUpgrade was corrected from null to its default, SimpleCommentedConfig:{}. 
[01May2025 18:53:07.113] [Server thread/WARN] [net.minecraftforge.common.ForgeConfigSpec/CORE]: Incorrect key server.advancedFilterUpgrade.filterSlots was corrected from null to its default, 16. 
[01May2025 18:53:07.114] [Server thread/WARN] [net.minecraftforge.common.ForgeConfigSpec/CORE]: Incorrect key server.advancedFilterUpgrade.slotsInRow was corrected from null to its default, 4. 
[01May2025 18:53:07.114] [Server thread/WARN] [net.minecraftforge.common.ForgeConfigSpec/CORE]: Incorrect key server.magnetUpgrade was corrected from null to its default, SimpleCommentedConfig:{}. 
[01May2025 18:53:07.115] [Server thread/WARN] [net.minecraftforge.common.ForgeConfigSpec/CORE]: Incorrect key server.magnetUpgrade.filterSlots was corrected from null to its default, 9. 
[01May2025 18:53:07.115] [Server thread/WARN] [net.minecraftforge.common.ForgeConfigSpec/CORE]: Incorrect key server.magnetUpgrade.slotsInRow was corrected from null to its default, 3. 
[01May2025 18:53:07.116] [Server thread/WARN] [net.minecraftforge.common.ForgeConfigSpec/CORE]: Incorrect key server.magnetUpgrade.magnetRange was corrected from null to its default, 3. 
[01May2025 18:53:07.116] [Server thread/WARN] [net.minecraftforge.common.ForgeConfigSpec/CORE]: Incorrect key server.advancedMagnetUpgrade was corrected from null to its default, SimpleCommentedConfig:{}. 
[01May2025 18:53:07.117] [Server thread/WARN] [net.minecraftforge.common.ForgeConfigSpec/CORE]: Incorrect key server.advancedMagnetUpgrade.filterSlots was corrected from null to its default, 16. 
[01May2025 18:53:07.117] [Server thread/WARN] [net.minecraftforge.common.ForgeConfigSpec/CORE]: Incorrect key server.advancedMagnetUpgrade.slotsInRow was corrected from null to its default, 4. 
[01May2025 18:53:07.118] [Server thread/WARN] [net.minecraftforge.common.ForgeConfigSpec/CORE]: Incorrect key server.advancedMagnetUpgrade.magnetRange was corrected from null to its default, 5. 
[01May2025 18:53:07.119] [Server thread/WARN] [net.minecraftforge.common.ForgeConfigSpec/CORE]: Incorrect key server.pickupUpgrade was corrected from null to its default, SimpleCommentedConfig:{}. 
[01May2025 18:53:07.120] [Server thread/WARN] [net.minecraftforge.common.ForgeConfigSpec/CORE]: Incorrect key server.pickupUpgrade.filterSlots was corrected from null to its default, 9. 
[01May2025 18:53:07.120] [Server thread/WARN] [net.minecraftforge.common.ForgeConfigSpec/CORE]: Incorrect key server.pickupUpgrade.slotsInRow was corrected from null to its default, 3. 
[01May2025 18:53:07.120] [Server thread/WARN] [net.minecraftforge.common.ForgeConfigSpec/CORE]: Incorrect key server.advancedPickupUpgrade was corrected from null to its default, SimpleCommentedConfig:{}. 
[01May2025 18:53:07.121] [Server thread/WARN] [net.minecraftforge.common.ForgeConfigSpec/CORE]: Incorrect key server.advancedPickupUpgrade.filterSlots was corrected from null to its default, 16. 
[01May2025 18:53:07.121] [Server thread/WARN] [net.minecraftforge.common.ForgeConfigSpec/CORE]: Incorrect key server.advancedPickupUpgrade.slotsInRow was corrected from null to its default, 4. 
[01May2025 18:53:07.122] [Server thread/WARN] [net.minecraftforge.common.ForgeConfigSpec/CORE]: Incorrect key server.refillUpgrade was corrected from null to its default, SimpleCommentedConfig:{}. 
[01May2025 18:53:07.124] [Server thread/WARN] [net.minecraftforge.common.ForgeConfigSpec/CORE]: Incorrect key server.refillUpgrade.filterSlots was corrected from null to its default, 6. 
[01May2025 18:53:07.124] [Server thread/WARN] [net.minecraftforge.common.ForgeConfigSpec/CORE]: Incorrect key server.refillUpgrade.slotsInRow was corrected from null to its default, 3. 
[01May2025 18:53:07.124] [Server thread/WARN] [net.minecraftforge.common.ForgeConfigSpec/CORE]: Incorrect key server.advancedRefillUpgrade was corrected from null to its default, SimpleCommentedConfig:{}. 
[01May2025 18:53:07.124] [Server thread/WARN] [net.minecraftforge.common.ForgeConfigSpec/CORE]: Incorrect key server.advancedRefillUpgrade.filterSlots was corrected from null to its default, 12. 
[01May2025 18:53:07.124] [Server thread/WARN] [net.minecraftforge.common.ForgeConfigSpec/CORE]: Incorrect key server.advancedRefillUpgrade.slotsInRow was corrected from null to its default, 4. 
[01May2025 18:53:07.124] [Server thread/WARN] [net.minecraftforge.common.ForgeConfigSpec/CORE]: Incorrect key server.restockUpgrade was corrected from null to its default, SimpleCommentedConfig:{}. 
[01May2025 18:53:07.125] [Server thread/WARN] [net.minecraftforge.common.ForgeConfigSpec/CORE]: Incorrect key server.restockUpgrade.filterSlots was corrected from null to its default, 9. 
[01May2025 18:53:07.125] [Server thread/WARN] [net.minecraftforge.common.ForgeConfigSpec/CORE]: Incorrect key server.restockUpgrade.slotsInRow was corrected from null to its default, 3. 
[01May2025 18:53:07.125] [Server thread/WARN] [net.minecraftforge.common.ForgeConfigSpec/CORE]: Incorrect key server.advancedRestockUpgrade was corrected from null to its default, SimpleCommentedConfig:{}. 
[01May2025 18:53:07.125] [Server thread/WARN] [net.minecraftforge.common.ForgeConfigSpec/CORE]: Incorrect key server.advancedRestockUpgrade.filterSlots was corrected from null to its default, 16. 
[01May2025 18:53:07.125] [Server thread/WARN] [net.minecraftforge.common.ForgeConfigSpec/CORE]: Incorrect key server.advancedRestockUpgrade.slotsInRow was corrected from null to its default, 4. 
[01May2025 18:53:07.126] [Server thread/WARN] [net.minecraftforge.common.ForgeConfigSpec/CORE]: Incorrect key server.voidUpgrade was corrected from null to its default, SimpleCommentedConfig:{}. 
[01May2025 18:53:07.126] [Server thread/WARN] [net.minecraftforge.common.ForgeConfigSpec/CORE]: Incorrect key server.voidUpgrade.filterSlots was corrected from null to its default, 9. 
[01May2025 18:53:07.126] [Server thread/WARN] [net.minecraftforge.common.ForgeConfigSpec/CORE]: Incorrect key server.voidUpgrade.slotsInRow was corrected from null to its default, 3. 
[01May2025 18:53:07.127] [Server thread/WARN] [net.minecraftforge.common.ForgeConfigSpec/CORE]: Incorrect key server.voidUpgrade.voidAnythingEnabled was corrected from null to its default, true. 
[01May2025 18:53:07.127] [Server thread/WARN] [net.minecraftforge.common.ForgeConfigSpec/CORE]: Incorrect key server.advancedVoidUpgrade was corrected from null to its default, SimpleCommentedConfig:{}. 
[01May2025 18:53:07.128] [Server thread/WARN] [net.minecraftforge.common.ForgeConfigSpec/CORE]: Incorrect key server.advancedVoidUpgrade.filterSlots was corrected from null to its default, 16. 
[01May2025 18:53:07.130] [Server thread/WARN] [net.minecraftforge.common.ForgeConfigSpec/CORE]: Incorrect key server.advancedVoidUpgrade.slotsInRow was corrected from null to its default, 4. 
[01May2025 18:53:07.131] [Server thread/WARN] [net.minecraftforge.common.ForgeConfigSpec/CORE]: Incorrect key server.advancedVoidUpgrade.voidAnythingEnabled was corrected from null to its default, true. 
[01May2025 18:53:07.132] [Server thread/WARN] [net.minecraftforge.common.ForgeConfigSpec/CORE]: Incorrect key server.stackUpgrade was corrected from null to its default, SimpleCommentedConfig:{}. 
[01May2025 18:53:07.133] [Server thread/WARN] [net.minecraftforge.common.ForgeConfigSpec/CORE]: Incorrect key server.stackUpgrade.nonStackableItems was corrected from null to its default, [minecraft:bundle, minecraft:shulker_box, minecraft:white_shulker_box, minecraft:orange_shulker_box, minecraft:magenta_shulker_box, minecraft:light_blue_shulker_box, minecraft:yellow_shulker_box, minecraft:lime_shulker_box, minecraft:pink_shulker_box, minecraft:gray_shulker_box, minecraft:light_gray_shulker_box, minecraft:cyan_shulker_box, minecraft:purple_shulker_box, minecraft:blue_shulker_box, minecraft:brown_shulker_box, minecraft:green_shulker_box, minecraft:red_shulker_box, minecraft:black_shulker_box]. 
[01May2025 18:53:07.134] [Server thread/WARN] [net.minecraftforge.common.ForgeConfigSpec/CORE]: Incorrect key server.smeltingUpgrade was corrected from null to its default, SimpleCommentedConfig:{}. 
[01May2025 18:53:07.134] [Server thread/WARN] [net.minecraftforge.common.ForgeConfigSpec/CORE]: Incorrect key server.smeltingUpgrade.smeltingSpeedMultiplier was corrected from null to its default, 1.0. 
[01May2025 18:53:07.135] [Server thread/WARN] [net.minecraftforge.common.ForgeConfigSpec/CORE]: Incorrect key server.smeltingUpgrade.fuelEfficiencyMultiplier was corrected from null to its default, 1.0. 
[01May2025 18:53:07.135] [Server thread/WARN] [net.minecraftforge.common.ForgeConfigSpec/CORE]: Incorrect key server.smokingUpgrade was corrected from null to its default, SimpleCommentedConfig:{}. 
[01May2025 18:53:07.136] [Server thread/WARN] [net.minecraftforge.common.ForgeConfigSpec/CORE]: Incorrect key server.smokingUpgrade.smeltingSpeedMultiplier was corrected from null to its default, 1.0. 
[01May2025 18:53:07.136] [Server thread/WARN] [net.minecraftforge.common.ForgeConfigSpec/CORE]: Incorrect key server.smokingUpgrade.fuelEfficiencyMultiplier was corrected from null to its default, 1.0. 
[01May2025 18:53:07.136] [Server thread/WARN] [net.minecraftforge.common.ForgeConfigSpec/CORE]: Incorrect key server.blastingUpgrade was corrected from null to its default, SimpleCommentedConfig:{}. 
[01May2025 18:53:07.137] [Server thread/WARN] [net.minecraftforge.common.ForgeConfigSpec/CORE]: Incorrect key server.blastingUpgrade.smeltingSpeedMultiplier was corrected from null to its default, 1.0. 
[01May2025 18:53:07.138] [Server thread/WARN] [net.minecraftforge.common.ForgeConfigSpec/CORE]: Incorrect key server.blastingUpgrade.fuelEfficiencyMultiplier was corrected from null to its default, 1.0. 
[01May2025 18:53:07.138] [Server thread/WARN] [net.minecraftforge.common.ForgeConfigSpec/CORE]: Incorrect key server.autoSmeltingUpgrade was corrected from null to its default, SimpleCommentedConfig:{}. 
[01May2025 18:53:07.140] [Server thread/WARN] [net.minecraftforge.common.ForgeConfigSpec/CORE]: Incorrect key server.autoSmeltingUpgrade.smeltingSpeedMultiplier was corrected from null to its default, 1.0. 
[01May2025 18:53:07.141] [Server thread/WARN] [net.minecraftforge.common.ForgeConfigSpec/CORE]: Incorrect key server.autoSmeltingUpgrade.fuelEfficiencyMultiplier was corrected from null to its default, 1.0. 
[01May2025 18:53:07.141] [Server thread/WARN] [net.minecraftforge.common.ForgeConfigSpec/CORE]: Incorrect key server.autoSmeltingUpgrade.inputFilterSlots was corrected from null to its default, 8. 
[01May2025 18:53:07.142] [Server thread/WARN] [net.minecraftforge.common.ForgeConfigSpec/CORE]: Incorrect key server.autoSmeltingUpgrade.inputFilterSlotsInRow was corrected from null to its default, 4. 
[01May2025 18:53:07.143] [Server thread/WARN] [net.minecraftforge.common.ForgeConfigSpec/CORE]: Incorrect key server.autoSmeltingUpgrade.fuelFilterSlots was corrected from null to its default, 4. 
[01May2025 18:53:07.143] [Server thread/WARN] [net.minecraftforge.common.ForgeConfigSpec/CORE]: Incorrect key server.autoSmeltingUpgrade.fuelFilterSlotsInRow was corrected from null to its default, 4. 
[01May2025 18:53:07.145] [Server thread/WARN] [net.minecraftforge.common.ForgeConfigSpec/CORE]: Incorrect key server.autoSmokingUpgrade was corrected from null to its default, SimpleCommentedConfig:{}. 
[01May2025 18:53:07.146] [Server thread/WARN] [net.minecraftforge.common.ForgeConfigSpec/CORE]: Incorrect key server.autoSmokingUpgrade.smeltingSpeedMultiplier was corrected from null to its default, 1.0. 
[01May2025 18:53:07.146] [Server thread/WARN] [net.minecraftforge.common.ForgeConfigSpec/CORE]: Incorrect key server.autoSmokingUpgrade.fuelEfficiencyMultiplier was corrected from null to its default, 1.0. 
[01May2025 18:53:07.147] [Server thread/WARN] [net.minecraftforge.common.ForgeConfigSpec/CORE]: Incorrect key server.autoSmokingUpgrade.inputFilterSlots was corrected from null to its default, 8. 
[01May2025 18:53:07.147] [Server thread/WARN] [net.minecraftforge.common.ForgeConfigSpec/CORE]: Incorrect key server.autoSmokingUpgrade.inputFilterSlotsInRow was corrected from null to its default, 4. 
[01May2025 18:53:07.148] [Server thread/WARN] [net.minecraftforge.common.ForgeConfigSpec/CORE]: Incorrect key server.autoSmokingUpgrade.fuelFilterSlots was corrected from null to its default, 4. 
[01May2025 18:53:07.148] [Server thread/WARN] [net.minecraftforge.common.ForgeConfigSpec/CORE]: Incorrect key server.autoSmokingUpgrade.fuelFilterSlotsInRow was corrected from null to its default, 4. 
[01May2025 18:53:07.149] [Server thread/WARN] [net.minecraftforge.common.ForgeConfigSpec/CORE]: Incorrect key server.autoBlastingUpgrade was corrected from null to its default, SimpleCommentedConfig:{}. 
[01May2025 18:53:07.149] [Server thread/WARN] [net.minecraftforge.common.ForgeConfigSpec/CORE]: Incorrect key server.autoBlastingUpgrade.smeltingSpeedMultiplier was corrected from null to its default, 1.0. 
[01May2025 18:53:07.150] [Server thread/WARN] [net.minecraftforge.common.ForgeConfigSpec/CORE]: Incorrect key server.autoBlastingUpgrade.fuelEfficiencyMultiplier was corrected from null to its default, 1.0. 
[01May2025 18:53:07.150] [Server thread/WARN] [net.minecraftforge.common.ForgeConfigSpec/CORE]: Incorrect key server.autoBlastingUpgrade.inputFilterSlots was corrected from null to its default, 8. 
[01May2025 18:53:07.150] [Server thread/WARN] [net.minecraftforge.common.ForgeConfigSpec/CORE]: Incorrect key server.autoBlastingUpgrade.inputFilterSlotsInRow was corrected from null to its default, 4. 
[01May2025 18:53:07.151] [Server thread/WARN] [net.minecraftforge.common.ForgeConfigSpec/CORE]: Incorrect key server.autoBlastingUpgrade.fuelFilterSlots was corrected from null to its default, 4. 
[01May2025 18:53:07.151] [Server thread/WARN] [net.minecraftforge.common.ForgeConfigSpec/CORE]: Incorrect key server.autoBlastingUpgrade.fuelFilterSlotsInRow was corrected from null to its default, 4. 
[01May2025 18:53:07.151] [Server thread/WARN] [net.minecraftforge.common.ForgeConfigSpec/CORE]: Incorrect key server.inceptionUpgrade was corrected from null to its default, SimpleCommentedConfig:{}. 
[01May2025 18:53:07.152] [Server thread/WARN] [net.minecraftforge.common.ForgeConfigSpec/CORE]: Incorrect key server.inceptionUpgrade.upgradesUseInventoriesOfBackpacksInBackpack was corrected from null to its default, true. 
[01May2025 18:53:07.152] [Server thread/WARN] [net.minecraftforge.common.ForgeConfigSpec/CORE]: Incorrect key server.inceptionUpgrade.upgradesInContainedBackpacksAreFunctional was corrected from null to its default, true. 
[01May2025 18:53:07.153] [Server thread/WARN] [net.minecraftforge.common.ForgeConfigSpec/CORE]: Incorrect key server.toolSwapperUpgrade was corrected from null to its default, SimpleCommentedConfig:{}. 
[01May2025 18:53:07.153] [Server thread/WARN] [net.minecraftforge.common.ForgeConfigSpec/CORE]: Incorrect key server.toolSwapperUpgrade.filterSlots was corrected from null to its default, 8. 
[01May2025 18:53:07.154] [Server thread/WARN] [net.minecraftforge.common.ForgeConfigSpec/CORE]: Incorrect key server.toolSwapperUpgrade.slotsInRow was corrected from null to its default, 4. 
[01May2025 18:53:07.155] [Server thread/WARN] [net.minecraftforge.common.ForgeConfigSpec/CORE]: Incorrect key server.tankUpgrade was corrected from null to its default, SimpleCommentedConfig:{}. 
[01May2025 18:53:07.155] [Server thread/WARN] [net.minecraftforge.common.ForgeConfigSpec/CORE]: Incorrect key server.tankUpgrade.capacityPerSlotRow was corrected from null to its default, 4000. 
[01May2025 18:53:07.155] [Server thread/WARN] [net.minecraftforge.common.ForgeConfigSpec/CORE]: Incorrect key server.tankUpgrade.stackMultiplierRatio was corrected from null to its default, 1.0. 
[01May2025 18:53:07.156] [Server thread/WARN] [net.minecraftforge.common.ForgeConfigSpec/CORE]: Incorrect key server.tankUpgrade.autoFillDrainContainerCooldown was corrected from null to its default, 20. 
[01May2025 18:53:07.157] [Server thread/WARN] [net.minecraftforge.common.ForgeConfigSpec/CORE]: Incorrect key server.tankUpgrade.maxInputOutput was corrected from null to its default, 20. 
[01May2025 18:53:07.157] [Server thread/WARN] [net.minecraftforge.common.ForgeConfigSpec/CORE]: Incorrect key server.tankUpgrade.energyPerSlotRow was corrected from null to its default, 10000. 
[01May2025 18:53:07.158] [Server thread/WARN] [net.minecraftforge.common.ForgeConfigSpec/CORE]: Incorrect key server.pumpUpgrade was corrected from null to its default, SimpleCommentedConfig:{}. 
[01May2025 18:53:07.159] [Server thread/WARN] [net.minecraftforge.common.ForgeConfigSpec/CORE]: Incorrect key server.pumpUpgrade.filterSlots was corrected from null to its default, 4. 
[01May2025 18:53:07.159] [Server thread/WARN] [net.minecraftforge.common.ForgeConfigSpec/CORE]: Incorrect key server.pumpUpgrade.maxInputOutput was corrected from null to its default, 20. 
[01May2025 18:53:07.160] [Server thread/WARN] [net.minecraftforge.common.ForgeConfigSpec/CORE]: Incorrect key server.pumpUpgrade.stackMultiplierRatio was corrected from null to its default, 1.0. 
[01May2025 18:53:07.160] [Server thread/WARN] [net.minecraftforge.common.ForgeConfigSpec/CORE]: Incorrect key server.xpPumpUpgrade was corrected from null to its default, SimpleCommentedConfig:{}. 
[01May2025 18:53:07.161] [Server thread/WARN] [net.minecraftforge.common.ForgeConfigSpec/CORE]: Incorrect key server.xpPumpUpgrade.mendingOn was corrected from null to its default, true. 
[01May2025 18:53:07.161] [Server thread/WARN] [net.minecraftforge.common.ForgeConfigSpec/CORE]: Incorrect key server.xpPumpUpgrade.maxXpPointsPerMending was corrected from null to its default, 5. 
[01May2025 18:53:07.162] [Server thread/WARN] [net.minecraftforge.common.ForgeConfigSpec/CORE]: Incorrect key server.advancedJukeboxUpgrade was corrected from null to its default, SimpleCommentedConfig:{}. 
[01May2025 18:53:07.162] [Server thread/WARN] [net.minecraftforge.common.ForgeConfigSpec/CORE]: Incorrect key server.advancedJukeboxUpgrade.numberOfSlots was corrected from null to its default, 12. 
[01May2025 18:53:07.163] [Server thread/WARN] [net.minecraftforge.common.ForgeConfigSpec/CORE]: Incorrect key server.advancedJukeboxUpgrade.slotsInRow was corrected from null to its default, 4. 
[01May2025 18:53:07.165] [Server thread/WARN] [net.minecraftforge.common.ForgeConfigSpec/CORE]: Incorrect key server.entityBackpackAdditions was corrected from null to its default, SimpleCommentedConfig:{}. 
[01May2025 18:53:07.166] [Server thread/WARN] [net.minecraftforge.common.ForgeConfigSpec/CORE]: Incorrect key server.entityBackpackAdditions.chance was corrected from null to its default, 0.01. 
[01May2025 18:53:07.168] [Server thread/WARN] [net.minecraftforge.common.ForgeConfigSpec/CORE]: Incorrect key server.entityBackpackAdditions.addLoot was corrected from null to its default, true. 
[01May2025 18:53:07.169] [Server thread/WARN] [net.minecraftforge.common.ForgeConfigSpec/CORE]: Incorrect key server.entityBackpackAdditions.buffWithPotionEffects was corrected from null to its default, true. 
[01May2025 18:53:07.170] [Server thread/WARN] [net.minecraftforge.common.ForgeConfigSpec/CORE]: Incorrect key server.entityBackpackAdditions.buffHealth was corrected from null to its default, true. 
[01May2025 18:53:07.171] [Server thread/WARN] [net.minecraftforge.common.ForgeConfigSpec/CORE]: Incorrect key server.entityBackpackAdditions.equipWithArmor was corrected from null to its default, true. 
[01May2025 18:53:07.172] [Server thread/WARN] [net.minecraftforge.common.ForgeConfigSpec/CORE]: Incorrect key server.entityBackpackAdditions.entityLootTableList was corrected from null to its default, [minecraft:creeper|minecraft:chests/desert_pyramid, minecraft:drowned|minecraft:chests/shipwreck_treasure, minecraft:enderman|minecraft:chests/end_city_treasure, minecraft:evoker|minecraft:chests/woodland_mansion, minecraft:husk|minecraft:chests/desert_pyramid, minecraft:piglin|minecraft:chests/bastion_bridge, minecraft:piglin_brute|minecraft:chests/bastion_treasure, minecraft:pillager|minecraft:chests/pillager_outpost, minecraft:skeleton|minecraft:chests/simple_dungeon, minecraft:stray|minecraft:chests/igloo_chest, minecraft:vex|minecraft:chests/woodland_mansion, minecraft:vindicator|minecraft:chests/woodland_mansion, minecraft:witch|minecraft:chests/buried_treasure, minecraft:wither_skeleton|minecraft:chests/nether_bridge, minecraft:zombie|minecraft:chests/simple_dungeon, minecraft:zombie_villager|minecraft:chests/village/village_armorer, minecraft:zombified_piglin|minecraft:chests/bastion_other]. 
[01May2025 18:53:07.173] [Server thread/WARN] [net.minecraftforge.common.ForgeConfigSpec/CORE]: Incorrect key server.entityBackpackAdditions.discBlockList was corrected from null to its default, [botania:record_gaia_1, botania:record_gaia_2]. 
[01May2025 18:53:07.173] [Server thread/WARN] [net.minecraftforge.common.ForgeConfigSpec/CORE]: Incorrect key server.entityBackpackAdditions.playJukebox was corrected from null to its default, true. 
[01May2025 18:53:07.174] [Server thread/WARN] [net.minecraftforge.common.ForgeConfigSpec/CORE]: Incorrect key server.entityBackpackAdditions.dropToFakePlayers was corrected from null to its default, false. 
[01May2025 18:53:07.174] [Server thread/WARN] [net.minecraftforge.common.ForgeConfigSpec/CORE]: Incorrect key server.entityBackpackAdditions.backpackDropChance was corrected from null to its default, 0.5. 
[01May2025 18:53:07.175] [Server thread/WARN] [net.minecraftforge.common.ForgeConfigSpec/CORE]: Incorrect key server.entityBackpackAdditions.lootingChanceIncreasePerLevel was corrected from null to its default, 0.15. 
[01May2025 18:53:07.176] [Server thread/WARN] [net.minecraftforge.common.ForgeConfigSpec/CORE]: Incorrect key server.nerfs was corrected from null to its default, SimpleCommentedConfig:{}. 
[01May2025 18:53:07.176] [Server thread/WARN] [net.minecraftforge.common.ForgeConfigSpec/CORE]: Incorrect key server.nerfs.tooManyBackpacksSlowness was corrected from null to its default, false. 
[01May2025 18:53:07.177] [Server thread/WARN] [net.minecraftforge.common.ForgeConfigSpec/CORE]: Incorrect key server.nerfs.maxNumberOfBackpacks was corrected from null to its default, 3. 
[01May2025 18:53:07.177] [Server thread/WARN] [net.minecraftforge.common.ForgeConfigSpec/CORE]: Incorrect key server.nerfs.slownessLevelsPerAdditionalBackpack was corrected from null to its default, 1.0. 
[01May2025 18:53:07.178] [Server thread/WARN] [net.minecraftforge.common.ForgeConfigSpec/CORE]: Incorrect key server.nerfs.onlyWornBackpackTriggersUpgrades was corrected from null to its default, false. 
[01May2025 18:53:07.178] [Server thread/WARN] [net.minecraftforge.common.ForgeConfigSpec/CORE]: Incorrect key server.maxUpgradesPerStorage was corrected from null to its default, [jukebox_upgrades|1, furnace_upgrades|1, stack_upgrades|3]. 
[01May2025 18:53:07.179] [Server thread/WARN] [net.minecraftforge.common.ForgeConfigSpec/CORE]: Incorrect key server.itemFluidHandlerEnabled was corrected from null to its default, true. 
[01May2025 18:53:07.180] [Server thread/WARN] [net.minecraftforge.common.ForgeConfigSpec/CORE]: Incorrect key server.allowOpeningOtherPlayerBackpacks was corrected from null to its default, true. 
[01May2025 18:53:07.180] [Server thread/WARN] [net.minecraftforge.common.ForgeConfigSpec/CORE]: Incorrect key server.itemDisplayDisabled was corrected from null to its default, false. 
[01May2025 18:53:07.181] [Server thread/WARN] [net.minecraftforge.common.ForgeConfigSpec/CORE]: Incorrect key server.tickDedupeLogicDisabled was corrected from null to its default, false. 
[01May2025 18:53:07.181] [Server thread/WARN] [net.minecraftforge.common.ForgeConfigSpec/CORE]: Incorrect key server.canBePlacedInContainerItems was corrected from null to its default, false. 
[01May2025 18:53:07.189] [Server thread/WARN] [net.minecraftforge.common.ForgeConfigSpec/CORE]: Configuration file ./world/serverconfig/doggytalents-server.toml is not correct. Correcting
[01May2025 18:53:07.192] [Server thread/WARN] [net.minecraftforge.common.ForgeConfigSpec/CORE]: Incorrect key Dog Constants was corrected from null to its default, SimpleCommentedConfig:{}. 
[01May2025 18:53:07.192] [Server thread/WARN] [net.minecraftforge.common.ForgeConfigSpec/CORE]: Incorrect key Dog Constants.disable_hunger was corrected from null to its default, false. 
[01May2025 18:53:07.192] [Server thread/WARN] [net.minecraftforge.common.ForgeConfigSpec/CORE]: Incorrect key Dog Constants.enable_starter_bundle was corrected from null to its default, false. 
[01May2025 18:53:07.192] [Server thread/WARN] [net.minecraftforge.common.ForgeConfigSpec/CORE]: Incorrect key Dog Constants.disable_dog_gender was corrected from null to its default, false. 
[01May2025 18:53:07.193] [Server thread/WARN] [net.minecraftforge.common.ForgeConfigSpec/CORE]: Incorrect key Dog Constants.enable_pup_get_parent_levels was corrected from null to its default, false. 
[01May2025 18:53:07.193] [Server thread/WARN] [net.minecraftforge.common.ForgeConfigSpec/CORE]: Incorrect key Dog Constants.immortal_dogs was corrected from null to its default, true. 
[01May2025 18:53:07.193] [Server thread/WARN] [net.minecraftforge.common.ForgeConfigSpec/CORE]: Incorrect key Dog Constants.play_tag_with_dog was corrected from null to its default, true. 
[01May2025 18:53:07.193] [Server thread/WARN] [net.minecraftforge.common.ForgeConfigSpec/CORE]: Incorrect key Dog Constants.dog_greet_owner was corrected from null to its default, true. 
[01May2025 18:53:07.193] [Server thread/WARN] [net.minecraftforge.common.ForgeConfigSpec/CORE]: Incorrect key Dog Constants.dog_greet_owner_limit was corrected from null to its default, 5. 
[01May2025 18:53:07.193] [Server thread/WARN] [net.minecraftforge.common.ForgeConfigSpec/CORE]: Incorrect key Dog Constants.max_creeper_sweeper_dont_growl was corrected from null to its default, true. 
[01May2025 18:53:07.193] [Server thread/WARN] [net.minecraftforge.common.ForgeConfigSpec/CORE]: Incorrect key Dog Constants.all_player_cannot_attack_dog was corrected from null to its default, false. 
[01May2025 18:53:07.193] [Server thread/WARN] [net.minecraftforge.common.ForgeConfigSpec/CORE]: Incorrect key Dog Constants.all_dog_block_portal was corrected from null to its default, true. 
[01May2025 18:53:07.194] [Server thread/WARN] [net.minecraftforge.common.ForgeConfigSpec/CORE]: Incorrect key Dog Constants.max_heel_limit was corrected from null to its default, 20. 
[01May2025 18:53:07.194] [Server thread/WARN] [net.minecraftforge.common.ForgeConfigSpec/CORE]: Incorrect key Dog Constants.hunger_modifier was corrected from null to its default, 1.0. 
[01May2025 18:53:07.204] [Server thread/WARN] [net.minecraftforge.common.ForgeConfigSpec/CORE]: Incorrect key Dog Constants.disable_preserve_uuid was corrected from null to its default, false. 
[01May2025 18:53:07.205] [Server thread/WARN] [net.minecraftforge.common.ForgeConfigSpec/CORE]: Incorrect key Dog Constants.duplication_resolve_strategy was corrected from null to its default, 0. 
[01May2025 18:53:07.207] [Server thread/WARN] [net.minecraftforge.common.ForgeConfigSpec/CORE]: Incorrect key Dog Constants.disable_train_untamed_wolf was corrected from null to its default, false. 
[01May2025 18:53:07.211] [Server thread/WARN] [net.minecraftforge.common.ForgeConfigSpec/CORE]: Incorrect key Dog Constants.dog_respawn_incapacitated_when_killed was corrected from null to its default, true. 
[01May2025 18:53:07.212] [Server thread/WARN] [net.minecraftforge.common.ForgeConfigSpec/CORE]: Incorrect key Dog Constants.mob_retriever_only_carry_dog was corrected from null to its default, false. 
[01May2025 18:53:07.212] [Server thread/WARN] [net.minecraftforge.common.ForgeConfigSpec/CORE]: Incorrect key Dog Constants.wolf_mount_passenger_collision was corrected from null to its default, true. 
[01May2025 18:53:07.220] [Server thread/WARN] [net.minecraftforge.common.ForgeConfigSpec/CORE]: Incorrect key Dog Constants.conducting_bone_cross_origin was corrected from null to its default, true. 
[01May2025 18:53:07.220] [Server thread/WARN] [net.minecraftforge.common.ForgeConfigSpec/CORE]: Incorrect key Dog Constants.incap_val_reset_when_hurt was corrected from null to its default, true. 
[01May2025 18:53:07.220] [Server thread/WARN] [net.minecraftforge.common.ForgeConfigSpec/CORE]: Incorrect key Dog Constants.train_wolf_limit was corrected from null to its default, -1. 
[01May2025 18:53:07.220] [Server thread/WARN] [net.minecraftforge.common.ForgeConfigSpec/CORE]: Incorrect key Dog Constants.random_var_with_charm was corrected from null to its default, true. 
[01May2025 18:53:07.220] [Server thread/WARN] [net.minecraftforge.common.ForgeConfigSpec/CORE]: Incorrect key Dog Constants.doggy_tools_trident was corrected from null to its default, true. 
[01May2025 18:53:07.221] [Server thread/WARN] [net.minecraftforge.common.ForgeConfigSpec/CORE]: Incorrect key Dog Constants.doggy_tools_projectile_pass_allies was corrected from null to its default, true. 
[01May2025 18:53:07.221] [Server thread/WARN] [net.minecraftforge.common.ForgeConfigSpec/CORE]: Incorrect key Dog Constants.doggy_tools_bridging was corrected from null to its default, true. 
[01May2025 18:53:07.221] [Server thread/WARN] [net.minecraftforge.common.ForgeConfigSpec/CORE]: Incorrect key Dog Constants.doggy_tools_bridging_limit was corrected from null to its default, 1. 
[01May2025 18:53:07.221] [Server thread/WARN] [net.minecraftforge.common.ForgeConfigSpec/CORE]: Incorrect key Dog Constants.dog_petting was corrected from null to its default, true. 
[01May2025 18:53:07.221] [Server thread/WARN] [net.minecraftforge.common.ForgeConfigSpec/CORE]: Incorrect key Dog Constants.dog_petting_jealous was corrected from null to its default, true. 
[01May2025 18:53:07.221] [Server thread/WARN] [net.minecraftforge.common.ForgeConfigSpec/CORE]: Incorrect key Dog Constants.allow_track_any_dog was corrected from null to its default, false. 
[01May2025 18:53:07.221] [Server thread/WARN] [net.minecraftforge.common.ForgeConfigSpec/CORE]: Incorrect key Dog Constants.log_when_dog_go_offline was corrected from null to its default, true. 
[01May2025 18:53:07.221] [Server thread/WARN] [net.minecraftforge.common.ForgeConfigSpec/CORE]: Incorrect key Dog Constants.b_g_mode_less_strict was corrected from null to its default, false. 
[01May2025 18:53:07.222] [Server thread/WARN] [net.minecraftforge.common.ForgeConfigSpec/CORE]: Incorrect key Dog Constants.dog_dont_push_owner was corrected from null to its default, false. 
[01May2025 18:53:07.222] [Server thread/WARN] [net.minecraftforge.common.ForgeConfigSpec/CORE]: Incorrect key Dog Constants.injured_dog_block_portal was corrected from null to its default, false. 
[01May2025 18:53:07.222] [Server thread/WARN] [net.minecraftforge.common.ForgeConfigSpec/CORE]: Incorrect key Dog Constants.wandering_dog_whistle was corrected from null to its default, false. 
[01May2025 18:53:07.222] [Server thread/WARN] [net.minecraftforge.common.ForgeConfigSpec/CORE]: Incorrect key Dog Constants.disable_kill_stats was corrected from null to its default, false. 
[01May2025 18:53:07.222] [Server thread/WARN] [net.minecraftforge.common.ForgeConfigSpec/CORE]: Incorrect key Dog Constants.disable_wolf_armor_protection was corrected from null to its default, false. 
[01May2025 18:53:07.222] [Server thread/WARN] [net.minecraftforge.common.ForgeConfigSpec/CORE]: Incorrect key Dog Constants.prevent_wild_wolves_angry was corrected from null to its default, false. 
[01May2025 18:53:07.222] [Server thread/WARN] [net.minecraftforge.common.ForgeConfigSpec/CORE]: Incorrect key Dog Constants.tactical_limit was corrected from null to its default, 8. 
[01May2025 18:53:07.223] [Server thread/WARN] [net.minecraftforge.common.ForgeConfigSpec/CORE]: Incorrect key Dog Constants.carry_me_whistle was corrected from null to its default, true. 
[01May2025 18:53:07.223] [Server thread/WARN] [net.minecraftforge.common.ForgeConfigSpec/CORE]: Incorrect key Dog Constants.dog_max_build_y_cap was corrected from null to its default, true. 
[01May2025 18:53:07.231] [Server thread/WARN] [net.minecraftforge.common.ForgeConfigSpec/CORE]: Incorrect key Dog Constants.random_var_on_pale was corrected from null to its default, false. 
[01May2025 18:53:07.236] [Server thread/WARN] [net.minecraftforge.common.ForgeConfigSpec/CORE]: Configuration file ./world/serverconfig/doggytalents-respawn_tags_to_remove.toml is not correct. Correcting
[01May2025 18:53:07.236] [Server thread/WARN] [net.minecraftforge.common.ForgeConfigSpec/CORE]: Incorrect key restore_strategy was corrected from null to its default, 0. 
[01May2025 18:53:07.237] [Server thread/WARN] [net.minecraftforge.common.ForgeConfigSpec/CORE]: Incorrect key respawn_removal_tags was corrected from null to its default, []. 
[01May2025 18:53:07.239] [Server thread/WARN] [net.minecraftforge.common.ForgeConfigSpec/CORE]: Incorrect key tags_to_keep was corrected from null to its default, []. 
[01May2025 18:53:07.244] [Server thread/WARN] [net.minecraftforge.common.ForgeConfigSpec/CORE]: Configuration file ./world/serverconfig/doggytalents-dog_custom_skins.toml is not correct. Correcting
[01May2025 18:53:07.245] [Server thread/WARN] [net.minecraftforge.common.ForgeConfigSpec/CORE]: Incorrect key strategy was corrected from null to its default, 0. 
[01May2025 18:53:07.246] [Server thread/WARN] [net.minecraftforge.common.ForgeConfigSpec/CORE]: Incorrect key whitelisted_sha1 was corrected from null to its default, []. 
[01May2025 18:53:07.246] [Server thread/WARN] [net.minecraftforge.common.ForgeConfigSpec/CORE]: Incorrect key blacklisted_sha1 was corrected from null to its default, []. 
[01May2025 18:53:07.250] [Server thread/WARN] [net.minecraftforge.common.ForgeConfigSpec/CORE]: Configuration file ./world/serverconfig/additionalstructures-server.toml is not correct. Correcting
[01May2025 18:53:07.251] [Server thread/WARN] [net.minecraftforge.common.ForgeConfigSpec/CORE]: Incorrect key general was corrected from null to its default, SimpleCommentedConfig:{}. 
[01May2025 18:53:07.251] [Server thread/WARN] [net.minecraftforge.common.ForgeConfigSpec/CORE]: Incorrect key general.patreon_rewards was corrected from null to its default, true. 
[01May2025 18:53:07.255] [Server thread/WARN] [net.minecraftforge.common.ForgeConfigSpec/CORE]: Configuration file ./world/serverconfig/easy_piglins-server.toml is not correct. Correcting
[01May2025 18:53:07.255] [Server thread/WARN] [net.minecraftforge.common.ForgeConfigSpec/CORE]: Incorrect key piglin was corrected from null to its default, SimpleCommentedConfig:{}. 
[01May2025 18:53:07.255] [Server thread/WARN] [net.minecraftforge.common.ForgeConfigSpec/CORE]: Incorrect key piglin.inventory_sounds was corrected from null to its default, true. 
[01May2025 18:53:07.259] [Server thread/WARN] [net.minecraftforge.common.ForgeConfigSpec/CORE]: Configuration file ./world/serverconfig/teleportcraft/teleportcraft-preferences.toml is not correct. Correcting
[01May2025 18:53:07.260] [Server thread/WARN] [net.minecraftforge.common.ForgeConfigSpec/CORE]: Incorrect key preferences was corrected from null to its default, SimpleCommentedConfig:{}. 
[01May2025 18:53:07.261] [Server thread/WARN] [net.minecraftforge.common.ForgeConfigSpec/CORE]: Incorrect key preferences.allowBackCommand was corrected from null to its default, true. 
[01May2025 18:53:07.261] [Server thread/WARN] [net.minecraftforge.common.ForgeConfigSpec/CORE]: Incorrect key preferences.allowHomeCommands was corrected from null to its default, true. 
[01May2025 18:53:07.262] [Server thread/WARN] [net.minecraftforge.common.ForgeConfigSpec/CORE]: Incorrect key preferences.allowGraveCommand was corrected from null to its default, true. 
[01May2025 18:53:07.263] [Server thread/WARN] [net.minecraftforge.common.ForgeConfigSpec/CORE]: Incorrect key preferences.allowTPACommand was corrected from null to its default, true. 
[01May2025 18:53:07.264] [Server thread/WARN] [net.minecraftforge.common.ForgeConfigSpec/CORE]: Incorrect key preferences.TPAExpiration was corrected from null to its default, 60. 
[01May2025 18:53:07.265] [Server thread/WARN] [net.minecraftforge.common.ForgeConfigSpec/CORE]: Incorrect key preferences.xpToUseBackCommand was corrected from null to its default, 0. 
[01May2025 18:53:07.265] [Server thread/WARN] [net.minecraftforge.common.ForgeConfigSpec/CORE]: Incorrect key preferences.xpToUseSetHomeCommand was corrected from null to its default, 0. 
[01May2025 18:53:07.265] [Server thread/WARN] [net.minecraftforge.common.ForgeConfigSpec/CORE]: Incorrect key preferences.xpToUseHomeCommand was corrected from null to its default, 0. 
[01May2025 18:53:07.266] [Server thread/WARN] [net.minecraftforge.common.ForgeConfigSpec/CORE]: Incorrect key preferences.xpToUseGraveCommand was corrected from null to its default, 0. 
[01May2025 18:53:07.266] [Server thread/WARN] [net.minecraftforge.common.ForgeConfigSpec/CORE]: Incorrect key preferences.xpToUseTPACommand was corrected from null to its default, 0. 
[01May2025 18:53:07.267] [Server thread/WARN] [net.minecraftforge.common.ForgeConfigSpec/CORE]: Incorrect key preferences.permissionLevelToUpdate was corrected from null to its default, 4. 
[01May2025 18:53:07.271] [Server thread/WARN] [net.minecraftforge.common.ForgeConfigSpec/CORE]: Configuration file ./world/serverconfig/curios-server.toml is not correct. Correcting
[01May2025 18:53:07.271] [Server thread/WARN] [net.minecraftforge.common.ForgeConfigSpec/CORE]: Incorrect key keepCurios was corrected from null to its default, DEFAULT. 
[01May2025 18:53:07.272] [Server thread/WARN] [net.minecraftforge.common.ForgeConfigSpec/CORE]: Incorrect key menu was corrected from null to its default, SimpleCommentedConfig:{}. 
[01May2025 18:53:07.272] [Server thread/WARN] [net.minecraftforge.common.ForgeConfigSpec/CORE]: Incorrect key menu.enableLegacyMenu was corrected from null to its default, false. 
[01May2025 18:53:07.273] [Server thread/WARN] [net.minecraftforge.common.ForgeConfigSpec/CORE]: Incorrect key menu.experimental was corrected from null to its default, SimpleCommentedConfig:{}. 
[01May2025 18:53:07.273] [Server thread/WARN] [net.minecraftforge.common.ForgeConfigSpec/CORE]: Incorrect key menu.experimental.minimumColumns was corrected from null to its default, 1. 
[01May2025 18:53:07.274] [Server thread/WARN] [net.minecraftforge.common.ForgeConfigSpec/CORE]: Incorrect key menu.experimental.maxSlotsPerPage was corrected from null to its default, 48. 
[01May2025 18:53:07.280] [Server thread/WARN] [net.minecraftforge.common.ForgeConfigSpec/CORE]: Configuration file /workspaces/Gamers/servidor_minecraft/config/tombstone-server.toml is not correct. Correcting
[01May2025 18:53:07.283] [Server thread/WARN] [net.minecraftforge.common.ForgeConfigSpec/CORE]: Incorrect key player_death was corrected from null to its default, SimpleCommentedConfig:{}. 
[01May2025 18:53:07.284] [Server thread/WARN] [net.minecraftforge.common.ForgeConfigSpec/CORE]: Incorrect key player_death.decay_time was corrected from null to its default, -1. 
[01May2025 18:53:07.285] [Server thread/WARN] [net.minecraftforge.common.ForgeConfigSpec/CORE]: Incorrect key player_death.xp_loss_on_death was corrected from null to its default, 95. 
[01May2025 18:53:07.285] [Server thread/WARN] [net.minecraftforge.common.ForgeConfigSpec/CORE]: Incorrect key player_death.ghostly_shape_duration was corrected from null to its default, 120. 
[01May2025 18:53:07.286] [Server thread/WARN] [net.minecraftforge.common.ForgeConfigSpec/CORE]: Incorrect key enchantments was corrected from null to its default, SimpleCommentedConfig:{}. 
[01May2025 18:53:07.286] [Server thread/WARN] [net.minecraftforge.common.ForgeConfigSpec/CORE]: Incorrect key enchantments.enable_enchantment_spectral_bite was corrected from null to its default, true. 
[01May2025 18:53:07.287] [Server thread/WARN] [net.minecraftforge.common.ForgeConfigSpec/CORE]: Incorrect key enchantments.enable_enchantment_soulbound was corrected from null to its default, true. 
[01May2025 18:53:07.287] [Server thread/WARN] [net.minecraftforge.common.ForgeConfigSpec/CORE]: Incorrect key enchantments.enable_enchantment_magic_siphon was corrected from null to its default, true. 
[01May2025 18:53:07.287] [Server thread/WARN] [net.minecraftforge.common.ForgeConfigSpec/CORE]: Incorrect key enchantments.enable_enchantment_plague_bringer was corrected from null to its default, true. 
[01May2025 18:53:07.289] [Server thread/WARN] [net.minecraftforge.common.ForgeConfigSpec/CORE]: Incorrect key enchantments.enable_enchantment_curse_of_bones was corrected from null to its default, true. 
[01May2025 18:53:07.289] [Server thread/WARN] [net.minecraftforge.common.ForgeConfigSpec/CORE]: Incorrect key enchantments.enable_enchantment_blessing was corrected from null to its default, true. 
[01May2025 18:53:07.289] [Server thread/WARN] [net.minecraftforge.common.ForgeConfigSpec/CORE]: Incorrect key enchantments.enable_enchantment_frostbite was corrected from null to its default, true. 
[01May2025 18:53:07.289] [Server thread/WARN] [net.minecraftforge.common.ForgeConfigSpec/CORE]: Incorrect key enchantments.enable_enchantment_spectral_conjurer was corrected from null to its default, true. 
[01May2025 18:53:07.290] [Server thread/WARN] [net.minecraftforge.common.ForgeConfigSpec/CORE]: Incorrect key enchantments.enable_enchantment_incurable_wounds was corrected from null to its default, true. 
[01May2025 18:53:07.290] [Server thread/WARN] [net.minecraftforge.common.ForgeConfigSpec/CORE]: Incorrect key enchantments.enable_enchantment_decrepitude was corrected from null to its default, true. 
[01May2025 18:53:07.290] [Server thread/WARN] [net.minecraftforge.common.ForgeConfigSpec/CORE]: Incorrect key enchantments.enable_enchantment_sanctified was corrected from null to its default, true. 
[01May2025 18:53:07.290] [Server thread/WARN] [net.minecraftforge.common.ForgeConfigSpec/CORE]: Incorrect key enchantments.enable_enchantment_ruthless_strike was corrected from null to its default, true. 
[01May2025 18:53:07.290] [Server thread/WARN] [net.minecraftforge.common.ForgeConfigSpec/CORE]: Incorrect key enchantments.soulbound_enchanting_table was corrected from null to its default, true. 
[01May2025 18:53:07.290] [Server thread/WARN] [net.minecraftforge.common.ForgeConfigSpec/CORE]: Incorrect key enchantments.spectral_bite_enchanting_table was corrected from null to its default, true. 
[01May2025 18:53:07.290] [Server thread/WARN] [net.minecraftforge.common.ForgeConfigSpec/CORE]: Incorrect key enchantments.magic_siphon_enchanting_table was corrected from null to its default, true. 
[01May2025 18:53:07.290] [Server thread/WARN] [net.minecraftforge.common.ForgeConfigSpec/CORE]: Incorrect key enchantments.plague_bringer_enchanting_table was corrected from null to its default, true. 
[01May2025 18:53:07.290] [Server thread/WARN] [net.minecraftforge.common.ForgeConfigSpec/CORE]: Incorrect key enchantments.curse_of_bones_enchanting_table was corrected from null to its default, true. 
[01May2025 18:53:07.290] [Server thread/WARN] [net.minecraftforge.common.ForgeConfigSpec/CORE]: Incorrect key enchantments.blessing_enchanting_table was corrected from null to its default, true. 
[01May2025 18:53:07.291] [Server thread/WARN] [net.minecraftforge.common.ForgeConfigSpec/CORE]: Incorrect key enchantments.frostbite_enchanting_table was corrected from null to its default, true. 
[01May2025 18:53:07.291] [Server thread/WARN] [net.minecraftforge.common.ForgeConfigSpec/CORE]: Incorrect key enchantments.spectral_conjurer_enchanting_table was corrected from null to its default, true. 
[01May2025 18:53:07.291] [Server thread/WARN] [net.minecraftforge.common.ForgeConfigSpec/CORE]: Incorrect key enchantments.incurable_wounds_enchanting_table was corrected from null to its default, true. 
[01May2025 18:53:07.292] [Server thread/WARN] [net.minecraftforge.common.ForgeConfigSpec/CORE]: Incorrect key enchantments.decrepitude_enchanting_table was corrected from null to its default, true. 
[01May2025 18:53:07.292] [Server thread/WARN] [net.minecraftforge.common.ForgeConfigSpec/CORE]: Incorrect key enchantments.sanctified_enchanting_table was corrected from null to its default, true. 
[01May2025 18:53:07.293] [Server thread/WARN] [net.minecraftforge.common.ForgeConfigSpec/CORE]: Incorrect key enchantments.ruthless_strike_enchanting_table was corrected from null to its default, true. 
[01May2025 18:53:07.296] [Server thread/WARN] [net.minecraftforge.common.ForgeConfigSpec/CORE]: Incorrect key potions was corrected from null to its default, SimpleCommentedConfig:{}. 
[01May2025 18:53:07.297] [Server thread/WARN] [net.minecraftforge.common.ForgeConfigSpec/CORE]: Incorrect key potions.allow_earthly_garden was corrected from null to its default, true. 
[01May2025 18:53:07.297] [Server thread/WARN] [net.minecraftforge.common.ForgeConfigSpec/CORE]: Incorrect key potions.allow_bait was corrected from null to its default, true. 
[01May2025 18:53:07.298] [Server thread/WARN] [net.minecraftforge.common.ForgeConfigSpec/CORE]: Incorrect key potions.allow_frostbite was corrected from null to its default, true. 
[01May2025 18:53:07.298] [Server thread/WARN] [net.minecraftforge.common.ForgeConfigSpec/CORE]: Incorrect key potions.allow_darkness was corrected from null to its default, true. 
[01May2025 18:53:07.298] [Server thread/WARN] [net.minecraftforge.common.ForgeConfigSpec/CORE]: Incorrect key potions.allow_discretion was corrected from null to its default, true. 
[01May2025 18:53:07.300] [Server thread/WARN] [net.minecraftforge.common.ForgeConfigSpec/CORE]: Incorrect key potions.allow_restoration was corrected from null to its default, true. 
[01May2025 18:53:07.302] [Server thread/WARN] [net.minecraftforge.common.ForgeConfigSpec/CORE]: Incorrect key allowed_perks was corrected from null to its default, SimpleCommentedConfig:{}. 
[01May2025 18:53:07.303] [Server thread/WARN] [net.minecraftforge.common.ForgeConfigSpec/CORE]: Incorrect key allowed_perks.allow_alchemist was corrected from null to its default, true. 
[01May2025 18:53:07.304] [Server thread/WARN] [net.minecraftforge.common.ForgeConfigSpec/CORE]: Incorrect key allowed_perks.level_max_alchemist was corrected from null to its default, 5. 
[01May2025 18:53:07.306] [Server thread/WARN] [net.minecraftforge.common.ForgeConfigSpec/CORE]: Incorrect key allowed_perks.allow_concentration was corrected from null to its default, true. 
[01May2025 18:53:07.307] [Server thread/WARN] [net.minecraftforge.common.ForgeConfigSpec/CORE]: Incorrect key allowed_perks.level_max_concentration was corrected from null to its default, 3. 
[01May2025 18:53:07.310] [Server thread/WARN] [net.minecraftforge.common.ForgeConfigSpec/CORE]: Incorrect key allowed_perks.allow_jailer was corrected from null to its default, true. 
[01May2025 18:53:07.310] [Server thread/WARN] [net.minecraftforge.common.ForgeConfigSpec/CORE]: Incorrect key allowed_perks.level_max_jailer was corrected from null to its default, 5. 
[01May2025 18:53:07.312] [Server thread/WARN] [net.minecraftforge.common.ForgeConfigSpec/CORE]: Incorrect key allowed_perks.allow_memento_mori was corrected from null to its default, true. 
[01May2025 18:53:07.316] [Server thread/WARN] [net.minecraftforge.common.ForgeConfigSpec/CORE]: Incorrect key allowed_perks.level_max_memento_mori was corrected from null to its default, 5. 
[01May2025 18:53:07.316] [Server thread/WARN] [net.minecraftforge.common.ForgeConfigSpec/CORE]: Incorrect key allowed_perks.allow_necromancer was corrected from null to its default, true. 
[01May2025 18:53:07.316] [Server thread/WARN] [net.minecraftforge.common.ForgeConfigSpec/CORE]: Incorrect key allowed_perks.level_max_necromancer was corrected from null to its default, 5. 
[01May2025 18:53:07.316] [Server thread/WARN] [net.minecraftforge.common.ForgeConfigSpec/CORE]: Incorrect key allowed_perks.allow_rune_inscriber was corrected from null to its default, true. 
[01May2025 18:53:07.317] [Server thread/WARN] [net.minecraftforge.common.ForgeConfigSpec/CORE]: Incorrect key allowed_perks.level_max_rune_inscriber was corrected from null to its default, 5. 
[01May2025 18:53:07.317] [Server thread/WARN] [net.minecraftforge.common.ForgeConfigSpec/CORE]: Incorrect key allowed_perks.allow_scribe was corrected from null to its default, true. 
[01May2025 18:53:07.317] [Server thread/WARN] [net.minecraftforge.common.ForgeConfigSpec/CORE]: Incorrect key allowed_perks.level_max_scribe was corrected from null to its default, 5. 
[01May2025 18:53:07.317] [Server thread/WARN] [net.minecraftforge.common.ForgeConfigSpec/CORE]: Incorrect key allowed_perks.allow_shadow_walker was corrected from null to its default, true. 
[01May2025 18:53:07.317] [Server thread/WARN] [net.minecraftforge.common.ForgeConfigSpec/CORE]: Incorrect key allowed_perks.level_max_shadow_walker was corrected from null to its default, 5. 
[01May2025 18:53:07.317] [Server thread/WARN] [net.minecraftforge.common.ForgeConfigSpec/CORE]: Incorrect key allowed_perks.allow_treasure_seeker was corrected from null to its default, true. 
[01May2025 18:53:07.317] [Server thread/WARN] [net.minecraftforge.common.ForgeConfigSpec/CORE]: Incorrect key allowed_perks.level_max_treasure_seeker was corrected from null to its default, 5. 
[01May2025 18:53:07.318] [Server thread/WARN] [net.minecraftforge.common.ForgeConfigSpec/CORE]: Incorrect key allowed_perks.allow_witch_doctor was corrected from null to its default, true. 
[01May2025 18:53:07.318] [Server thread/WARN] [net.minecraftforge.common.ForgeConfigSpec/CORE]: Incorrect key allowed_perks.level_max_witch_doctor was corrected from null to its default, 5. 
[01May2025 18:53:07.319] [Server thread/WARN] [net.minecraftforge.common.ForgeConfigSpec/CORE]: Incorrect key allowed_perks.allow_gladiator was corrected from null to its default, true. 
[01May2025 18:53:07.320] [Server thread/WARN] [net.minecraftforge.common.ForgeConfigSpec/CORE]: Incorrect key allowed_perks.level_max_gladiator was corrected from null to its default, 5. 
[01May2025 18:53:07.320] [Server thread/WARN] [net.minecraftforge.common.ForgeConfigSpec/CORE]: Incorrect key allowed_perks.allow_priest was corrected from null to its default, true. 
[01May2025 18:53:07.320] [Server thread/WARN] [net.minecraftforge.common.ForgeConfigSpec/CORE]: Incorrect key allowed_perks.level_max_priest was corrected from null to its default, 5. 
[01May2025 18:53:07.320] [Server thread/WARN] [net.minecraftforge.common.ForgeConfigSpec/CORE]: Incorrect key allowed_perks.cooldown_reset_perk was corrected from null to its default, 120. 
[01May2025 18:53:07.323] [Server thread/WARN] [net.minecraftforge.common.ForgeConfigSpec/CORE]: Incorrect key magic_item was corrected from null to its default, SimpleCommentedConfig:{}. 
[01May2025 18:53:07.323] [Server thread/WARN] [net.minecraftforge.common.ForgeConfigSpec/CORE]: Incorrect key magic_item.always_enchant_grave_key was corrected from null to its default, false. 
[01May2025 18:53:07.324] [Server thread/WARN] [net.minecraftforge.common.ForgeConfigSpec/CORE]: Incorrect key magic_item.disable_enchanted_grave_key_recipe was corrected from null to its default, false. 
[01May2025 18:53:07.324] [Server thread/WARN] [net.minecraftforge.common.ForgeConfigSpec/CORE]: Incorrect key magic_item.scroll_duration was corrected from null to its default, 12000. 
[01May2025 18:53:07.324] [Server thread/WARN] [net.minecraftforge.common.ForgeConfigSpec/CORE]: Incorrect key magic_item.scroll_of_knowledge_loss was corrected from null to its default, 0. 
[01May2025 18:53:07.324] [Server thread/WARN] [net.minecraftforge.common.ForgeConfigSpec/CORE]: Incorrect key magic_item.tablet_cooldown was corrected from null to its default, 300. 
[01May2025 18:53:07.328] [Server thread/WARN] [net.minecraftforge.common.ForgeConfigSpec/CORE]: Incorrect key decorative_grave was corrected from null to its default, SimpleCommentedConfig:{}. 
[01May2025 18:53:07.328] [Server thread/WARN] [net.minecraftforge.common.ForgeConfigSpec/CORE]: Incorrect key decorative_grave.prayer_cooldown was corrected from null to its default, 120. 
[01May2025 18:53:07.329] [Server thread/WARN] [net.minecraftforge.common.ForgeConfigSpec/CORE]: Incorrect key allowedMagicItems was corrected from null to its default, SimpleCommentedConfig:{}. 
[01May2025 18:53:07.330] [Server thread/WARN] [net.minecraftforge.common.ForgeConfigSpec/CORE]: Incorrect key allowedMagicItems.allow_voodoo_poppet was corrected from null to its default, true. 
[01May2025 18:53:07.330] [Server thread/WARN] [net.minecraftforge.common.ForgeConfigSpec/CORE]: Incorrect key allowedMagicItems.allow_receptacle_of_familiar was corrected from null to its default, true. 
[01May2025 18:53:07.330] [Server thread/WARN] [net.minecraftforge.common.ForgeConfigSpec/CORE]: Incorrect key allowedMagicItems.allow_book_of_disenchantment was corrected from null to its default, true. 
[01May2025 18:53:07.330] [Server thread/WARN] [net.minecraftforge.common.ForgeConfigSpec/CORE]: Incorrect key allowedMagicItems.allow_scroll_of_preservation was corrected from null to its default, true. 
[01May2025 18:53:07.330] [Server thread/WARN] [net.minecraftforge.common.ForgeConfigSpec/CORE]: Incorrect key allowedMagicItems.allow_grave_key was corrected from null to its default, true. 
[01May2025 18:53:07.330] [Server thread/WARN] [net.minecraftforge.common.ForgeConfigSpec/CORE]: Incorrect key allowedMagicItems.allow_scroll_of_knowledge was corrected from null to its default, true. 
[01May2025 18:53:07.330] [Server thread/WARN] [net.minecraftforge.common.ForgeConfigSpec/CORE]: Incorrect key allowedMagicItems.allow_tablet_of_recall was corrected from null to its default, true. 
[01May2025 18:53:07.330] [Server thread/WARN] [net.minecraftforge.common.ForgeConfigSpec/CORE]: Incorrect key allowedMagicItems.allow_tablet_of_home was corrected from null to its default, true. 
[01May2025 18:53:07.330] [Server thread/WARN] [net.minecraftforge.common.ForgeConfigSpec/CORE]: Incorrect key allowedMagicItems.allow_tablet_of_assistance was corrected from null to its default, true. 
[01May2025 18:53:07.330] [Server thread/WARN] [net.minecraftforge.common.ForgeConfigSpec/CORE]: Incorrect key allowedMagicItems.allow_tablet_of_guard was corrected from null to its default, true. 
[01May2025 18:53:07.334] [Server thread/WARN] [net.minecraftforge.common.ForgeConfigSpec/CORE]: Incorrect key allowedMagicItems.allow_tablet_of_cupidity was corrected from null to its default, true. 
[01May2025 18:53:07.334] [Server thread/WARN] [net.minecraftforge.common.ForgeConfigSpec/CORE]: Incorrect key allowedMagicItems.allow_scroll_of_unstable_intangibility was corrected from null to its default, true. 
[01May2025 18:53:07.334] [Server thread/WARN] [net.minecraftforge.common.ForgeConfigSpec/CORE]: Incorrect key allowedMagicItems.allow_scroll_of_feather_fall was corrected from null to its default, true. 
[01May2025 18:53:07.335] [Server thread/WARN] [net.minecraftforge.common.ForgeConfigSpec/CORE]: Incorrect key allowedMagicItems.allow_scroll_of_purification was corrected from null to its default, true. 
[01May2025 18:53:07.335] [Server thread/WARN] [net.minecraftforge.common.ForgeConfigSpec/CORE]: Incorrect key allowedMagicItems.allow_scroll_of_true_sight was corrected from null to its default, true. 
[01May2025 18:53:07.335] [Server thread/WARN] [net.minecraftforge.common.ForgeConfigSpec/CORE]: Incorrect key allowedMagicItems.allow_lost_tablet was corrected from null to its default, true. 
[01May2025 18:53:07.335] [Server thread/WARN] [net.minecraftforge.common.ForgeConfigSpec/CORE]: Incorrect key allowedMagicItems.allow_scroll_of_reach was corrected from null to its default, true. 
[01May2025 18:53:07.336] [Server thread/WARN] [net.minecraftforge.common.ForgeConfigSpec/CORE]: Incorrect key allowedMagicItems.allow_scroll_of_lightning_resistance was corrected from null to its default, true. 
[01May2025 18:53:07.336] [Server thread/WARN] [net.minecraftforge.common.ForgeConfigSpec/CORE]: Incorrect key allowedMagicItems.allow_scroll_of_frost_resistance was corrected from null to its default, true. 
[01May2025 18:53:07.337] [Server thread/WARN] [net.minecraftforge.common.ForgeConfigSpec/CORE]: Incorrect key allowedMagicItems.allow_scroll_of_aquatic_life was corrected from null to its default, true. 
[01May2025 18:53:07.337] [Server thread/WARN] [net.minecraftforge.common.ForgeConfigSpec/CORE]: Incorrect key allowedMagicItems.allow_scroll_of_mercy was corrected from null to its default, true. 
[01May2025 18:53:07.337] [Server thread/WARN] [net.minecraftforge.common.ForgeConfigSpec/CORE]: Incorrect key allowedMagicItems.allow_dust_of_vanishing was corrected from null to its default, true. 
[01May2025 18:53:07.337] [Server thread/WARN] [net.minecraftforge.common.ForgeConfigSpec/CORE]: Incorrect key allowedMagicItems.allow_dust_of_frost was corrected from null to its default, true. 
[01May2025 18:53:07.338] [Server thread/WARN] [net.minecraftforge.common.ForgeConfigSpec/CORE]: Incorrect key allowedMagicItems.allow_enchanted_bundle was corrected from null to its default, true. 
[01May2025 18:53:07.338] [Server thread/WARN] [net.minecraftforge.common.ForgeConfigSpec/CORE]: Incorrect key allowedMagicItems.allow_book_of_recycling was corrected from null to its default, true. 
[01May2025 18:53:07.338] [Server thread/WARN] [net.minecraftforge.common.ForgeConfigSpec/CORE]: Incorrect key allowedMagicItems.allow_book_of_repairing was corrected from null to its default, true. 
[01May2025 18:53:07.338] [Server thread/WARN] [net.minecraftforge.common.ForgeConfigSpec/CORE]: Incorrect key allowedMagicItems.allow_book_of_magic_impregnation was corrected from null to its default, true. 
[01May2025 18:53:07.338] [Server thread/WARN] [net.minecraftforge.common.ForgeConfigSpec/CORE]: Incorrect key allowedMagicItems.allow_book_of_scribe was corrected from null to its default, true. 
[01May2025 18:53:07.338] [Server thread/WARN] [net.minecraftforge.common.ForgeConfigSpec/CORE]: Incorrect key allowedMagicItems.allow_book_of_soulbound was corrected from null to its default, true. 
[01May2025 18:53:07.338] [Server thread/WARN] [net.minecraftforge.common.ForgeConfigSpec/CORE]: Incorrect key allowedMagicItems.allow_book_of_oblivion was corrected from null to its default, true. 
[01May2025 18:53:07.338] [Server thread/WARN] [net.minecraftforge.common.ForgeConfigSpec/CORE]: Incorrect key allowedMagicItems.allow_smoke_ball was corrected from null to its default, true. 
[01May2025 18:53:07.338] [Server thread/WARN] [net.minecraftforge.common.ForgeConfigSpec/CORE]: Incorrect key allowedMagicItems.allow_seeker_rod was corrected from null to its default, true. 
[01May2025 18:53:07.338] [Server thread/WARN] [net.minecraftforge.common.ForgeConfigSpec/CORE]: Incorrect key allowedMagicItems.allow_christmas_hat was corrected from null to its default, true. 
[01May2025 18:53:07.339] [Server thread/WARN] [net.minecraftforge.common.ForgeConfigSpec/CORE]: Incorrect key allowedMagicItems.allow_bag_of_seeds was corrected from null to its default, true. 
[01May2025 18:53:07.339] [Server thread/WARN] [net.minecraftforge.common.ForgeConfigSpec/CORE]: Incorrect key allowedMagicItems.allow_magic_scroll was corrected from null to its default, true. 
[01May2025 18:53:07.339] [Server thread/WARN] [net.minecraftforge.common.ForgeConfigSpec/CORE]: Incorrect key allowedMagicItems.allow_gemstone_of_familiar was corrected from null to its default, true. 
[01May2025 18:53:07.339] [Server thread/WARN] [net.minecraftforge.common.ForgeConfigSpec/CORE]: Incorrect key allowedMagicItems.allow_gemstone_of_merchant was corrected from null to its default, true. 
[01May2025 18:53:07.339] [Server thread/WARN] [net.minecraftforge.common.ForgeConfigSpec/CORE]: Incorrect key allowedMagicItems.allow_gemstone_of_prayer was corrected from null to its default, true. 
[01May2025 18:53:07.339] [Server thread/WARN] [net.minecraftforge.common.ForgeConfigSpec/CORE]: Incorrect key allowedMagicItems.allow_gemstone_of_guardian was corrected from null to its default, true. 
[01May2025 18:53:07.351] [Server thread/WARN] [net.minecraftforge.common.ForgeConfigSpec/CORE]: Incorrect key compatibility was corrected from null to its default, SimpleCommentedConfig:{}. 
[01May2025 18:53:07.351] [Server thread/WARN] [net.minecraftforge.common.ForgeConfigSpec/CORE]: Incorrect key compatibility.fix_repair_cost_zero was corrected from null to its default, true. 
[01May2025 18:53:07.358] [Server thread/WARN] [net.minecraftforge.common.ForgeConfigSpec/CORE]: Configuration file ./world/serverconfig/journeymap-server.toml is not correct. Correcting
[01May2025 18:53:07.358] [Server thread/WARN] [net.minecraftforge.common.ForgeConfigSpec/CORE]: Incorrect key admins was corrected from null to its default, SimpleCommentedConfig:{}. 
[01May2025 18:53:07.358] [Server thread/WARN] [net.minecraftforge.common.ForgeConfigSpec/CORE]: Incorrect key admins.opAccess was corrected from null to its default, true. 
[01May2025 18:53:07.358] [Server thread/WARN] [net.minecraftforge.common.ForgeConfigSpec/CORE]: Incorrect key admins.serverAdmins was corrected from null to its default, [mysticdrew, 79f597fe-2877-4ecb-acdf-8c58cc1854ca]. 
[01May2025 18:53:07.361] [Server thread/INFO] [journeymap/]: Loading JourneyMap Forge Configs
[01May2025 18:53:07.362] [Thread-3/INFO] [journeymap/]: Loading JourneyMap Forge Configs
[01May2025 18:53:07.364] [Server thread/WARN] [net.minecraftforge.common.ForgeConfigSpec/CORE]: Configuration file ./world/serverconfig/jei-server.toml is not correct. Correcting
[01May2025 18:53:07.365] [Server thread/WARN] [net.minecraftforge.common.ForgeConfigSpec/CORE]: Incorrect key cheat mode was corrected from null to its default, SimpleCommentedConfig:{}. 
[01May2025 18:53:07.365] [Server thread/WARN] [net.minecraftforge.common.ForgeConfigSpec/CORE]: Incorrect key cheat mode.enableCheatModeForOp was corrected from null to its default, true. 
[01May2025 18:53:07.365] [Server thread/WARN] [net.minecraftforge.common.ForgeConfigSpec/CORE]: Incorrect key cheat mode.enableCheatModeForCreative was corrected from null to its default, true. 
[01May2025 18:53:07.365] [Server thread/WARN] [net.minecraftforge.common.ForgeConfigSpec/CORE]: Incorrect key cheat mode.enableCheatModeForGive was corrected from null to its default, false. 
[01May2025 18:53:07.368] [Server thread/WARN] [net.minecraftforge.common.ForgeConfigSpec/CORE]: Configuration file /workspaces/Gamers/servidor_minecraft/config/Mekanism/general.toml is not correct. Correcting
[01May2025 18:53:07.369] [Server thread/WARN] [net.minecraftforge.common.ForgeConfigSpec/CORE]: Incorrect key general was corrected from null to its default, SimpleCommentedConfig:{}. 
[01May2025 18:53:07.369] [Server thread/WARN] [net.minecraftforge.common.ForgeConfigSpec/CORE]: Incorrect key general.logPackets was corrected from null to its default, false. 
[01May2025 18:53:07.369] [Server thread/WARN] [net.minecraftforge.common.ForgeConfigSpec/CORE]: Incorrect key general.allowChunkloading was corrected from null to its default, true. 
[01May2025 18:53:07.370] [Server thread/WARN] [net.minecraftforge.common.ForgeConfigSpec/CORE]: Incorrect key general.easyMinerFilters was corrected from null to its default, false. 
[01May2025 18:53:07.370] [Server thread/WARN] [net.minecraftforge.common.ForgeConfigSpec/CORE]: Incorrect key general.blockDeactivationDelay was corrected from null to its default, 60. 
[01May2025 18:53:07.370] [Server thread/WARN] [net.minecraftforge.common.ForgeConfigSpec/CORE]: Incorrect key general.cardboardModBlacklist was corrected from null to its default, []. 
[01May2025 18:53:07.370] [Server thread/WARN] [net.minecraftforge.common.ForgeConfigSpec/CORE]: Incorrect key general.transmitterAlloyUpgrade was corrected from null to its default, true. 
[01May2025 18:53:07.370] [Server thread/WARN] [net.minecraftforge.common.ForgeConfigSpec/CORE]: Incorrect key general.maxUpgradeMultiplier was corrected from null to its default, 10. 
[01May2025 18:53:07.370] [Server thread/WARN] [net.minecraftforge.common.ForgeConfigSpec/CORE]: Incorrect key general.boilerWaterConductivity was corrected from null to its default, 0.7. 
[01May2025 18:53:07.370] [Server thread/WARN] [net.minecraftforge.common.ForgeConfigSpec/CORE]: Incorrect key general.heatPerFuelTick was corrected from null to its default, 400.0. 
[01May2025 18:53:07.370] [Server thread/WARN] [net.minecraftforge.common.ForgeConfigSpec/CORE]: Incorrect key general.fuelwoodTickMultiplier was corrected from null to its default, 1. 
[01May2025 18:53:07.371] [Server thread/WARN] [net.minecraftforge.common.ForgeConfigSpec/CORE]: Incorrect key general.resistiveHeaterEfficiency was corrected from null to its default, 0.6. 
[01May2025 18:53:07.371] [Server thread/WARN] [net.minecraftforge.common.ForgeConfigSpec/CORE]: Incorrect key general.superheatingHeatTransfer was corrected from null to its default, 1.6E7. 
[01May2025 18:53:07.371] [Server thread/WARN] [net.minecraftforge.common.ForgeConfigSpec/CORE]: Incorrect key general.maxSolarNeutronActivatorRate was corrected from null to its default, 64. 
[01May2025 18:53:07.371] [Server thread/WARN] [net.minecraftforge.common.ForgeConfigSpec/CORE]: Incorrect key general.dynamic_tank was corrected from null to its default, SimpleCommentedConfig:{}. 
[01May2025 18:53:07.371] [Server thread/WARN] [net.minecraftforge.common.ForgeConfigSpec/CORE]: Incorrect key general.dynamic_tank.fluidPerTank was corrected from null to its default, 350000. 
[01May2025 18:53:07.371] [Server thread/WARN] [net.minecraftforge.common.ForgeConfigSpec/CORE]: Incorrect key general.dynamic_tank.chemicalPerTank was corrected from null to its default, 16000000. 
[01May2025 18:53:07.371] [Server thread/WARN] [net.minecraftforge.common.ForgeConfigSpec/CORE]: Incorrect key general.auto_eject was corrected from null to its default, SimpleCommentedConfig:{}. 
[01May2025 18:53:07.371] [Server thread/WARN] [net.minecraftforge.common.ForgeConfigSpec/CORE]: Incorrect key general.auto_eject.fluid was corrected from null to its default, 1024. 
[01May2025 18:53:07.371] [Server thread/WARN] [net.minecraftforge.common.ForgeConfigSpec/CORE]: Incorrect key general.auto_eject.chemical was corrected from null to its default, 1024. 
[01May2025 18:53:07.372] [Server thread/WARN] [net.minecraftforge.common.ForgeConfigSpec/CORE]: Incorrect key general.auto_eject.dumpExcessKeepRatio was corrected from null to its default, 0.9. 
[01May2025 18:53:07.372] [Server thread/WARN] [net.minecraftforge.common.ForgeConfigSpec/CORE]: Incorrect key general.prefilled was corrected from null to its default, SimpleCommentedConfig:{}. 
[01May2025 18:53:07.372] [Server thread/WARN] [net.minecraftforge.common.ForgeConfigSpec/CORE]: Incorrect key general.prefilled.fluidTanks was corrected from null to its default, true. 
[01May2025 18:53:07.372] [Server thread/WARN] [net.minecraftforge.common.ForgeConfigSpec/CORE]: Incorrect key general.prefilled.gasTanks was corrected from null to its default, true. 
[01May2025 18:53:07.372] [Server thread/WARN] [net.minecraftforge.common.ForgeConfigSpec/CORE]: Incorrect key general.prefilled.infusionTanks was corrected from null to its default, true. 
[01May2025 18:53:07.372] [Server thread/WARN] [net.minecraftforge.common.ForgeConfigSpec/CORE]: Incorrect key general.prefilled.pigmentTanks was corrected from null to its default, true. 
[01May2025 18:53:07.372] [Server thread/WARN] [net.minecraftforge.common.ForgeConfigSpec/CORE]: Incorrect key general.prefilled.slurryTanks was corrected from null to its default, true. 
[01May2025 18:53:07.373] [Server thread/WARN] [net.minecraftforge.common.ForgeConfigSpec/CORE]: Incorrect key general.energy_conversion was corrected from null to its default, SimpleCommentedConfig:{}. 
[01May2025 18:53:07.373] [Server thread/WARN] [net.minecraftforge.common.ForgeConfigSpec/CORE]: Incorrect key general.energy_conversion.blacklistIC2 was corrected from null to its default, false. 
[01May2025 18:53:07.373] [Server thread/WARN] [net.minecraftforge.common.ForgeConfigSpec/CORE]: Incorrect key general.energy_conversion.euConversionRate was corrected from null to its default, 10. 
[01May2025 18:53:07.375] [Server thread/WARN] [net.minecraftforge.common.ForgeConfigSpec/CORE]: Incorrect key general.energy_conversion.blacklistForge was corrected from null to its default, false. 
[01May2025 18:53:07.375] [Server thread/WARN] [net.minecraftforge.common.ForgeConfigSpec/CORE]: Incorrect key general.energy_conversion.feConversionRate was corrected from null to its default, 2.5000. 
[01May2025 18:53:07.375] [Server thread/WARN] [net.minecraftforge.common.ForgeConfigSpec/CORE]: Incorrect key general.energy_conversion.blacklistFluxNetworks was corrected from null to its default, false. 
[01May2025 18:53:07.375] [Server thread/WARN] [net.minecraftforge.common.ForgeConfigSpec/CORE]: Incorrect key general.energy_conversion.HydrogenEnergyDensity was corrected from null to its default, 200. 
[01May2025 18:53:07.375] [Server thread/WARN] [net.minecraftforge.common.ForgeConfigSpec/CORE]: Incorrect key general.energy_conversion.maxEnergyPerSteam was corrected from null to its default, 10. 
[01May2025 18:53:07.376] [Server thread/WARN] [net.minecraftforge.common.ForgeConfigSpec/CORE]: Incorrect key general.radiation was corrected from null to its default, SimpleCommentedConfig:{}. 
[01May2025 18:53:07.376] [Server thread/WARN] [net.minecraftforge.common.ForgeConfigSpec/CORE]: Incorrect key general.radiation.radiationEnabled was corrected from null to its default, true. 
[01May2025 18:53:07.376] [Server thread/WARN] [net.minecraftforge.common.ForgeConfigSpec/CORE]: Incorrect key general.radiation.chunkCheckRadius was corrected from null to its default, 5. 
[01May2025 18:53:07.376] [Server thread/WARN] [net.minecraftforge.common.ForgeConfigSpec/CORE]: Incorrect key general.radiation.sourceDecayRate was corrected from null to its default, 0.9995. 
[01May2025 18:53:07.376] [Server thread/WARN] [net.minecraftforge.common.ForgeConfigSpec/CORE]: Incorrect key general.radiation.targetDecayRate was corrected from null to its default, 0.9995. 
[01May2025 18:53:07.376] [Server thread/WARN] [net.minecraftforge.common.ForgeConfigSpec/CORE]: Incorrect key general.radiation.negativeEffectsMinSeverity was corrected from null to its default, 0.1. 
[01May2025 18:53:07.377] [Server thread/WARN] [net.minecraftforge.common.ForgeConfigSpec/CORE]: Incorrect key general.radiation.radioactiveWasteBarrelMaxGas was corrected from null to its default, 512000. 
[01May2025 18:53:07.377] [Server thread/WARN] [net.minecraftforge.common.ForgeConfigSpec/CORE]: Incorrect key general.radiation.radioactiveWasteBarrelProcessTicks was corrected from null to its default, 20. 
[01May2025 18:53:07.377] [Server thread/WARN] [net.minecraftforge.common.ForgeConfigSpec/CORE]: Incorrect key general.radiation.radioactiveWasteBarrelDecayAmount was corrected from null to its default, 1. 
[01May2025 18:53:07.377] [Server thread/WARN] [net.minecraftforge.common.ForgeConfigSpec/CORE]: Incorrect key general.digital_miner was corrected from null to its default, SimpleCommentedConfig:{}. 
[01May2025 18:53:07.377] [Server thread/WARN] [net.minecraftforge.common.ForgeConfigSpec/CORE]: Incorrect key general.digital_miner.silkMultiplier was corrected from null to its default, 12. 
[01May2025 18:53:07.377] [Server thread/WARN] [net.minecraftforge.common.ForgeConfigSpec/CORE]: Incorrect key general.digital_miner.maxRadius was corrected from null to its default, 32. 
[01May2025 18:53:07.378] [Server thread/WARN] [net.minecraftforge.common.ForgeConfigSpec/CORE]: Incorrect key general.digital_miner.ticksPerMine was corrected from null to its default, 80. 
[01May2025 18:53:07.378] [Server thread/WARN] [net.minecraftforge.common.ForgeConfigSpec/CORE]: Incorrect key general.laser was corrected from null to its default, SimpleCommentedConfig:{}. 
[01May2025 18:53:07.378] [Server thread/WARN] [net.minecraftforge.common.ForgeConfigSpec/CORE]: Incorrect key general.laser.aestheticWorldDamage was corrected from null to its default, true. 
[01May2025 18:53:07.378] [Server thread/WARN] [net.minecraftforge.common.ForgeConfigSpec/CORE]: Incorrect key general.laser.range was corrected from null to its default, 64. 
[01May2025 18:53:07.378] [Server thread/WARN] [net.minecraftforge.common.ForgeConfigSpec/CORE]: Incorrect key general.laser.energyNeededPerHardness was corrected from null to its default, 100000. 
[01May2025 18:53:07.378] [Server thread/WARN] [net.minecraftforge.common.ForgeConfigSpec/CORE]: Incorrect key general.laser.energyPerDamage was corrected from null to its default, 2500. 
[01May2025 18:53:07.379] [Server thread/WARN] [net.minecraftforge.common.ForgeConfigSpec/CORE]: Incorrect key general.oredictionificator was corrected from null to its default, SimpleCommentedConfig:{}. 
[01May2025 18:53:07.380] [Server thread/WARN] [net.minecraftforge.common.ForgeConfigSpec/CORE]: Incorrect key general.oredictionificator.validItemFilters was corrected from null to its default, [forge:dusts/, forge:ingots/, forge:nuggets/, forge:ores/, forge:raw_materials/, forge:storage_blocks/]. 
[01May2025 18:53:07.381] [Server thread/WARN] [net.minecraftforge.common.ForgeConfigSpec/CORE]: Incorrect key general.pump was corrected from null to its default, SimpleCommentedConfig:{}. 
[01May2025 18:53:07.381] [Server thread/WARN] [net.minecraftforge.common.ForgeConfigSpec/CORE]: Incorrect key general.pump.maxPumpRange was corrected from null to its default, 80. 
[01May2025 18:53:07.381] [Server thread/WARN] [net.minecraftforge.common.ForgeConfigSpec/CORE]: Incorrect key general.pump.pumpWaterSources was corrected from null to its default, false. 
[01May2025 18:53:07.381] [Server thread/WARN] [net.minecraftforge.common.ForgeConfigSpec/CORE]: Incorrect key general.pump.pumpHeavyWaterAmount was corrected from null to its default, 10. 
[01May2025 18:53:07.381] [Server thread/WARN] [net.minecraftforge.common.ForgeConfigSpec/CORE]: Incorrect key general.pump.maxPlenisherNodes was corrected from null to its default, 4000. 
[01May2025 18:53:07.382] [Server thread/WARN] [net.minecraftforge.common.ForgeConfigSpec/CORE]: Incorrect key general.quantum_entangloporter was corrected from null to its default, SimpleCommentedConfig:{}. 
[01May2025 18:53:07.382] [Server thread/WARN] [net.minecraftforge.common.ForgeConfigSpec/CORE]: Incorrect key general.quantum_entangloporter.energyBuffer was corrected from null to its default, 256000000. 
[01May2025 18:53:07.382] [Server thread/WARN] [net.minecraftforge.common.ForgeConfigSpec/CORE]: Incorrect key general.quantum_entangloporter.fluidBuffer was corrected from null to its default, 256000. 
[01May2025 18:53:07.382] [Server thread/WARN] [net.minecraftforge.common.ForgeConfigSpec/CORE]: Incorrect key general.quantum_entangloporter.chemicalBuffer was corrected from null to its default, 8192000. 
[01May2025 18:53:07.382] [Server thread/WARN] [net.minecraftforge.common.ForgeConfigSpec/CORE]: Incorrect key general.security was corrected from null to its default, SimpleCommentedConfig:{}. 
[01May2025 18:53:07.382] [Server thread/WARN] [net.minecraftforge.common.ForgeConfigSpec/CORE]: Incorrect key general.security.allowProtection was corrected from null to its default, true. 
[01May2025 18:53:07.383] [Server thread/WARN] [net.minecraftforge.common.ForgeConfigSpec/CORE]: Incorrect key general.security.opsBypassRestrictions was corrected from null to its default, false. 
[01May2025 18:53:07.383] [Server thread/WARN] [net.minecraftforge.common.ForgeConfigSpec/CORE]: Incorrect key general.nutritional_paste was corrected from null to its default, SimpleCommentedConfig:{}. 
[01May2025 18:53:07.383] [Server thread/WARN] [net.minecraftforge.common.ForgeConfigSpec/CORE]: Incorrect key general.nutritional_paste.saturation was corrected from null to its default, 0.8. 
[01May2025 18:53:07.383] [Server thread/WARN] [net.minecraftforge.common.ForgeConfigSpec/CORE]: Incorrect key general.nutritional_paste.mbPerFood was corrected from null to its default, 50. 
[01May2025 18:53:07.384] [Server thread/WARN] [net.minecraftforge.common.ForgeConfigSpec/CORE]: Incorrect key general.boiler was corrected from null to its default, SimpleCommentedConfig:{}. 
[01May2025 18:53:07.384] [Server thread/WARN] [net.minecraftforge.common.ForgeConfigSpec/CORE]: Incorrect key general.boiler.waterPerTank was corrected from null to its default, 16000. 
[01May2025 18:53:07.384] [Server thread/WARN] [net.minecraftforge.common.ForgeConfigSpec/CORE]: Incorrect key general.boiler.steamPerTank was corrected from null to its default, 160000. 
[01May2025 18:53:07.384] [Server thread/WARN] [net.minecraftforge.common.ForgeConfigSpec/CORE]: Incorrect key general.boiler.heatedCoolantPerTank was corrected from null to its default, 256000. 
[01May2025 18:53:07.385] [Server thread/WARN] [net.minecraftforge.common.ForgeConfigSpec/CORE]: Incorrect key general.boiler.cooledCoolantPerTank was corrected from null to its default, 256000. 
[01May2025 18:53:07.385] [Server thread/WARN] [net.minecraftforge.common.ForgeConfigSpec/CORE]: Incorrect key general.thermal_evaporation was corrected from null to its default, SimpleCommentedConfig:{}. 
[01May2025 18:53:07.386] [Server thread/WARN] [net.minecraftforge.common.ForgeConfigSpec/CORE]: Incorrect key general.thermal_evaporation.heatDissipation was corrected from null to its default, 0.02. 
[01May2025 18:53:07.386] [Server thread/WARN] [net.minecraftforge.common.ForgeConfigSpec/CORE]: Incorrect key general.thermal_evaporation.tempMultiplier was corrected from null to its default, 0.4. 
[01May2025 18:53:07.387] [Server thread/WARN] [net.minecraftforge.common.ForgeConfigSpec/CORE]: Incorrect key general.thermal_evaporation.solarMultiplier was corrected from null to its default, 0.2. 
[01May2025 18:53:07.387] [Server thread/WARN] [net.minecraftforge.common.ForgeConfigSpec/CORE]: Incorrect key general.thermal_evaporation.heatCapacity was corrected from null to its default, 100.0. 
[01May2025 18:53:07.387] [Server thread/WARN] [net.minecraftforge.common.ForgeConfigSpec/CORE]: Incorrect key general.thermal_evaporation.fluidPerTank was corrected from null to its default, 64000. 
[01May2025 18:53:07.388] [Server thread/WARN] [net.minecraftforge.common.ForgeConfigSpec/CORE]: Incorrect key general.thermal_evaporation.outputTankCapacity was corrected from null to its default, 10000. 
[01May2025 18:53:07.388] [Server thread/WARN] [net.minecraftforge.common.ForgeConfigSpec/CORE]: Incorrect key general.sps was corrected from null to its default, SimpleCommentedConfig:{}. 
[01May2025 18:53:07.389] [Server thread/WARN] [net.minecraftforge.common.ForgeConfigSpec/CORE]: Incorrect key general.sps.inputPerAntimatter was corrected from null to its default, 1000. 
[01May2025 18:53:07.389] [Server thread/WARN] [net.minecraftforge.common.ForgeConfigSpec/CORE]: Incorrect key general.sps.outputTankCapacity was corrected from null to its default, 1000. 
[01May2025 18:53:07.389] [Server thread/WARN] [net.minecraftforge.common.ForgeConfigSpec/CORE]: Incorrect key general.sps.energyPerInput was corrected from null to its default, 1000000. 
[01May2025 18:53:07.392] [Server thread/WARN] [net.minecraftforge.common.ForgeConfigSpec/CORE]: Configuration file /workspaces/Gamers/servidor_minecraft/config/Mekanism/gear.toml is not correct. Correcting
[01May2025 18:53:07.393] [Server thread/WARN] [net.minecraftforge.common.ForgeConfigSpec/CORE]: Incorrect key gear was corrected from null to its default, SimpleCommentedConfig:{}. 
[01May2025 18:53:07.393] [Server thread/WARN] [net.minecraftforge.common.ForgeConfigSpec/CORE]: Incorrect key gear.atomic_disassembler was corrected from null to its default, SimpleCommentedConfig:{}. 
[01May2025 18:53:07.393] [Server thread/WARN] [net.minecraftforge.common.ForgeConfigSpec/CORE]: Incorrect key gear.atomic_disassembler.energyUsage was corrected from null to its default, 10. 
[01May2025 18:53:07.393] [Server thread/WARN] [net.minecraftforge.common.ForgeConfigSpec/CORE]: Incorrect key gear.atomic_disassembler.energyUsageWeapon was corrected from null to its default, 2000. 
[01May2025 18:53:07.394] [Server thread/WARN] [net.minecraftforge.common.ForgeConfigSpec/CORE]: Incorrect key gear.atomic_disassembler.miningCount was corrected from null to its default, 128. 
[01May2025 18:53:07.394] [Server thread/WARN] [net.minecraftforge.common.ForgeConfigSpec/CORE]: Incorrect key gear.atomic_disassembler.slowMode was corrected from null to its default, true. 
[01May2025 18:53:07.394] [Server thread/WARN] [net.minecraftforge.common.ForgeConfigSpec/CORE]: Incorrect key gear.atomic_disassembler.fastMode was corrected from null to its default, true. 
[01May2025 18:53:07.395] [Server thread/WARN] [net.minecraftforge.common.ForgeConfigSpec/CORE]: Incorrect key gear.atomic_disassembler.veinMining was corrected from null to its default, false. 
[01May2025 18:53:07.395] [Server thread/WARN] [net.minecraftforge.common.ForgeConfigSpec/CORE]: Incorrect key gear.atomic_disassembler.minDamage was corrected from null to its default, 4. 
[01May2025 18:53:07.395] [Server thread/WARN] [net.minecraftforge.common.ForgeConfigSpec/CORE]: Incorrect key gear.atomic_disassembler.maxDamage was corrected from null to its default, 20. 
[01May2025 18:53:07.395] [Server thread/WARN] [net.minecraftforge.common.ForgeConfigSpec/CORE]: Incorrect key gear.atomic_disassembler.attackSpeed was corrected from null to its default, -2.4. 
[01May2025 18:53:07.396] [Server thread/WARN] [net.minecraftforge.common.ForgeConfigSpec/CORE]: Incorrect key gear.atomic_disassembler.maxEnergy was corrected from null to its default, 1000000. 
[01May2025 18:53:07.396] [Server thread/WARN] [net.minecraftforge.common.ForgeConfigSpec/CORE]: Incorrect key gear.atomic_disassembler.chargeRate was corrected from null to its default, 5000. 
[01May2025 18:53:07.396] [Server thread/WARN] [net.minecraftforge.common.ForgeConfigSpec/CORE]: Incorrect key gear.configurator was corrected from null to its default, SimpleCommentedConfig:{}. 
[01May2025 18:53:07.396] [Server thread/WARN] [net.minecraftforge.common.ForgeConfigSpec/CORE]: Incorrect key gear.configurator.maxEnergy was corrected from null to its default, 60000. 
[01May2025 18:53:07.396] [Server thread/WARN] [net.minecraftforge.common.ForgeConfigSpec/CORE]: Incorrect key gear.configurator.chargeRate was corrected from null to its default, 300. 
[01May2025 18:53:07.396] [Server thread/WARN] [net.minecraftforge.common.ForgeConfigSpec/CORE]: Incorrect key gear.configurator.energyPerConfigure was corrected from null to its default, 400. 
[01May2025 18:53:07.396] [Server thread/WARN] [net.minecraftforge.common.ForgeConfigSpec/CORE]: Incorrect key gear.configurator.energyPerItem was corrected from null to its default, 8. 
[01May2025 18:53:07.397] [Server thread/WARN] [net.minecraftforge.common.ForgeConfigSpec/CORE]: Incorrect key gear.electric_bow was corrected from null to its default, SimpleCommentedConfig:{}. 
[01May2025 18:53:07.397] [Server thread/WARN] [net.minecraftforge.common.ForgeConfigSpec/CORE]: Incorrect key gear.electric_bow.maxEnergy was corrected from null to its default, 120000. 
[01May2025 18:53:07.397] [Server thread/WARN] [net.minecraftforge.common.ForgeConfigSpec/CORE]: Incorrect key gear.electric_bow.chargeRate was corrected from null to its default, 600. 
[01May2025 18:53:07.398] [Server thread/WARN] [net.minecraftforge.common.ForgeConfigSpec/CORE]: Incorrect key gear.electric_bow.energyUsage was corrected from null to its default, 120. 
[01May2025 18:53:07.398] [Server thread/WARN] [net.minecraftforge.common.ForgeConfigSpec/CORE]: Incorrect key gear.electric_bow.energyUsageFire was corrected from null to its default, 1200. 
[01May2025 18:53:07.399] [Server thread/WARN] [net.minecraftforge.common.ForgeConfigSpec/CORE]: Incorrect key gear.energy_tablet was corrected from null to its default, SimpleCommentedConfig:{}. 
[01May2025 18:53:07.399] [Server thread/WARN] [net.minecraftforge.common.ForgeConfigSpec/CORE]: Incorrect key gear.energy_tablet.maxEnergy was corrected from null to its default, 1000000. 
[01May2025 18:53:07.400] [Server thread/WARN] [net.minecraftforge.common.ForgeConfigSpec/CORE]: Incorrect key gear.energy_tablet.chargeRate was corrected from null to its default, 5000. 
[01May2025 18:53:07.400] [Server thread/WARN] [net.minecraftforge.common.ForgeConfigSpec/CORE]: Incorrect key gear.flamethrower was corrected from null to its default, SimpleCommentedConfig:{}. 
[01May2025 18:53:07.400] [Server thread/WARN] [net.minecraftforge.common.ForgeConfigSpec/CORE]: Incorrect key gear.flamethrower.maxGas was corrected from null to its default, 24000. 
[01May2025 18:53:07.401] [Server thread/WARN] [net.minecraftforge.common.ForgeConfigSpec/CORE]: Incorrect key gear.flamethrower.fillRate was corrected from null to its default, 16. 
[01May2025 18:53:07.401] [Server thread/WARN] [net.minecraftforge.common.ForgeConfigSpec/CORE]: Incorrect key gear.flamethrower.destroyItems was corrected from null to its default, true. 
[01May2025 18:53:07.401] [Server thread/WARN] [net.minecraftforge.common.ForgeConfigSpec/CORE]: Incorrect key gear.free_runner was corrected from null to its default, SimpleCommentedConfig:{}. 
[01May2025 18:53:07.402] [Server thread/WARN] [net.minecraftforge.common.ForgeConfigSpec/CORE]: Incorrect key gear.free_runner.fallEnergyCost was corrected from null to its default, 50. 
[01May2025 18:53:07.402] [Server thread/WARN] [net.minecraftforge.common.ForgeConfigSpec/CORE]: Incorrect key gear.free_runner.fallDamageReductionRatio was corrected from null to its default, 1.0. 
[01May2025 18:53:07.402] [Server thread/WARN] [net.minecraftforge.common.ForgeConfigSpec/CORE]: Incorrect key gear.free_runner.maxEnergy was corrected from null to its default, 64000. 
[01May2025 18:53:07.403] [Server thread/WARN] [net.minecraftforge.common.ForgeConfigSpec/CORE]: Incorrect key gear.free_runner.chargeRate was corrected from null to its default, 320. 
[01May2025 18:53:07.403] [Server thread/WARN] [net.minecraftforge.common.ForgeConfigSpec/CORE]: Incorrect key gear.free_runner.armored was corrected from null to its default, SimpleCommentedConfig:{}. 
[01May2025 18:53:07.403] [Server thread/WARN] [net.minecraftforge.common.ForgeConfigSpec/CORE]: Incorrect key gear.free_runner.armored.armor was corrected from null to its default, 3. 
[01May2025 18:53:07.404] [Server thread/WARN] [net.minecraftforge.common.ForgeConfigSpec/CORE]: Incorrect key gear.free_runner.armored.toughness was corrected from null to its default, 2.0. 
[01May2025 18:53:07.404] [Server thread/WARN] [net.minecraftforge.common.ForgeConfigSpec/CORE]: Incorrect key gear.free_runner.armored.knockbackResistance was corrected from null to its default, 0.0. 
[01May2025 18:53:07.405] [Server thread/WARN] [net.minecraftforge.common.ForgeConfigSpec/CORE]: Incorrect key gear.jetpack was corrected from null to its default, SimpleCommentedConfig:{}. 
[01May2025 18:53:07.405] [Server thread/WARN] [net.minecraftforge.common.ForgeConfigSpec/CORE]: Incorrect key gear.jetpack.maxGas was corrected from null to its default, 24000. 
[01May2025 18:53:07.406] [Server thread/WARN] [net.minecraftforge.common.ForgeConfigSpec/CORE]: Incorrect key gear.jetpack.fillRate was corrected from null to its default, 16. 
[01May2025 18:53:07.406] [Server thread/WARN] [net.minecraftforge.common.ForgeConfigSpec/CORE]: Incorrect key gear.jetpack.armored was corrected from null to its default, SimpleCommentedConfig:{}. 
[01May2025 18:53:07.406] [Server thread/WARN] [net.minecraftforge.common.ForgeConfigSpec/CORE]: Incorrect key gear.jetpack.armored.armor was corrected from null to its default, 8. 
[01May2025 18:53:07.407] [Server thread/WARN] [net.minecraftforge.common.ForgeConfigSpec/CORE]: Incorrect key gear.jetpack.armored.toughness was corrected from null to its default, 2.0. 
[01May2025 18:53:07.408] [Server thread/WARN] [net.minecraftforge.common.ForgeConfigSpec/CORE]: Incorrect key gear.jetpack.armored.knockbackResistance was corrected from null to its default, 0.0. 
[01May2025 18:53:07.408] [Server thread/WARN] [net.minecraftforge.common.ForgeConfigSpec/CORE]: Incorrect key gear.network_reader was corrected from null to its default, SimpleCommentedConfig:{}. 
[01May2025 18:53:07.409] [Server thread/WARN] [net.minecraftforge.common.ForgeConfigSpec/CORE]: Incorrect key gear.network_reader.maxEnergy was corrected from null to its default, 60000. 
[01May2025 18:53:07.409] [Server thread/WARN] [net.minecraftforge.common.ForgeConfigSpec/CORE]: Incorrect key gear.network_reader.chargeRate was corrected from null to its default, 300. 
[01May2025 18:53:07.409] [Server thread/WARN] [net.minecraftforge.common.ForgeConfigSpec/CORE]: Incorrect key gear.network_reader.energyUsage was corrected from null to its default, 400. 
[01May2025 18:53:07.410] [Server thread/WARN] [net.minecraftforge.common.ForgeConfigSpec/CORE]: Incorrect key gear.portable_teleporter was corrected from null to its default, SimpleCommentedConfig:{}. 
[01May2025 18:53:07.410] [Server thread/WARN] [net.minecraftforge.common.ForgeConfigSpec/CORE]: Incorrect key gear.portable_teleporter.maxEnergy was corrected from null to its default, 1000000. 
[01May2025 18:53:07.410] [Server thread/WARN] [net.minecraftforge.common.ForgeConfigSpec/CORE]: Incorrect key gear.portable_teleporter.chargeRate was corrected from null to its default, 5000. 
[01May2025 18:53:07.411] [Server thread/WARN] [net.minecraftforge.common.ForgeConfigSpec/CORE]: Incorrect key gear.portable_teleporter.delay was corrected from null to its default, 0. 
[01May2025 18:53:07.411] [Server thread/WARN] [net.minecraftforge.common.ForgeConfigSpec/CORE]: Incorrect key gear.scuba_tank was corrected from null to its default, SimpleCommentedConfig:{}. 
[01May2025 18:53:07.411] [Server thread/WARN] [net.minecraftforge.common.ForgeConfigSpec/CORE]: Incorrect key gear.scuba_tank.maxGas was corrected from null to its default, 24000. 
[01May2025 18:53:07.412] [Server thread/WARN] [net.minecraftforge.common.ForgeConfigSpec/CORE]: Incorrect key gear.scuba_tank.fillRate was corrected from null to its default, 16. 
[01May2025 18:53:07.412] [Server thread/WARN] [net.minecraftforge.common.ForgeConfigSpec/CORE]: Incorrect key gear.seismic_reader was corrected from null to its default, SimpleCommentedConfig:{}. 
[01May2025 18:53:07.412] [Server thread/WARN] [net.minecraftforge.common.ForgeConfigSpec/CORE]: Incorrect key gear.seismic_reader.maxEnergy was corrected from null to its default, 12000. 
[01May2025 18:53:07.412] [Server thread/WARN] [net.minecraftforge.common.ForgeConfigSpec/CORE]: Incorrect key gear.seismic_reader.chargeRate was corrected from null to its default, 60. 
[01May2025 18:53:07.413] [Server thread/WARN] [net.minecraftforge.common.ForgeConfigSpec/CORE]: Incorrect key gear.seismic_reader.energyUsage was corrected from null to its default, 250. 
[01May2025 18:53:07.413] [Server thread/WARN] [net.minecraftforge.common.ForgeConfigSpec/CORE]: Incorrect key gear.canteen was corrected from null to its default, SimpleCommentedConfig:{}. 
[01May2025 18:53:07.414] [Server thread/WARN] [net.minecraftforge.common.ForgeConfigSpec/CORE]: Incorrect key gear.canteen.maxStorage was corrected from null to its default, 64000. 
[01May2025 18:53:07.414] [Server thread/WARN] [net.minecraftforge.common.ForgeConfigSpec/CORE]: Incorrect key gear.canteen.transferRate was corrected from null to its default, 128. 
[01May2025 18:53:07.415] [Server thread/WARN] [net.minecraftforge.common.ForgeConfigSpec/CORE]: Incorrect key gear.mekatool was corrected from null to its default, SimpleCommentedConfig:{}. 
[01May2025 18:53:07.415] [Server thread/WARN] [net.minecraftforge.common.ForgeConfigSpec/CORE]: Incorrect key gear.mekatool.energyUsage was corrected from null to its default, 10. 
[01May2025 18:53:07.415] [Server thread/WARN] [net.minecraftforge.common.ForgeConfigSpec/CORE]: Incorrect key gear.mekatool.energyUsageSilk was corrected from null to its default, 100. 
[01May2025 18:53:07.416] [Server thread/WARN] [net.minecraftforge.common.ForgeConfigSpec/CORE]: Incorrect key gear.mekatool.energyUsageWeapon was corrected from null to its default, 2000. 
[01May2025 18:53:07.416] [Server thread/WARN] [net.minecraftforge.common.ForgeConfigSpec/CORE]: Incorrect key gear.mekatool.energyUsageTeleport was corrected from null to its default, 1000. 
[01May2025 18:53:07.416] [Server thread/WARN] [net.minecraftforge.common.ForgeConfigSpec/CORE]: Incorrect key gear.mekatool.maxTeleportReach was corrected from null to its default, 100. 
[01May2025 18:53:07.416] [Server thread/WARN] [net.minecraftforge.common.ForgeConfigSpec/CORE]: Incorrect key gear.mekatool.baseDamage was corrected from null to its default, 4. 
[01May2025 18:53:07.417] [Server thread/WARN] [net.minecraftforge.common.ForgeConfigSpec/CORE]: Incorrect key gear.mekatool.attackSpeed was corrected from null to its default, -2.4. 
[01May2025 18:53:07.417] [Server thread/WARN] [net.minecraftforge.common.ForgeConfigSpec/CORE]: Incorrect key gear.mekatool.baseEfficiency was corrected from null to its default, 4.0. 
[01May2025 18:53:07.418] [Server thread/WARN] [net.minecraftforge.common.ForgeConfigSpec/CORE]: Incorrect key gear.mekatool.baseEnergyCapacity was corrected from null to its default, 16000000. 
[01May2025 18:53:07.418] [Server thread/WARN] [net.minecraftforge.common.ForgeConfigSpec/CORE]: Incorrect key gear.mekatool.chargeRate was corrected from null to its default, 100000. 
[01May2025 18:53:07.418] [Server thread/WARN] [net.minecraftforge.common.ForgeConfigSpec/CORE]: Incorrect key gear.mekatool.energyUsageHoe was corrected from null to its default, 10. 
[01May2025 18:53:07.419] [Server thread/WARN] [net.minecraftforge.common.ForgeConfigSpec/CORE]: Incorrect key gear.mekatool.energyUsageShovel was corrected from null to its default, 10. 
[01May2025 18:53:07.419] [Server thread/WARN] [net.minecraftforge.common.ForgeConfigSpec/CORE]: Incorrect key gear.mekatool.energyUsageAxe was corrected from null to its default, 10. 
[01May2025 18:53:07.419] [Server thread/WARN] [net.minecraftforge.common.ForgeConfigSpec/CORE]: Incorrect key gear.mekatool.energyUsageShearEntity was corrected from null to its default, 10. 
[01May2025 18:53:07.419] [Server thread/WARN] [net.minecraftforge.common.ForgeConfigSpec/CORE]: Incorrect key gear.mekatool.extendedMining was corrected from null to its default, true. 
[01May2025 18:53:07.419] [Server thread/WARN] [net.minecraftforge.common.ForgeConfigSpec/CORE]: Incorrect key gear.mekasuit was corrected from null to its default, SimpleCommentedConfig:{}. 
[01May2025 18:53:07.419] [Server thread/WARN] [net.minecraftforge.common.ForgeConfigSpec/CORE]: Incorrect key gear.mekasuit.baseEnergyCapacity was corrected from null to its default, 16000000. 
[01May2025 18:53:07.419] [Server thread/WARN] [net.minecraftforge.common.ForgeConfigSpec/CORE]: Incorrect key gear.mekasuit.chargeRate was corrected from null to its default, 100000. 
[01May2025 18:53:07.420] [Server thread/WARN] [net.minecraftforge.common.ForgeConfigSpec/CORE]: Incorrect key gear.mekasuit.baseJumpEnergyUsage was corrected from null to its default, 1000. 
[01May2025 18:53:07.420] [Server thread/WARN] [net.minecraftforge.common.ForgeConfigSpec/CORE]: Incorrect key gear.mekasuit.elytraEnergyUsage was corrected from null to its default, 32000. 
[01May2025 18:53:07.421] [Server thread/WARN] [net.minecraftforge.common.ForgeConfigSpec/CORE]: Incorrect key gear.mekasuit.energyUsagePotionTick was corrected from null to its default, 40000. 
[01May2025 18:53:07.423] [Server thread/WARN] [net.minecraftforge.common.ForgeConfigSpec/CORE]: Incorrect key gear.mekasuit.energyUsageMagicReduce was corrected from null to its default, 1000. 
[01May2025 18:53:07.424] [Server thread/WARN] [net.minecraftforge.common.ForgeConfigSpec/CORE]: Incorrect key gear.mekasuit.energyUsageFall was corrected from null to its default, 50. 
[01May2025 18:53:07.424] [Server thread/WARN] [net.minecraftforge.common.ForgeConfigSpec/CORE]: Incorrect key gear.mekasuit.energyUsageSprintBoost was corrected from null to its default, 100. 
[01May2025 18:53:07.424] [Server thread/WARN] [net.minecraftforge.common.ForgeConfigSpec/CORE]: Incorrect key gear.mekasuit.energyUsageGravitationalModulation was corrected from null to its default, 1000. 
[01May2025 18:53:07.425] [Server thread/WARN] [net.minecraftforge.common.ForgeConfigSpec/CORE]: Incorrect key gear.mekasuit.inventoryChargeRate was corrected from null to its default, 10000. 
[01May2025 18:53:07.426] [Server thread/WARN] [net.minecraftforge.common.ForgeConfigSpec/CORE]: Incorrect key gear.mekasuit.solarRechargingRate was corrected from null to its default, 500. 
[01May2025 18:53:07.426] [Server thread/WARN] [net.minecraftforge.common.ForgeConfigSpec/CORE]: Incorrect key gear.mekasuit.energyUsageVisionEnhancement was corrected from null to its default, 500. 
[01May2025 18:53:07.427] [Server thread/WARN] [net.minecraftforge.common.ForgeConfigSpec/CORE]: Incorrect key gear.mekasuit.energyUsageHydrostaticRepulsion was corrected from null to its default, 500. 
[01May2025 18:53:07.427] [Server thread/WARN] [net.minecraftforge.common.ForgeConfigSpec/CORE]: Incorrect key gear.mekasuit.energyUsageNutritionalInjection was corrected from null to its default, 20000. 
[01May2025 18:53:07.428] [Server thread/WARN] [net.minecraftforge.common.ForgeConfigSpec/CORE]: Incorrect key gear.mekasuit.energyUsageDamage was corrected from null to its default, 100000. 
[01May2025 18:53:07.428] [Server thread/WARN] [net.minecraftforge.common.ForgeConfigSpec/CORE]: Incorrect key gear.mekasuit.energyUsageItemAttraction was corrected from null to its default, 250. 
[01May2025 18:53:07.429] [Server thread/WARN] [net.minecraftforge.common.ForgeConfigSpec/CORE]: Incorrect key gear.mekasuit.gravitationalVibrations was corrected from null to its default, true. 
[01May2025 18:53:07.429] [Server thread/WARN] [net.minecraftforge.common.ForgeConfigSpec/CORE]: Incorrect key gear.mekasuit.nutritionalMaxStorage was corrected from null to its default, 128000. 
[01May2025 18:53:07.429] [Server thread/WARN] [net.minecraftforge.common.ForgeConfigSpec/CORE]: Incorrect key gear.mekasuit.nutritionalTransferRate was corrected from null to its default, 256. 
[01May2025 18:53:07.430] [Server thread/WARN] [net.minecraftforge.common.ForgeConfigSpec/CORE]: Incorrect key gear.mekasuit.jetpackMaxStorage was corrected from null to its default, 48000. 
[01May2025 18:53:07.430] [Server thread/WARN] [net.minecraftforge.common.ForgeConfigSpec/CORE]: Incorrect key gear.mekasuit.jetpackTransferRate was corrected from null to its default, 256. 
[01May2025 18:53:07.431] [Server thread/WARN] [net.minecraftforge.common.ForgeConfigSpec/CORE]: Incorrect key gear.mekasuit.helmetArmor was corrected from null to its default, 3. 
[01May2025 18:53:07.431] [Server thread/WARN] [net.minecraftforge.common.ForgeConfigSpec/CORE]: Incorrect key gear.mekasuit.bodyArmorArmor was corrected from null to its default, 8. 
[01May2025 18:53:07.431] [Server thread/WARN] [net.minecraftforge.common.ForgeConfigSpec/CORE]: Incorrect key gear.mekasuit.pantsArmor was corrected from null to its default, 6. 
[01May2025 18:53:07.432] [Server thread/WARN] [net.minecraftforge.common.ForgeConfigSpec/CORE]: Incorrect key gear.mekasuit.bootsArmor was corrected from null to its default, 3. 
[01May2025 18:53:07.432] [Server thread/WARN] [net.minecraftforge.common.ForgeConfigSpec/CORE]: Incorrect key gear.mekasuit.toughness was corrected from null to its default, 3.0. 
[01May2025 18:53:07.433] [Server thread/WARN] [net.minecraftforge.common.ForgeConfigSpec/CORE]: Incorrect key gear.mekasuit.knockbackResistance was corrected from null to its default, 0.10000000149011612. 
[01May2025 18:53:07.433] [Server thread/WARN] [net.minecraftforge.common.ForgeConfigSpec/CORE]: Incorrect key gear.mekasuit.damage_absorption was corrected from null to its default, SimpleCommentedConfig:{}. 
[01May2025 18:53:07.433] [Server thread/WARN] [net.minecraftforge.common.ForgeConfigSpec/CORE]: Incorrect key gear.mekasuit.damage_absorption.fallDamageReductionRatio was corrected from null to its default, 1.0. 
[01May2025 18:53:07.433] [Server thread/WARN] [net.minecraftforge.common.ForgeConfigSpec/CORE]: Incorrect key gear.mekasuit.damage_absorption.magicDamageReductionRatio was corrected from null to its default, 1.0. 
[01May2025 18:53:07.434] [Server thread/WARN] [net.minecraftforge.common.ForgeConfigSpec/CORE]: Incorrect key gear.mekasuit.damage_absorption.unspecifiedDamageReductionRatio was corrected from null to its default, 1.0. 
[01May2025 18:53:07.437] [Server thread/WARN] [net.minecraftforge.common.ForgeConfigSpec/CORE]: Incorrect key gear.mekasuit.damage_absorption.damageReductionRatio was corrected from null to its default, [minecraft:cactus,1.0, minecraft:cramming,1.0, minecraft:dragon_breath,1.0, minecraft:dry_out,1.0, minecraft:fall,1.0, minecraft:falling_anvil,1.0, minecraft:falling_block,1.0, minecraft:falling_stalactite,1.0, minecraft:fly_into_wall,1.0, minecraft:freeze,1.0, minecraft:generic,1.0, minecraft:hot_floor,1.0, minecraft:in_fire,1.0, minecraft:in_wall,1.0, minecraft:lava,1.0, minecraft:lightning_bolt,1.0, minecraft:on_fire,1.0, minecraft:sonic_boom,0.75, minecraft:stalagmite,1.0, minecraft:sweet_berry_bush,1.0, minecraft:wither,1.0]. 
[01May2025 18:53:07.443] [Server thread/WARN] [net.minecraftforge.common.ForgeConfigSpec/CORE]: Configuration file /workspaces/Gamers/servidor_minecraft/config/Mekanism/machine-storage.toml is not correct. Correcting
[01May2025 18:53:07.443] [Server thread/WARN] [net.minecraftforge.common.ForgeConfigSpec/CORE]: Incorrect key storage was corrected from null to its default, SimpleCommentedConfig:{}. 
[01May2025 18:53:07.443] [Server thread/WARN] [net.minecraftforge.common.ForgeConfigSpec/CORE]: Incorrect key storage.enrichmentChamber was corrected from null to its default, 20000. 
[01May2025 18:53:07.443] [Server thread/WARN] [net.minecraftforge.common.ForgeConfigSpec/CORE]: Incorrect key storage.osmiumCompressor was corrected from null to its default, 80000. 
[01May2025 18:53:07.443] [Server thread/WARN] [net.minecraftforge.common.ForgeConfigSpec/CORE]: Incorrect key storage.combiner was corrected from null to its default, 40000. 
[01May2025 18:53:07.443] [Server thread/WARN] [net.minecraftforge.common.ForgeConfigSpec/CORE]: Incorrect key storage.crusher was corrected from null to its default, 20000. 
[01May2025 18:53:07.444] [Server thread/WARN] [net.minecraftforge.common.ForgeConfigSpec/CORE]: Incorrect key storage.metallurgicInfuser was corrected from null to its default, 20000. 
[01May2025 18:53:07.444] [Server thread/WARN] [net.minecraftforge.common.ForgeConfigSpec/CORE]: Incorrect key storage.purificationChamber was corrected from null to its default, 80000. 
[01May2025 18:53:07.444] [Server thread/WARN] [net.minecraftforge.common.ForgeConfigSpec/CORE]: Incorrect key storage.energizedSmelter was corrected from null to its default, 20000. 
[01May2025 18:53:07.444] [Server thread/WARN] [net.minecraftforge.common.ForgeConfigSpec/CORE]: Incorrect key storage.digitalMiner was corrected from null to its default, 50000. 
[01May2025 18:53:07.445] [Server thread/WARN] [net.minecraftforge.common.ForgeConfigSpec/CORE]: Incorrect key storage.electricPump was corrected from null to its default, 40000. 
[01May2025 18:53:07.445] [Server thread/WARN] [net.minecraftforge.common.ForgeConfigSpec/CORE]: Incorrect key storage.chargePad was corrected from null to its default, 2048000. 
[01May2025 18:53:07.445] [Server thread/WARN] [net.minecraftforge.common.ForgeConfigSpec/CORE]: Incorrect key storage.rotaryCondensentrator was corrected from null to its default, 20000. 
[01May2025 18:53:07.446] [Server thread/WARN] [net.minecraftforge.common.ForgeConfigSpec/CORE]: Incorrect key storage.oxidationChamber was corrected from null to its default, 80000. 
[01May2025 18:53:07.446] [Server thread/WARN] [net.minecraftforge.common.ForgeConfigSpec/CORE]: Incorrect key storage.chemicalInfuser was corrected from null to its default, 80000. 
[01May2025 18:53:07.447] [Server thread/WARN] [net.minecraftforge.common.ForgeConfigSpec/CORE]: Incorrect key storage.chemicalInjectionChamber was corrected from null to its default, 160000. 
[01May2025 18:53:07.447] [Server thread/WARN] [net.minecraftforge.common.ForgeConfigSpec/CORE]: Incorrect key storage.electrolyticSeparator was corrected from null to its default, 160000. 
[01May2025 18:53:07.448] [Server thread/WARN] [net.minecraftforge.common.ForgeConfigSpec/CORE]: Incorrect key storage.precisionSawmill was corrected from null to its default, 20000. 
[01May2025 18:53:07.448] [Server thread/WARN] [net.minecraftforge.common.ForgeConfigSpec/CORE]: Incorrect key storage.chemicalDissolutionChamber was corrected from null to its default, 160000. 
[01May2025 18:53:07.448] [Server thread/WARN] [net.minecraftforge.common.ForgeConfigSpec/CORE]: Incorrect key storage.chemicalWasher was corrected from null to its default, 80000. 
[01May2025 18:53:07.449] [Server thread/WARN] [net.minecraftforge.common.ForgeConfigSpec/CORE]: Incorrect key storage.chemicalCrystallizer was corrected from null to its default, 160000. 
[01May2025 18:53:07.449] [Server thread/WARN] [net.minecraftforge.common.ForgeConfigSpec/CORE]: Incorrect key storage.seismicVibrator was corrected from null to its default, 20000. 
[01May2025 18:53:07.449] [Server thread/WARN] [net.minecraftforge.common.ForgeConfigSpec/CORE]: Incorrect key storage.pressurizedReactionBase was corrected from null to its default, 2000. 
[01May2025 18:53:07.450] [Server thread/WARN] [net.minecraftforge.common.ForgeConfigSpec/CORE]: Incorrect key storage.fluidicPlenisher was corrected from null to its default, 40000. 
[01May2025 18:53:07.451] [Server thread/WARN] [net.minecraftforge.common.ForgeConfigSpec/CORE]: Incorrect key storage.laser was corrected from null to its default, 2000000. 
[01May2025 18:53:07.451] [Server thread/WARN] [net.minecraftforge.common.ForgeConfigSpec/CORE]: Incorrect key storage.laserAmplifier was corrected from null to its default, 5000000000. 
[01May2025 18:53:07.451] [Server thread/WARN] [net.minecraftforge.common.ForgeConfigSpec/CORE]: Incorrect key storage.laserTractorBeam was corrected from null to its default, 5000000000. 
[01May2025 18:53:07.452] [Server thread/WARN] [net.minecraftforge.common.ForgeConfigSpec/CORE]: Incorrect key storage.formulaicAssemblicator was corrected from null to its default, 40000. 
[01May2025 18:53:07.452] [Server thread/WARN] [net.minecraftforge.common.ForgeConfigSpec/CORE]: Incorrect key storage.teleporter was corrected from null to its default, 5000000. 
[01May2025 18:53:07.452] [Server thread/WARN] [net.minecraftforge.common.ForgeConfigSpec/CORE]: Incorrect key storage.modificationStation was corrected from null to its default, 40000. 
[01May2025 18:53:07.453] [Server thread/WARN] [net.minecraftforge.common.ForgeConfigSpec/CORE]: Incorrect key storage.isotopicCentrifuge was corrected from null to its default, 80000. 
[01May2025 18:53:07.453] [Server thread/WARN] [net.minecraftforge.common.ForgeConfigSpec/CORE]: Incorrect key storage.nutritionalLiquifier was corrected from null to its default, 40000. 
[01May2025 18:53:07.454] [Server thread/WARN] [net.minecraftforge.common.ForgeConfigSpec/CORE]: Incorrect key storage.antiprotonicNucleosynthesizer was corrected from null to its default, 1000000000. 
[01May2025 18:53:07.454] [Server thread/WARN] [net.minecraftforge.common.ForgeConfigSpec/CORE]: Incorrect key storage.pigmentExtractor was corrected from null to its default, 40000. 
[01May2025 18:53:07.454] [Server thread/WARN] [net.minecraftforge.common.ForgeConfigSpec/CORE]: Incorrect key storage.pigmentMixer was corrected from null to its default, 80000. 
[01May2025 18:53:07.454] [Server thread/WARN] [net.minecraftforge.common.ForgeConfigSpec/CORE]: Incorrect key storage.paintingMachine was corrected from null to its default, 40000. 
[01May2025 18:53:07.454] [Server thread/WARN] [net.minecraftforge.common.ForgeConfigSpec/CORE]: Incorrect key storage.spsPort was corrected from null to its default, 1000000000. 
[01May2025 18:53:07.454] [Server thread/WARN] [net.minecraftforge.common.ForgeConfigSpec/CORE]: Incorrect key storage.dimensionalStabilizer was corrected from null to its default, 40000. 
[01May2025 18:53:07.457] [Server thread/WARN] [net.minecraftforge.common.ForgeConfigSpec/CORE]: Configuration file /workspaces/Gamers/servidor_minecraft/config/Mekanism/tiers.toml is not correct. Correcting
[01May2025 18:53:07.458] [Server thread/WARN] [net.minecraftforge.common.ForgeConfigSpec/CORE]: Incorrect key tier was corrected from null to its default, SimpleCommentedConfig:{}. 
[01May2025 18:53:07.458] [Server thread/WARN] [net.minecraftforge.common.ForgeConfigSpec/CORE]: Incorrect key tier.energy_cubes was corrected from null to its default, SimpleCommentedConfig:{}. 
[01May2025 18:53:07.459] [Server thread/WARN] [net.minecraftforge.common.ForgeConfigSpec/CORE]: Incorrect key tier.energy_cubes.basicStorage was corrected from null to its default, 4000000. 
[01May2025 18:53:07.459] [Server thread/WARN] [net.minecraftforge.common.ForgeConfigSpec/CORE]: Incorrect key tier.energy_cubes.basicOutput was corrected from null to its default, 4000. 
[01May2025 18:53:07.459] [Server thread/WARN] [net.minecraftforge.common.ForgeConfigSpec/CORE]: Incorrect key tier.energy_cubes.advancedStorage was corrected from null to its default, 16000000. 
[01May2025 18:53:07.459] [Server thread/WARN] [net.minecraftforge.common.ForgeConfigSpec/CORE]: Incorrect key tier.energy_cubes.advancedOutput was corrected from null to its default, 16000. 
[01May2025 18:53:07.459] [Server thread/WARN] [net.minecraftforge.common.ForgeConfigSpec/CORE]: Incorrect key tier.energy_cubes.eliteStorage was corrected from null to its default, 64000000. 
[01May2025 18:53:07.459] [Server thread/WARN] [net.minecraftforge.common.ForgeConfigSpec/CORE]: Incorrect key tier.energy_cubes.eliteOutput was corrected from null to its default, 64000. 
[01May2025 18:53:07.459] [Server thread/WARN] [net.minecraftforge.common.ForgeConfigSpec/CORE]: Incorrect key tier.energy_cubes.ultimateStorage was corrected from null to its default, 256000000. 
[01May2025 18:53:07.459] [Server thread/WARN] [net.minecraftforge.common.ForgeConfigSpec/CORE]: Incorrect key tier.energy_cubes.ultimateOutput was corrected from null to its default, 256000. 
[01May2025 18:53:07.460] [Server thread/WARN] [net.minecraftforge.common.ForgeConfigSpec/CORE]: Incorrect key tier.energy_cubes.creativeStorage was corrected from null to its default, 18446744073709551615.9999. 
[01May2025 18:53:07.460] [Server thread/WARN] [net.minecraftforge.common.ForgeConfigSpec/CORE]: Incorrect key tier.energy_cubes.creativeOutput was corrected from null to its default, 18446744073709551615.9999. 
[01May2025 18:53:07.460] [Server thread/WARN] [net.minecraftforge.common.ForgeConfigSpec/CORE]: Incorrect key tier.fluid_tanks was corrected from null to its default, SimpleCommentedConfig:{}. 
[01May2025 18:53:07.460] [Server thread/WARN] [net.minecraftforge.common.ForgeConfigSpec/CORE]: Incorrect key tier.fluid_tanks.basicStorage was corrected from null to its default, 32000. 
[01May2025 18:53:07.460] [Server thread/WARN] [net.minecraftforge.common.ForgeConfigSpec/CORE]: Incorrect key tier.fluid_tanks.basicOutput was corrected from null to its default, 1000. 
[01May2025 18:53:07.460] [Server thread/WARN] [net.minecraftforge.common.ForgeConfigSpec/CORE]: Incorrect key tier.fluid_tanks.advancedStorage was corrected from null to its default, 64000. 
[01May2025 18:53:07.460] [Server thread/WARN] [net.minecraftforge.common.ForgeConfigSpec/CORE]: Incorrect key tier.fluid_tanks.advancedOutput was corrected from null to its default, 4000. 
[01May2025 18:53:07.460] [Server thread/WARN] [net.minecraftforge.common.ForgeConfigSpec/CORE]: Incorrect key tier.fluid_tanks.eliteStorage was corrected from null to its default, 128000. 
[01May2025 18:53:07.460] [Server thread/WARN] [net.minecraftforge.common.ForgeConfigSpec/CORE]: Incorrect key tier.fluid_tanks.eliteOutput was corrected from null to its default, 16000. 
[01May2025 18:53:07.460] [Server thread/WARN] [net.minecraftforge.common.ForgeConfigSpec/CORE]: Incorrect key tier.fluid_tanks.ultimateStorage was corrected from null to its default, 256000. 
[01May2025 18:53:07.461] [Server thread/WARN] [net.minecraftforge.common.ForgeConfigSpec/CORE]: Incorrect key tier.fluid_tanks.ultimateOutput was corrected from null to its default, 64000. 
[01May2025 18:53:07.461] [Server thread/WARN] [net.minecraftforge.common.ForgeConfigSpec/CORE]: Incorrect key tier.fluid_tanks.creativeStorage was corrected from null to its default, 2147483647. 
[01May2025 18:53:07.461] [Server thread/WARN] [net.minecraftforge.common.ForgeConfigSpec/CORE]: Incorrect key tier.fluid_tanks.creativeOutput was corrected from null to its default, 1073741823. 
[01May2025 18:53:07.461] [Server thread/WARN] [net.minecraftforge.common.ForgeConfigSpec/CORE]: Incorrect key tier.chemical_tanks was corrected from null to its default, SimpleCommentedConfig:{}. 
[01May2025 18:53:07.461] [Server thread/WARN] [net.minecraftforge.common.ForgeConfigSpec/CORE]: Incorrect key tier.chemical_tanks.basicStorage was corrected from null to its default, 64000. 
[01May2025 18:53:07.462] [Server thread/WARN] [net.minecraftforge.common.ForgeConfigSpec/CORE]: Incorrect key tier.chemical_tanks.basicOutput was corrected from null to its default, 1000. 
[01May2025 18:53:07.462] [Server thread/WARN] [net.minecraftforge.common.ForgeConfigSpec/CORE]: Incorrect key tier.chemical_tanks.advancedStorage was corrected from null to its default, 256000. 
[01May2025 18:53:07.462] [Server thread/WARN] [net.minecraftforge.common.ForgeConfigSpec/CORE]: Incorrect key tier.chemical_tanks.advancedOutput was corrected from null to its default, 16000. 
[01May2025 18:53:07.462] [Server thread/WARN] [net.minecraftforge.common.ForgeConfigSpec/CORE]: Incorrect key tier.chemical_tanks.eliteStorage was corrected from null to its default, 1024000. 
[01May2025 18:53:07.463] [Server thread/WARN] [net.minecraftforge.common.ForgeConfigSpec/CORE]: Incorrect key tier.chemical_tanks.eliteOutput was corrected from null to its default, 128000. 
[01May2025 18:53:07.463] [Server thread/WARN] [net.minecraftforge.common.ForgeConfigSpec/CORE]: Incorrect key tier.chemical_tanks.ultimateStorage was corrected from null to its default, 8192000. 
[01May2025 18:53:07.463] [Server thread/WARN] [net.minecraftforge.common.ForgeConfigSpec/CORE]: Incorrect key tier.chemical_tanks.ultimateOutput was corrected from null to its default, 512000. 
[01May2025 18:53:07.464] [Server thread/WARN] [net.minecraftforge.common.ForgeConfigSpec/CORE]: Incorrect key tier.chemical_tanks.creativeStorage was corrected from null to its default, 9223372036854775807. 
[01May2025 18:53:07.464] [Server thread/WARN] [net.minecraftforge.common.ForgeConfigSpec/CORE]: Incorrect key tier.chemical_tanks.creativeOutput was corrected from null to its default, 4611686018427387903. 
[01May2025 18:53:07.464] [Server thread/WARN] [net.minecraftforge.common.ForgeConfigSpec/CORE]: Incorrect key tier.bins was corrected from null to its default, SimpleCommentedConfig:{}. 
[01May2025 18:53:07.464] [Server thread/WARN] [net.minecraftforge.common.ForgeConfigSpec/CORE]: Incorrect key tier.bins.basicStorage was corrected from null to its default, 4096. 
[01May2025 18:53:07.465] [Server thread/WARN] [net.minecraftforge.common.ForgeConfigSpec/CORE]: Incorrect key tier.bins.advancedStorage was corrected from null to its default, 8192. 
[01May2025 18:53:07.465] [Server thread/WARN] [net.minecraftforge.common.ForgeConfigSpec/CORE]: Incorrect key tier.bins.eliteStorage was corrected from null to its default, 32768. 
[01May2025 18:53:07.465] [Server thread/WARN] [net.minecraftforge.common.ForgeConfigSpec/CORE]: Incorrect key tier.bins.ultimateStorage was corrected from null to its default, 262144. 
[01May2025 18:53:07.466] [Server thread/WARN] [net.minecraftforge.common.ForgeConfigSpec/CORE]: Incorrect key tier.bins.creativeStorage was corrected from null to its default, 2147483647. 
[01May2025 18:53:07.466] [Server thread/WARN] [net.minecraftforge.common.ForgeConfigSpec/CORE]: Incorrect key tier.induction was corrected from null to its default, SimpleCommentedConfig:{}. 
[01May2025 18:53:07.466] [Server thread/WARN] [net.minecraftforge.common.ForgeConfigSpec/CORE]: Incorrect key tier.induction.basicStorage was corrected from null to its default, 8000000000. 
[01May2025 18:53:07.466] [Server thread/WARN] [net.minecraftforge.common.ForgeConfigSpec/CORE]: Incorrect key tier.induction.advancedStorage was corrected from null to its default, 64000000000. 
[01May2025 18:53:07.467] [Server thread/WARN] [net.minecraftforge.common.ForgeConfigSpec/CORE]: Incorrect key tier.induction.eliteStorage was corrected from null to its default, 512000000000. 
[01May2025 18:53:07.467] [Server thread/WARN] [net.minecraftforge.common.ForgeConfigSpec/CORE]: Incorrect key tier.induction.ultimateStorage was corrected from null to its default, 4000000000000. 
[01May2025 18:53:07.467] [Server thread/WARN] [net.minecraftforge.common.ForgeConfigSpec/CORE]: Incorrect key tier.induction.basicOutput was corrected from null to its default, 256000. 
[01May2025 18:53:07.467] [Server thread/WARN] [net.minecraftforge.common.ForgeConfigSpec/CORE]: Incorrect key tier.induction.advancedOutput was corrected from null to its default, 2048000. 
[01May2025 18:53:07.468] [Server thread/WARN] [net.minecraftforge.common.ForgeConfigSpec/CORE]: Incorrect key tier.induction.eliteOutput was corrected from null to its default, 16384000. 
[01May2025 18:53:07.468] [Server thread/WARN] [net.minecraftforge.common.ForgeConfigSpec/CORE]: Incorrect key tier.induction.ultimateOutput was corrected from null to its default, 131072000. 
[01May2025 18:53:07.468] [Server thread/WARN] [net.minecraftforge.common.ForgeConfigSpec/CORE]: Incorrect key tier.transmitters was corrected from null to its default, SimpleCommentedConfig:{}. 
[01May2025 18:53:07.469] [Server thread/WARN] [net.minecraftforge.common.ForgeConfigSpec/CORE]: Incorrect key tier.transmitters.energy was corrected from null to its default, SimpleCommentedConfig:{}. 
[01May2025 18:53:07.469] [Server thread/WARN] [net.minecraftforge.common.ForgeConfigSpec/CORE]: Incorrect key tier.transmitters.energy.basicCapacity was corrected from null to its default, 8000. 
[01May2025 18:53:07.469] [Server thread/WARN] [net.minecraftforge.common.ForgeConfigSpec/CORE]: Incorrect key tier.transmitters.energy.advancedCapacity was corrected from null to its default, 128000. 
[01May2025 18:53:07.469] [Server thread/WARN] [net.minecraftforge.common.ForgeConfigSpec/CORE]: Incorrect key tier.transmitters.energy.eliteCapacity was corrected from null to its default, 1024000. 
[01May2025 18:53:07.470] [Server thread/WARN] [net.minecraftforge.common.ForgeConfigSpec/CORE]: Incorrect key tier.transmitters.energy.ultimateCapacity was corrected from null to its default, 8192000. 
[01May2025 18:53:07.470] [Server thread/WARN] [net.minecraftforge.common.ForgeConfigSpec/CORE]: Incorrect key tier.transmitters.fluid was corrected from null to its default, SimpleCommentedConfig:{}. 
[01May2025 18:53:07.470] [Server thread/WARN] [net.minecraftforge.common.ForgeConfigSpec/CORE]: Incorrect key tier.transmitters.fluid.basicCapacity was corrected from null to its default, 2000. 
[01May2025 18:53:07.471] [Server thread/WARN] [net.minecraftforge.common.ForgeConfigSpec/CORE]: Incorrect key tier.transmitters.fluid.basicPullAmount was corrected from null to its default, 250. 
[01May2025 18:53:07.471] [Server thread/WARN] [net.minecraftforge.common.ForgeConfigSpec/CORE]: Incorrect key tier.transmitters.fluid.advancedCapacity was corrected from null to its default, 8000. 
[01May2025 18:53:07.471] [Server thread/WARN] [net.minecraftforge.common.ForgeConfigSpec/CORE]: Incorrect key tier.transmitters.fluid.advancedPullAmount was corrected from null to its default, 1000. 
[01May2025 18:53:07.471] [Server thread/WARN] [net.minecraftforge.common.ForgeConfigSpec/CORE]: Incorrect key tier.transmitters.fluid.eliteCapacity was corrected from null to its default, 32000. 
[01May2025 18:53:07.472] [Server thread/WARN] [net.minecraftforge.common.ForgeConfigSpec/CORE]: Incorrect key tier.transmitters.fluid.elitePullAmount was corrected from null to its default, 8000. 
[01May2025 18:53:07.472] [Server thread/WARN] [net.minecraftforge.common.ForgeConfigSpec/CORE]: Incorrect key tier.transmitters.fluid.ultimateCapacity was corrected from null to its default, 128000. 
[01May2025 18:53:07.472] [Server thread/WARN] [net.minecraftforge.common.ForgeConfigSpec/CORE]: Incorrect key tier.transmitters.fluid.ultimatePullAmount was corrected from null to its default, 32000. 
[01May2025 18:53:07.473] [Server thread/WARN] [net.minecraftforge.common.ForgeConfigSpec/CORE]: Incorrect key tier.transmitters.chemical was corrected from null to its default, SimpleCommentedConfig:{}. 
[01May2025 18:53:07.473] [Server thread/WARN] [net.minecraftforge.common.ForgeConfigSpec/CORE]: Incorrect key tier.transmitters.chemical.basicCapacity was corrected from null to its default, 4000. 
[01May2025 18:53:07.473] [Server thread/WARN] [net.minecraftforge.common.ForgeConfigSpec/CORE]: Incorrect key tier.transmitters.chemical.basicPullAmount was corrected from null to its default, 750. 
[01May2025 18:53:07.473] [Server thread/WARN] [net.minecraftforge.common.ForgeConfigSpec/CORE]: Incorrect key tier.transmitters.chemical.advancedCapacity was corrected from null to its default, 16000. 
[01May2025 18:53:07.474] [Server thread/WARN] [net.minecraftforge.common.ForgeConfigSpec/CORE]: Incorrect key tier.transmitters.chemical.advancedPullAmount was corrected from null to its default, 2000. 
[01May2025 18:53:07.474] [Server thread/WARN] [net.minecraftforge.common.ForgeConfigSpec/CORE]: Incorrect key tier.transmitters.chemical.eliteCapacity was corrected from null to its default, 256000. 
[01May2025 18:53:07.474] [Server thread/WARN] [net.minecraftforge.common.ForgeConfigSpec/CORE]: Incorrect key tier.transmitters.chemical.elitePullAmount was corrected from null to its default, 64000. 
[01May2025 18:53:07.474] [Server thread/WARN] [net.minecraftforge.common.ForgeConfigSpec/CORE]: Incorrect key tier.transmitters.chemical.ultimateCapacity was corrected from null to its default, 1024000. 
[01May2025 18:53:07.475] [Server thread/WARN] [net.minecraftforge.common.ForgeConfigSpec/CORE]: Incorrect key tier.transmitters.chemical.ultimatePullAmount was corrected from null to its default, 256000. 
[01May2025 18:53:07.475] [Server thread/WARN] [net.minecraftforge.common.ForgeConfigSpec/CORE]: Incorrect key tier.transmitters.items was corrected from null to its default, SimpleCommentedConfig:{}. 
[01May2025 18:53:07.475] [Server thread/WARN] [net.minecraftforge.common.ForgeConfigSpec/CORE]: Incorrect key tier.transmitters.items.basicPullAmount was corrected from null to its default, 1. 
[01May2025 18:53:07.475] [Server thread/WARN] [net.minecraftforge.common.ForgeConfigSpec/CORE]: Incorrect key tier.transmitters.items.basicSpeed was corrected from null to its default, 5. 
[01May2025 18:53:07.475] [Server thread/WARN] [net.minecraftforge.common.ForgeConfigSpec/CORE]: Incorrect key tier.transmitters.items.advancedPullAmount was corrected from null to its default, 16. 
[01May2025 18:53:07.475] [Server thread/WARN] [net.minecraftforge.common.ForgeConfigSpec/CORE]: Incorrect key tier.transmitters.items.advancedSpeed was corrected from null to its default, 10. 
[01May2025 18:53:07.475] [Server thread/WARN] [net.minecraftforge.common.ForgeConfigSpec/CORE]: Incorrect key tier.transmitters.items.elitePullAmount was corrected from null to its default, 32. 
[01May2025 18:53:07.476] [Server thread/WARN] [net.minecraftforge.common.ForgeConfigSpec/CORE]: Incorrect key tier.transmitters.items.eliteSpeed was corrected from null to its default, 20. 
[01May2025 18:53:07.476] [Server thread/WARN] [net.minecraftforge.common.ForgeConfigSpec/CORE]: Incorrect key tier.transmitters.items.ultimatePullAmount was corrected from null to its default, 64. 
[01May2025 18:53:07.476] [Server thread/WARN] [net.minecraftforge.common.ForgeConfigSpec/CORE]: Incorrect key tier.transmitters.items.ultimateSpeed was corrected from null to its default, 50. 
[01May2025 18:53:07.476] [Server thread/WARN] [net.minecraftforge.common.ForgeConfigSpec/CORE]: Incorrect key tier.transmitters.heat was corrected from null to its default, SimpleCommentedConfig:{}. 
[01May2025 18:53:07.476] [Server thread/WARN] [net.minecraftforge.common.ForgeConfigSpec/CORE]: Incorrect key tier.transmitters.heat.basicInverseConduction was corrected from null to its default, 5.0. 
[01May2025 18:53:07.476] [Server thread/WARN] [net.minecraftforge.common.ForgeConfigSpec/CORE]: Incorrect key tier.transmitters.heat.basicHeatCapacity was corrected from null to its default, 1.0. 
[01May2025 18:53:07.476] [Server thread/WARN] [net.minecraftforge.common.ForgeConfigSpec/CORE]: Incorrect key tier.transmitters.heat.basicInsulation was corrected from null to its default, 10.0. 
[01May2025 18:53:07.477] [Server thread/WARN] [net.minecraftforge.common.ForgeConfigSpec/CORE]: Incorrect key tier.transmitters.heat.advancedInverseConduction was corrected from null to its default, 5.0. 
[01May2025 18:53:07.477] [Server thread/WARN] [net.minecraftforge.common.ForgeConfigSpec/CORE]: Incorrect key tier.transmitters.heat.advancedHeatCapacity was corrected from null to its default, 1.0. 
[01May2025 18:53:07.477] [Server thread/WARN] [net.minecraftforge.common.ForgeConfigSpec/CORE]: Incorrect key tier.transmitters.heat.advancedInsulation was corrected from null to its default, 400.0. 
[01May2025 18:53:07.477] [Server thread/WARN] [net.minecraftforge.common.ForgeConfigSpec/CORE]: Incorrect key tier.transmitters.heat.eliteInverseConduction was corrected from null to its default, 5.0. 
[01May2025 18:53:07.477] [Server thread/WARN] [net.minecraftforge.common.ForgeConfigSpec/CORE]: Incorrect key tier.transmitters.heat.eliteHeatCapacity was corrected from null to its default, 1.0. 
[01May2025 18:53:07.477] [Server thread/WARN] [net.minecraftforge.common.ForgeConfigSpec/CORE]: Incorrect key tier.transmitters.heat.eliteInsulation was corrected from null to its default, 8000.0. 
[01May2025 18:53:07.477] [Server thread/WARN] [net.minecraftforge.common.ForgeConfigSpec/CORE]: Incorrect key tier.transmitters.heat.ultimateInverseConduction was corrected from null to its default, 5.0. 
[01May2025 18:53:07.477] [Server thread/WARN] [net.minecraftforge.common.ForgeConfigSpec/CORE]: Incorrect key tier.transmitters.heat.ultimateHeatCapacity was corrected from null to its default, 1.0. 
[01May2025 18:53:07.477] [Server thread/WARN] [net.minecraftforge.common.ForgeConfigSpec/CORE]: Incorrect key tier.transmitters.heat.ultimateInsulation was corrected from null to its default, 100000.0. 
[01May2025 18:53:07.479] [Server thread/WARN] [net.minecraftforge.common.ForgeConfigSpec/CORE]: Configuration file /workspaces/Gamers/servidor_minecraft/config/Mekanism/machine-usage.toml is not correct. Correcting
[01May2025 18:53:07.479] [Server thread/WARN] [net.minecraftforge.common.ForgeConfigSpec/CORE]: Incorrect key usage was corrected from null to its default, SimpleCommentedConfig:{}. 
[01May2025 18:53:07.479] [Server thread/WARN] [net.minecraftforge.common.ForgeConfigSpec/CORE]: Incorrect key usage.enrichmentChamber was corrected from null to its default, 50. 
[01May2025 18:53:07.479] [Server thread/WARN] [net.minecraftforge.common.ForgeConfigSpec/CORE]: Incorrect key usage.osmiumCompressor was corrected from null to its default, 100. 
[01May2025 18:53:07.479] [Server thread/WARN] [net.minecraftforge.common.ForgeConfigSpec/CORE]: Incorrect key usage.combiner was corrected from null to its default, 50. 
[01May2025 18:53:07.480] [Server thread/WARN] [net.minecraftforge.common.ForgeConfigSpec/CORE]: Incorrect key usage.crusher was corrected from null to its default, 50. 
[01May2025 18:53:07.480] [Server thread/WARN] [net.minecraftforge.common.ForgeConfigSpec/CORE]: Incorrect key usage.metallurgicInfuser was corrected from null to its default, 50. 
[01May2025 18:53:07.480] [Server thread/WARN] [net.minecraftforge.common.ForgeConfigSpec/CORE]: Incorrect key usage.purificationChamber was corrected from null to its default, 200. 
[01May2025 18:53:07.480] [Server thread/WARN] [net.minecraftforge.common.ForgeConfigSpec/CORE]: Incorrect key usage.energizedSmelter was corrected from null to its default, 50. 
[01May2025 18:53:07.480] [Server thread/WARN] [net.minecraftforge.common.ForgeConfigSpec/CORE]: Incorrect key usage.digitalMiner was corrected from null to its default, 1000. 
[01May2025 18:53:07.480] [Server thread/WARN] [net.minecraftforge.common.ForgeConfigSpec/CORE]: Incorrect key usage.electricPump was corrected from null to its default, 100. 
[01May2025 18:53:07.480] [Server thread/WARN] [net.minecraftforge.common.ForgeConfigSpec/CORE]: Incorrect key usage.chargePad was corrected from null to its default, 1024000. 
[01May2025 18:53:07.480] [Server thread/WARN] [net.minecraftforge.common.ForgeConfigSpec/CORE]: Incorrect key usage.rotaryCondensentrator was corrected from null to its default, 50. 
[01May2025 18:53:07.480] [Server thread/WARN] [net.minecraftforge.common.ForgeConfigSpec/CORE]: Incorrect key usage.oxidationChamber was corrected from null to its default, 200. 
[01May2025 18:53:07.480] [Server thread/WARN] [net.minecraftforge.common.ForgeConfigSpec/CORE]: Incorrect key usage.chemicalInfuser was corrected from null to its default, 200. 
[01May2025 18:53:07.480] [Server thread/WARN] [net.minecraftforge.common.ForgeConfigSpec/CORE]: Incorrect key usage.chemicalInjectionChamber was corrected from null to its default, 400. 
[01May2025 18:53:07.481] [Server thread/WARN] [net.minecraftforge.common.ForgeConfigSpec/CORE]: Incorrect key usage.precisionSawmill was corrected from null to its default, 50. 
[01May2025 18:53:07.481] [Server thread/WARN] [net.minecraftforge.common.ForgeConfigSpec/CORE]: Incorrect key usage.chemicalDissolutionChamber was corrected from null to its default, 400. 
[01May2025 18:53:07.481] [Server thread/WARN] [net.minecraftforge.common.ForgeConfigSpec/CORE]: Incorrect key usage.chemicalWasher was corrected from null to its default, 200. 
[01May2025 18:53:07.481] [Server thread/WARN] [net.minecraftforge.common.ForgeConfigSpec/CORE]: Incorrect key usage.chemicalCrystallizer was corrected from null to its default, 400. 
[01May2025 18:53:07.481] [Server thread/WARN] [net.minecraftforge.common.ForgeConfigSpec/CORE]: Incorrect key usage.seismicVibrator was corrected from null to its default, 50. 
[01May2025 18:53:07.481] [Server thread/WARN] [net.minecraftforge.common.ForgeConfigSpec/CORE]: Incorrect key usage.pressurizedReactionBase was corrected from null to its default, 5. 
[01May2025 18:53:07.481] [Server thread/WARN] [net.minecraftforge.common.ForgeConfigSpec/CORE]: Incorrect key usage.fluidicPlenisher was corrected from null to its default, 100. 
[01May2025 18:53:07.481] [Server thread/WARN] [net.minecraftforge.common.ForgeConfigSpec/CORE]: Incorrect key usage.laser was corrected from null to its default, 10000. 
[01May2025 18:53:07.481] [Server thread/WARN] [net.minecraftforge.common.ForgeConfigSpec/CORE]: Incorrect key usage.formulaicAssemblicator was corrected from null to its default, 100. 
[01May2025 18:53:07.481] [Server thread/WARN] [net.minecraftforge.common.ForgeConfigSpec/CORE]: Incorrect key usage.modificationStation was corrected from null to its default, 100. 
[01May2025 18:53:07.481] [Server thread/WARN] [net.minecraftforge.common.ForgeConfigSpec/CORE]: Incorrect key usage.isotopicCentrifuge was corrected from null to its default, 200. 
[01May2025 18:53:07.481] [Server thread/WARN] [net.minecraftforge.common.ForgeConfigSpec/CORE]: Incorrect key usage.nutritionalLiquifier was corrected from null to its default, 200. 
[01May2025 18:53:07.481] [Server thread/WARN] [net.minecraftforge.common.ForgeConfigSpec/CORE]: Incorrect key usage.antiprotonicNucleosynthesizer was corrected from null to its default, 100000. 
[01May2025 18:53:07.482] [Server thread/WARN] [net.minecraftforge.common.ForgeConfigSpec/CORE]: Incorrect key usage.pigmentExtractor was corrected from null to its default, 200. 
[01May2025 18:53:07.482] [Server thread/WARN] [net.minecraftforge.common.ForgeConfigSpec/CORE]: Incorrect key usage.pigmentMixer was corrected from null to its default, 200. 
[01May2025 18:53:07.482] [Server thread/WARN] [net.minecraftforge.common.ForgeConfigSpec/CORE]: Incorrect key usage.paintingMachine was corrected from null to its default, 100. 
[01May2025 18:53:07.482] [Server thread/WARN] [net.minecraftforge.common.ForgeConfigSpec/CORE]: Incorrect key usage.dimensionalStabilizer was corrected from null to its default, 5000. 
[01May2025 18:53:07.482] [Server thread/WARN] [net.minecraftforge.common.ForgeConfigSpec/CORE]: Incorrect key usage.teleporter was corrected from null to its default, SimpleCommentedConfig:{}. 
[01May2025 18:53:07.482] [Server thread/WARN] [net.minecraftforge.common.ForgeConfigSpec/CORE]: Incorrect key usage.teleporter.teleporterBase was corrected from null to its default, 1000. 
[01May2025 18:53:07.482] [Server thread/WARN] [net.minecraftforge.common.ForgeConfigSpec/CORE]: Incorrect key usage.teleporter.teleporterDistance was corrected from null to its default, 10. 
[01May2025 18:53:07.482] [Server thread/WARN] [net.minecraftforge.common.ForgeConfigSpec/CORE]: Incorrect key usage.teleporter.teleporterDimensionPenalty was corrected from null to its default, 10000. 
[01May2025 18:53:07.484] [Server thread/WARN] [net.minecraftforge.common.ForgeConfigSpec/CORE]: Configuration file /workspaces/Gamers/servidor_minecraft/config/Mekanism/world.toml is not correct. Correcting
[01May2025 18:53:07.484] [Server thread/WARN] [net.minecraftforge.common.ForgeConfigSpec/CORE]: Incorrect key world_generation was corrected from null to its default, SimpleCommentedConfig:{}. 
[01May2025 18:53:07.484] [Server thread/WARN] [net.minecraftforge.common.ForgeConfigSpec/CORE]: Incorrect key world_generation.enableRegeneration was corrected from null to its default, false. 
[01May2025 18:53:07.484] [Server thread/WARN] [net.minecraftforge.common.ForgeConfigSpec/CORE]: Incorrect key world_generation.userWorldGenVersion was corrected from null to its default, 0. 
[01May2025 18:53:07.484] [Server thread/WARN] [net.minecraftforge.common.ForgeConfigSpec/CORE]: Incorrect key world_generation.tin was corrected from null to its default, SimpleCommentedConfig:{}. 
[01May2025 18:53:07.484] [Server thread/WARN] [net.minecraftforge.common.ForgeConfigSpec/CORE]: Incorrect key world_generation.tin.shouldGenerate was corrected from null to its default, true. 
[01May2025 18:53:07.485] [Server thread/WARN] [net.minecraftforge.common.ForgeConfigSpec/CORE]: Incorrect key world_generation.tin.small was corrected from null to its default, SimpleCommentedConfig:{}. 
[01May2025 18:53:07.485] [Server thread/WARN] [net.minecraftforge.common.ForgeConfigSpec/CORE]: Incorrect key world_generation.tin.small.shouldGenerate was corrected from null to its default, true. 
[01May2025 18:53:07.485] [Server thread/WARN] [net.minecraftforge.common.ForgeConfigSpec/CORE]: Incorrect key world_generation.tin.small.perChunk was corrected from null to its default, 14. 
[01May2025 18:53:07.485] [Server thread/WARN] [net.minecraftforge.common.ForgeConfigSpec/CORE]: Incorrect key world_generation.tin.small.maxVeinSize was corrected from null to its default, 4. 
[01May2025 18:53:07.485] [Server thread/WARN] [net.minecraftforge.common.ForgeConfigSpec/CORE]: Incorrect key world_generation.tin.small.discardChanceOnAirExposure was corrected from null to its default, 0.0. 
[01May2025 18:53:07.485] [Server thread/WARN] [net.minecraftforge.common.ForgeConfigSpec/CORE]: Incorrect key world_generation.tin.small.shape was corrected from null to its default, TRAPEZOID. 
[01May2025 18:53:07.485] [Server thread/WARN] [net.minecraftforge.common.ForgeConfigSpec/CORE]: Incorrect key world_generation.tin.small.minInclusive was corrected from null to its default, SimpleCommentedConfig:{}. 
[01May2025 18:53:07.485] [Server thread/WARN] [net.minecraftforge.common.ForgeConfigSpec/CORE]: Incorrect key world_generation.tin.small.minInclusive.type was corrected from null to its default, ABSOLUTE. 
[01May2025 18:53:07.485] [Server thread/WARN] [net.minecraftforge.common.ForgeConfigSpec/CORE]: Incorrect key world_generation.tin.small.minInclusive.value was corrected from null to its default, -20. 
[01May2025 18:53:07.485] [Server thread/WARN] [net.minecraftforge.common.ForgeConfigSpec/CORE]: Incorrect key world_generation.tin.small.maxInclusive was corrected from null to its default, SimpleCommentedConfig:{}. 
[01May2025 18:53:07.486] [Server thread/WARN] [net.minecraftforge.common.ForgeConfigSpec/CORE]: Incorrect key world_generation.tin.small.maxInclusive.type was corrected from null to its default, ABSOLUTE. 
[01May2025 18:53:07.486] [Server thread/WARN] [net.minecraftforge.common.ForgeConfigSpec/CORE]: Incorrect key world_generation.tin.small.maxInclusive.value was corrected from null to its default, 94. 
[01May2025 18:53:07.486] [Server thread/WARN] [net.minecraftforge.common.ForgeConfigSpec/CORE]: Incorrect key world_generation.tin.small.plateau was corrected from null to its default, 0. 
[01May2025 18:53:07.486] [Server thread/WARN] [net.minecraftforge.common.ForgeConfigSpec/CORE]: Incorrect key world_generation.tin.large was corrected from null to its default, SimpleCommentedConfig:{}. 
[01May2025 18:53:07.486] [Server thread/WARN] [net.minecraftforge.common.ForgeConfigSpec/CORE]: Incorrect key world_generation.tin.large.shouldGenerate was corrected from null to its default, true. 
[01May2025 18:53:07.486] [Server thread/WARN] [net.minecraftforge.common.ForgeConfigSpec/CORE]: Incorrect key world_generation.tin.large.perChunk was corrected from null to its default, 12. 
[01May2025 18:53:07.486] [Server thread/WARN] [net.minecraftforge.common.ForgeConfigSpec/CORE]: Incorrect key world_generation.tin.large.maxVeinSize was corrected from null to its default, 9. 
[01May2025 18:53:07.486] [Server thread/WARN] [net.minecraftforge.common.ForgeConfigSpec/CORE]: Incorrect key world_generation.tin.large.discardChanceOnAirExposure was corrected from null to its default, 0.0. 
[01May2025 18:53:07.486] [Server thread/WARN] [net.minecraftforge.common.ForgeConfigSpec/CORE]: Incorrect key world_generation.tin.large.shape was corrected from null to its default, TRAPEZOID. 
[01May2025 18:53:07.487] [Server thread/WARN] [net.minecraftforge.common.ForgeConfigSpec/CORE]: Incorrect key world_generation.tin.large.minInclusive was corrected from null to its default, SimpleCommentedConfig:{}. 
[01May2025 18:53:07.487] [Server thread/WARN] [net.minecraftforge.common.ForgeConfigSpec/CORE]: Incorrect key world_generation.tin.large.minInclusive.type was corrected from null to its default, ABSOLUTE. 
[01May2025 18:53:07.487] [Server thread/WARN] [net.minecraftforge.common.ForgeConfigSpec/CORE]: Incorrect key world_generation.tin.large.minInclusive.value was corrected from null to its default, -32. 
[01May2025 18:53:07.487] [Server thread/WARN] [net.minecraftforge.common.ForgeConfigSpec/CORE]: Incorrect key world_generation.tin.large.maxInclusive was corrected from null to its default, SimpleCommentedConfig:{}. 
[01May2025 18:53:07.487] [Server thread/WARN] [net.minecraftforge.common.ForgeConfigSpec/CORE]: Incorrect key world_generation.tin.large.maxInclusive.type was corrected from null to its default, ABSOLUTE. 
[01May2025 18:53:07.487] [Server thread/WARN] [net.minecraftforge.common.ForgeConfigSpec/CORE]: Incorrect key world_generation.tin.large.maxInclusive.value was corrected from null to its default, 72. 
[01May2025 18:53:07.487] [Server thread/WARN] [net.minecraftforge.common.ForgeConfigSpec/CORE]: Incorrect key world_generation.tin.large.plateau was corrected from null to its default, 0. 
[01May2025 18:53:07.487] [Server thread/WARN] [net.minecraftforge.common.ForgeConfigSpec/CORE]: Incorrect key world_generation.osmium was corrected from null to its default, SimpleCommentedConfig:{}. 
[01May2025 18:53:07.488] [Server thread/WARN] [net.minecraftforge.common.ForgeConfigSpec/CORE]: Incorrect key world_generation.osmium.shouldGenerate was corrected from null to its default, true. 
[01May2025 18:53:07.488] [Server thread/WARN] [net.minecraftforge.common.ForgeConfigSpec/CORE]: Incorrect key world_generation.osmium.upper was corrected from null to its default, SimpleCommentedConfig:{}. 
[01May2025 18:53:07.488] [Server thread/WARN] [net.minecraftforge.common.ForgeConfigSpec/CORE]: Incorrect key world_generation.osmium.upper.shouldGenerate was corrected from null to its default, true. 
[01May2025 18:53:07.488] [Server thread/WARN] [net.minecraftforge.common.ForgeConfigSpec/CORE]: Incorrect key world_generation.osmium.upper.perChunk was corrected from null to its default, 65. 
[01May2025 18:53:07.488] [Server thread/WARN] [net.minecraftforge.common.ForgeConfigSpec/CORE]: Incorrect key world_generation.osmium.upper.maxVeinSize was corrected from null to its default, 7. 
[01May2025 18:53:07.488] [Server thread/WARN] [net.minecraftforge.common.ForgeConfigSpec/CORE]: Incorrect key world_generation.osmium.upper.discardChanceOnAirExposure was corrected from null to its default, 0.0. 
[01May2025 18:53:07.488] [Server thread/WARN] [net.minecraftforge.common.ForgeConfigSpec/CORE]: Incorrect key world_generation.osmium.upper.shape was corrected from null to its default, TRAPEZOID. 
[01May2025 18:53:07.488] [Server thread/WARN] [net.minecraftforge.common.ForgeConfigSpec/CORE]: Incorrect key world_generation.osmium.upper.minInclusive was corrected from null to its default, SimpleCommentedConfig:{}. 
[01May2025 18:53:07.488] [Server thread/WARN] [net.minecraftforge.common.ForgeConfigSpec/CORE]: Incorrect key world_generation.osmium.upper.minInclusive.type was corrected from null to its default, ABSOLUTE. 
[01May2025 18:53:07.489] [Server thread/WARN] [net.minecraftforge.common.ForgeConfigSpec/CORE]: Incorrect key world_generation.osmium.upper.minInclusive.value was corrected from null to its default, 72. 
[01May2025 18:53:07.489] [Server thread/WARN] [net.minecraftforge.common.ForgeConfigSpec/CORE]: Incorrect key world_generation.osmium.upper.maxInclusive was corrected from null to its default, SimpleCommentedConfig:{}. 
[01May2025 18:53:07.489] [Server thread/WARN] [net.minecraftforge.common.ForgeConfigSpec/CORE]: Incorrect key world_generation.osmium.upper.maxInclusive.type was corrected from null to its default, BELOW_TOP. 
[01May2025 18:53:07.489] [Server thread/WARN] [net.minecraftforge.common.ForgeConfigSpec/CORE]: Incorrect key world_generation.osmium.upper.maxInclusive.value was corrected from null to its default, -24. 
[01May2025 18:53:07.489] [Server thread/WARN] [net.minecraftforge.common.ForgeConfigSpec/CORE]: Incorrect key world_generation.osmium.upper.plateau was corrected from null to its default, 8. 
[01May2025 18:53:07.489] [Server thread/WARN] [net.minecraftforge.common.ForgeConfigSpec/CORE]: Incorrect key world_generation.osmium.middle was corrected from null to its default, SimpleCommentedConfig:{}. 
[01May2025 18:53:07.489] [Server thread/WARN] [net.minecraftforge.common.ForgeConfigSpec/CORE]: Incorrect key world_generation.osmium.middle.shouldGenerate was corrected from null to its default, true. 
[01May2025 18:53:07.489] [Server thread/WARN] [net.minecraftforge.common.ForgeConfigSpec/CORE]: Incorrect key world_generation.osmium.middle.perChunk was corrected from null to its default, 6. 
[01May2025 18:53:07.490] [Server thread/WARN] [net.minecraftforge.common.ForgeConfigSpec/CORE]: Incorrect key world_generation.osmium.middle.maxVeinSize was corrected from null to its default, 9. 
[01May2025 18:53:07.490] [Server thread/WARN] [net.minecraftforge.common.ForgeConfigSpec/CORE]: Incorrect key world_generation.osmium.middle.discardChanceOnAirExposure was corrected from null to its default, 0.0. 
[01May2025 18:53:07.490] [Server thread/WARN] [net.minecraftforge.common.ForgeConfigSpec/CORE]: Incorrect key world_generation.osmium.middle.shape was corrected from null to its default, TRAPEZOID. 
[01May2025 18:53:07.490] [Server thread/WARN] [net.minecraftforge.common.ForgeConfigSpec/CORE]: Incorrect key world_generation.osmium.middle.minInclusive was corrected from null to its default, SimpleCommentedConfig:{}. 
[01May2025 18:53:07.490] [Server thread/WARN] [net.minecraftforge.common.ForgeConfigSpec/CORE]: Incorrect key world_generation.osmium.middle.minInclusive.type was corrected from null to its default, ABSOLUTE. 
[01May2025 18:53:07.490] [Server thread/WARN] [net.minecraftforge.common.ForgeConfigSpec/CORE]: Incorrect key world_generation.osmium.middle.minInclusive.value was corrected from null to its default, -32. 
[01May2025 18:53:07.490] [Server thread/WARN] [net.minecraftforge.common.ForgeConfigSpec/CORE]: Incorrect key world_generation.osmium.middle.maxInclusive was corrected from null to its default, SimpleCommentedConfig:{}. 
[01May2025 18:53:07.490] [Server thread/WARN] [net.minecraftforge.common.ForgeConfigSpec/CORE]: Incorrect key world_generation.osmium.middle.maxInclusive.type was corrected from null to its default, ABSOLUTE. 
[01May2025 18:53:07.491] [Server thread/WARN] [net.minecraftforge.common.ForgeConfigSpec/CORE]: Incorrect key world_generation.osmium.middle.maxInclusive.value was corrected from null to its default, 56. 
[01May2025 18:53:07.491] [Server thread/WARN] [net.minecraftforge.common.ForgeConfigSpec/CORE]: Incorrect key world_generation.osmium.middle.plateau was corrected from null to its default, 0. 
[01May2025 18:53:07.491] [Server thread/WARN] [net.minecraftforge.common.ForgeConfigSpec/CORE]: Incorrect key world_generation.osmium.small was corrected from null to its default, SimpleCommentedConfig:{}. 
[01May2025 18:53:07.491] [Server thread/WARN] [net.minecraftforge.common.ForgeConfigSpec/CORE]: Incorrect key world_generation.osmium.small.shouldGenerate was corrected from null to its default, true. 
[01May2025 18:53:07.491] [Server thread/WARN] [net.minecraftforge.common.ForgeConfigSpec/CORE]: Incorrect key world_generation.osmium.small.perChunk was corrected from null to its default, 8. 
[01May2025 18:53:07.491] [Server thread/WARN] [net.minecraftforge.common.ForgeConfigSpec/CORE]: Incorrect key world_generation.osmium.small.maxVeinSize was corrected from null to its default, 4. 
[01May2025 18:53:07.491] [Server thread/WARN] [net.minecraftforge.common.ForgeConfigSpec/CORE]: Incorrect key world_generation.osmium.small.discardChanceOnAirExposure was corrected from null to its default, 0.0. 
[01May2025 18:53:07.491] [Server thread/WARN] [net.minecraftforge.common.ForgeConfigSpec/CORE]: Incorrect key world_generation.osmium.small.shape was corrected from null to its default, UNIFORM. 
[01May2025 18:53:07.492] [Server thread/WARN] [net.minecraftforge.common.ForgeConfigSpec/CORE]: Incorrect key world_generation.osmium.small.minInclusive was corrected from null to its default, SimpleCommentedConfig:{}. 
[01May2025 18:53:07.492] [Server thread/WARN] [net.minecraftforge.common.ForgeConfigSpec/CORE]: Incorrect key world_generation.osmium.small.minInclusive.type was corrected from null to its default, ABOVE_BOTTOM. 
[01May2025 18:53:07.492] [Server thread/WARN] [net.minecraftforge.common.ForgeConfigSpec/CORE]: Incorrect key world_generation.osmium.small.minInclusive.value was corrected from null to its default, 0. 
[01May2025 18:53:07.492] [Server thread/WARN] [net.minecraftforge.common.ForgeConfigSpec/CORE]: Incorrect key world_generation.osmium.small.maxInclusive was corrected from null to its default, SimpleCommentedConfig:{}. 
[01May2025 18:53:07.493] [Server thread/WARN] [net.minecraftforge.common.ForgeConfigSpec/CORE]: Incorrect key world_generation.osmium.small.maxInclusive.type was corrected from null to its default, ABSOLUTE. 
[01May2025 18:53:07.493] [Server thread/WARN] [net.minecraftforge.common.ForgeConfigSpec/CORE]: Incorrect key world_generation.osmium.small.maxInclusive.value was corrected from null to its default, 64. 
[01May2025 18:53:07.493] [Server thread/WARN] [net.minecraftforge.common.ForgeConfigSpec/CORE]: Incorrect key world_generation.osmium.small.plateau was corrected from null to its default, 0. 
[01May2025 18:53:07.493] [Server thread/WARN] [net.minecraftforge.common.ForgeConfigSpec/CORE]: Incorrect key world_generation.uranium was corrected from null to its default, SimpleCommentedConfig:{}. 
[01May2025 18:53:07.493] [Server thread/WARN] [net.minecraftforge.common.ForgeConfigSpec/CORE]: Incorrect key world_generation.uranium.shouldGenerate was corrected from null to its default, true. 
[01May2025 18:53:07.493] [Server thread/WARN] [net.minecraftforge.common.ForgeConfigSpec/CORE]: Incorrect key world_generation.uranium.small was corrected from null to its default, SimpleCommentedConfig:{}. 
[01May2025 18:53:07.493] [Server thread/WARN] [net.minecraftforge.common.ForgeConfigSpec/CORE]: Incorrect key world_generation.uranium.small.shouldGenerate was corrected from null to its default, true. 
[01May2025 18:53:07.493] [Server thread/WARN] [net.minecraftforge.common.ForgeConfigSpec/CORE]: Incorrect key world_generation.uranium.small.perChunk was corrected from null to its default, 4. 
[01May2025 18:53:07.493] [Server thread/WARN] [net.minecraftforge.common.ForgeConfigSpec/CORE]: Incorrect key world_generation.uranium.small.maxVeinSize was corrected from null to its default, 4. 
[01May2025 18:53:07.493] [Server thread/WARN] [net.minecraftforge.common.ForgeConfigSpec/CORE]: Incorrect key world_generation.uranium.small.discardChanceOnAirExposure was corrected from null to its default, 0.0. 
[01May2025 18:53:07.494] [Server thread/WARN] [net.minecraftforge.common.ForgeConfigSpec/CORE]: Incorrect key world_generation.uranium.small.shape was corrected from null to its default, TRAPEZOID. 
[01May2025 18:53:07.494] [Server thread/WARN] [net.minecraftforge.common.ForgeConfigSpec/CORE]: Incorrect key world_generation.uranium.small.minInclusive was corrected from null to its default, SimpleCommentedConfig:{}. 
[01May2025 18:53:07.494] [Server thread/WARN] [net.minecraftforge.common.ForgeConfigSpec/CORE]: Incorrect key world_generation.uranium.small.minInclusive.type was corrected from null to its default, ABOVE_BOTTOM. 
[01May2025 18:53:07.494] [Server thread/WARN] [net.minecraftforge.common.ForgeConfigSpec/CORE]: Incorrect key world_generation.uranium.small.minInclusive.value was corrected from null to its default, 0. 
[01May2025 18:53:07.494] [Server thread/WARN] [net.minecraftforge.common.ForgeConfigSpec/CORE]: Incorrect key world_generation.uranium.small.maxInclusive was corrected from null to its default, SimpleCommentedConfig:{}. 
[01May2025 18:53:07.494] [Server thread/WARN] [net.minecraftforge.common.ForgeConfigSpec/CORE]: Incorrect key world_generation.uranium.small.maxInclusive.type was corrected from null to its default, ABSOLUTE. 
[01May2025 18:53:07.494] [Server thread/WARN] [net.minecraftforge.common.ForgeConfigSpec/CORE]: Incorrect key world_generation.uranium.small.maxInclusive.value was corrected from null to its default, 8. 
[01May2025 18:53:07.494] [Server thread/WARN] [net.minecraftforge.common.ForgeConfigSpec/CORE]: Incorrect key world_generation.uranium.small.plateau was corrected from null to its default, 0. 
[01May2025 18:53:07.494] [Server thread/WARN] [net.minecraftforge.common.ForgeConfigSpec/CORE]: Incorrect key world_generation.uranium.buried was corrected from null to its default, SimpleCommentedConfig:{}. 
[01May2025 18:53:07.494] [Server thread/WARN] [net.minecraftforge.common.ForgeConfigSpec/CORE]: Incorrect key world_generation.uranium.buried.shouldGenerate was corrected from null to its default, true. 
[01May2025 18:53:07.495] [Server thread/WARN] [net.minecraftforge.common.ForgeConfigSpec/CORE]: Incorrect key world_generation.uranium.buried.perChunk was corrected from null to its default, 7. 
[01May2025 18:53:07.495] [Server thread/WARN] [net.minecraftforge.common.ForgeConfigSpec/CORE]: Incorrect key world_generation.uranium.buried.maxVeinSize was corrected from null to its default, 9. 
[01May2025 18:53:07.495] [Server thread/WARN] [net.minecraftforge.common.ForgeConfigSpec/CORE]: Incorrect key world_generation.uranium.buried.discardChanceOnAirExposure was corrected from null to its default, 0.75. 
[01May2025 18:53:07.495] [Server thread/WARN] [net.minecraftforge.common.ForgeConfigSpec/CORE]: Incorrect key world_generation.uranium.buried.shape was corrected from null to its default, TRAPEZOID. 
[01May2025 18:53:07.495] [Server thread/WARN] [net.minecraftforge.common.ForgeConfigSpec/CORE]: Incorrect key world_generation.uranium.buried.minInclusive was corrected from null to its default, SimpleCommentedConfig:{}. 
[01May2025 18:53:07.495] [Server thread/WARN] [net.minecraftforge.common.ForgeConfigSpec/CORE]: Incorrect key world_generation.uranium.buried.minInclusive.type was corrected from null to its default, ABOVE_BOTTOM. 
[01May2025 18:53:07.495] [Server thread/WARN] [net.minecraftforge.common.ForgeConfigSpec/CORE]: Incorrect key world_generation.uranium.buried.minInclusive.value was corrected from null to its default, -24. 
[01May2025 18:53:07.495] [Server thread/WARN] [net.minecraftforge.common.ForgeConfigSpec/CORE]: Incorrect key world_generation.uranium.buried.maxInclusive was corrected from null to its default, SimpleCommentedConfig:{}. 
[01May2025 18:53:07.495] [Server thread/WARN] [net.minecraftforge.common.ForgeConfigSpec/CORE]: Incorrect key world_generation.uranium.buried.maxInclusive.type was corrected from null to its default, ABOVE_BOTTOM. 
[01May2025 18:53:07.495] [Server thread/WARN] [net.minecraftforge.common.ForgeConfigSpec/CORE]: Incorrect key world_generation.uranium.buried.maxInclusive.value was corrected from null to its default, 56. 
[01May2025 18:53:07.496] [Server thread/WARN] [net.minecraftforge.common.ForgeConfigSpec/CORE]: Incorrect key world_generation.uranium.buried.plateau was corrected from null to its default, 16. 
[01May2025 18:53:07.496] [Server thread/WARN] [net.minecraftforge.common.ForgeConfigSpec/CORE]: Incorrect key world_generation.fluorite was corrected from null to its default, SimpleCommentedConfig:{}. 
[01May2025 18:53:07.496] [Server thread/WARN] [net.minecraftforge.common.ForgeConfigSpec/CORE]: Incorrect key world_generation.fluorite.shouldGenerate was corrected from null to its default, true. 
[01May2025 18:53:07.496] [Server thread/WARN] [net.minecraftforge.common.ForgeConfigSpec/CORE]: Incorrect key world_generation.fluorite.normal was corrected from null to its default, SimpleCommentedConfig:{}. 
[01May2025 18:53:07.496] [Server thread/WARN] [net.minecraftforge.common.ForgeConfigSpec/CORE]: Incorrect key world_generation.fluorite.normal.shouldGenerate was corrected from null to its default, true. 
[01May2025 18:53:07.496] [Server thread/WARN] [net.minecraftforge.common.ForgeConfigSpec/CORE]: Incorrect key world_generation.fluorite.normal.perChunk was corrected from null to its default, 5. 
[01May2025 18:53:07.496] [Server thread/WARN] [net.minecraftforge.common.ForgeConfigSpec/CORE]: Incorrect key world_generation.fluorite.normal.maxVeinSize was corrected from null to its default, 5. 
[01May2025 18:53:07.496] [Server thread/WARN] [net.minecraftforge.common.ForgeConfigSpec/CORE]: Incorrect key world_generation.fluorite.normal.discardChanceOnAirExposure was corrected from null to its default, 0.0. 
[01May2025 18:53:07.496] [Server thread/WARN] [net.minecraftforge.common.ForgeConfigSpec/CORE]: Incorrect key world_generation.fluorite.normal.shape was corrected from null to its default, UNIFORM. 
[01May2025 18:53:07.497] [Server thread/WARN] [net.minecraftforge.common.ForgeConfigSpec/CORE]: Incorrect key world_generation.fluorite.normal.minInclusive was corrected from null to its default, SimpleCommentedConfig:{}. 
[01May2025 18:53:07.497] [Server thread/WARN] [net.minecraftforge.common.ForgeConfigSpec/CORE]: Incorrect key world_generation.fluorite.normal.minInclusive.type was corrected from null to its default, ABOVE_BOTTOM. 
[01May2025 18:53:07.497] [Server thread/WARN] [net.minecraftforge.common.ForgeConfigSpec/CORE]: Incorrect key world_generation.fluorite.normal.minInclusive.value was corrected from null to its default, 0. 
[01May2025 18:53:07.497] [Server thread/WARN] [net.minecraftforge.common.ForgeConfigSpec/CORE]: Incorrect key world_generation.fluorite.normal.maxInclusive was corrected from null to its default, SimpleCommentedConfig:{}. 
[01May2025 18:53:07.497] [Server thread/WARN] [net.minecraftforge.common.ForgeConfigSpec/CORE]: Incorrect key world_generation.fluorite.normal.maxInclusive.type was corrected from null to its default, ABSOLUTE. 
[01May2025 18:53:07.497] [Server thread/WARN] [net.minecraftforge.common.ForgeConfigSpec/CORE]: Incorrect key world_generation.fluorite.normal.maxInclusive.value was corrected from null to its default, 23. 
[01May2025 18:53:07.497] [Server thread/WARN] [net.minecraftforge.common.ForgeConfigSpec/CORE]: Incorrect key world_generation.fluorite.normal.plateau was corrected from null to its default, 0. 
[01May2025 18:53:07.497] [Server thread/WARN] [net.minecraftforge.common.ForgeConfigSpec/CORE]: Incorrect key world_generation.fluorite.buried was corrected from null to its default, SimpleCommentedConfig:{}. 
[01May2025 18:53:07.498] [Server thread/WARN] [net.minecraftforge.common.ForgeConfigSpec/CORE]: Incorrect key world_generation.fluorite.buried.shouldGenerate was corrected from null to its default, true. 
[01May2025 18:53:07.498] [Server thread/WARN] [net.minecraftforge.common.ForgeConfigSpec/CORE]: Incorrect key world_generation.fluorite.buried.perChunk was corrected from null to its default, 3. 
[01May2025 18:53:07.498] [Server thread/WARN] [net.minecraftforge.common.ForgeConfigSpec/CORE]: Incorrect key world_generation.fluorite.buried.maxVeinSize was corrected from null to its default, 13. 
[01May2025 18:53:07.498] [Server thread/WARN] [net.minecraftforge.common.ForgeConfigSpec/CORE]: Incorrect key world_generation.fluorite.buried.discardChanceOnAirExposure was corrected from null to its default, 1.0. 
[01May2025 18:53:07.498] [Server thread/WARN] [net.minecraftforge.common.ForgeConfigSpec/CORE]: Incorrect key world_generation.fluorite.buried.shape was corrected from null to its default, TRAPEZOID. 
[01May2025 18:53:07.498] [Server thread/WARN] [net.minecraftforge.common.ForgeConfigSpec/CORE]: Incorrect key world_generation.fluorite.buried.minInclusive was corrected from null to its default, SimpleCommentedConfig:{}. 
[01May2025 18:53:07.498] [Server thread/WARN] [net.minecraftforge.common.ForgeConfigSpec/CORE]: Incorrect key world_generation.fluorite.buried.minInclusive.type was corrected from null to its default, ABOVE_BOTTOM. 
[01May2025 18:53:07.498] [Server thread/WARN] [net.minecraftforge.common.ForgeConfigSpec/CORE]: Incorrect key world_generation.fluorite.buried.minInclusive.value was corrected from null to its default, 0. 
[01May2025 18:53:07.498] [Server thread/WARN] [net.minecraftforge.common.ForgeConfigSpec/CORE]: Incorrect key world_generation.fluorite.buried.maxInclusive was corrected from null to its default, SimpleCommentedConfig:{}. 
[01May2025 18:53:07.499] [Server thread/WARN] [net.minecraftforge.common.ForgeConfigSpec/CORE]: Incorrect key world_generation.fluorite.buried.maxInclusive.type was corrected from null to its default, ABSOLUTE. 
[01May2025 18:53:07.499] [Server thread/WARN] [net.minecraftforge.common.ForgeConfigSpec/CORE]: Incorrect key world_generation.fluorite.buried.maxInclusive.value was corrected from null to its default, 4. 
[01May2025 18:53:07.499] [Server thread/WARN] [net.minecraftforge.common.ForgeConfigSpec/CORE]: Incorrect key world_generation.fluorite.buried.plateau was corrected from null to its default, 0. 
[01May2025 18:53:07.499] [Server thread/WARN] [net.minecraftforge.common.ForgeConfigSpec/CORE]: Incorrect key world_generation.lead was corrected from null to its default, SimpleCommentedConfig:{}. 
[01May2025 18:53:07.499] [Server thread/WARN] [net.minecraftforge.common.ForgeConfigSpec/CORE]: Incorrect key world_generation.lead.shouldGenerate was corrected from null to its default, true. 
[01May2025 18:53:07.499] [Server thread/WARN] [net.minecraftforge.common.ForgeConfigSpec/CORE]: Incorrect key world_generation.lead.normal was corrected from null to its default, SimpleCommentedConfig:{}. 
[01May2025 18:53:07.499] [Server thread/WARN] [net.minecraftforge.common.ForgeConfigSpec/CORE]: Incorrect key world_generation.lead.normal.shouldGenerate was corrected from null to its default, true. 
[01May2025 18:53:07.499] [Server thread/WARN] [net.minecraftforge.common.ForgeConfigSpec/CORE]: Incorrect key world_generation.lead.normal.perChunk was corrected from null to its default, 8. 
[01May2025 18:53:07.499] [Server thread/WARN] [net.minecraftforge.common.ForgeConfigSpec/CORE]: Incorrect key world_generation.lead.normal.maxVeinSize was corrected from null to its default, 9. 
[01May2025 18:53:07.500] [Server thread/WARN] [net.minecraftforge.common.ForgeConfigSpec/CORE]: Incorrect key world_generation.lead.normal.discardChanceOnAirExposure was corrected from null to its default, 0.25. 
[01May2025 18:53:07.500] [Server thread/WARN] [net.minecraftforge.common.ForgeConfigSpec/CORE]: Incorrect key world_generation.lead.normal.shape was corrected from null to its default, TRAPEZOID. 
[01May2025 18:53:07.503] [Server thread/WARN] [net.minecraftforge.common.ForgeConfigSpec/CORE]: Incorrect key world_generation.lead.normal.minInclusive was corrected from null to its default, SimpleCommentedConfig:{}. 
[01May2025 18:53:07.503] [Server thread/WARN] [net.minecraftforge.common.ForgeConfigSpec/CORE]: Incorrect key world_generation.lead.normal.minInclusive.type was corrected from null to its default, ABOVE_BOTTOM. 
[01May2025 18:53:07.503] [Server thread/WARN] [net.minecraftforge.common.ForgeConfigSpec/CORE]: Incorrect key world_generation.lead.normal.minInclusive.value was corrected from null to its default, -24. 
[01May2025 18:53:07.503] [Server thread/WARN] [net.minecraftforge.common.ForgeConfigSpec/CORE]: Incorrect key world_generation.lead.normal.maxInclusive was corrected from null to its default, SimpleCommentedConfig:{}. 
[01May2025 18:53:07.503] [Server thread/WARN] [net.minecraftforge.common.ForgeConfigSpec/CORE]: Incorrect key world_generation.lead.normal.maxInclusive.type was corrected from null to its default, ABSOLUTE. 
[01May2025 18:53:07.503] [Server thread/WARN] [net.minecraftforge.common.ForgeConfigSpec/CORE]: Incorrect key world_generation.lead.normal.maxInclusive.value was corrected from null to its default, 64. 
[01May2025 18:53:07.504] [Server thread/WARN] [net.minecraftforge.common.ForgeConfigSpec/CORE]: Incorrect key world_generation.lead.normal.plateau was corrected from null to its default, 0. 
[01May2025 18:53:07.504] [Server thread/WARN] [net.minecraftforge.common.ForgeConfigSpec/CORE]: Incorrect key world_generation.salt was corrected from null to its default, SimpleCommentedConfig:{}. 
[01May2025 18:53:07.504] [Server thread/WARN] [net.minecraftforge.common.ForgeConfigSpec/CORE]: Incorrect key world_generation.salt.shouldGenerate was corrected from null to its default, true. 
[01May2025 18:53:07.504] [Server thread/WARN] [net.minecraftforge.common.ForgeConfigSpec/CORE]: Incorrect key world_generation.salt.perChunk was corrected from null to its default, 2. 
[01May2025 18:53:07.504] [Server thread/WARN] [net.minecraftforge.common.ForgeConfigSpec/CORE]: Incorrect key world_generation.salt.minRadius was corrected from null to its default, 2. 
[01May2025 18:53:07.504] [Server thread/WARN] [net.minecraftforge.common.ForgeConfigSpec/CORE]: Incorrect key world_generation.salt.maxRadius was corrected from null to its default, 3. 
[01May2025 18:53:07.504] [Server thread/WARN] [net.minecraftforge.common.ForgeConfigSpec/CORE]: Incorrect key world_generation.salt.halfHeight was corrected from null to its default, 1. 
[01May2025 18:53:07.507] [Server thread/WARN] [net.minecraftforge.common.ForgeConfigSpec/CORE]: Configuration file /workspaces/Gamers/servidor_minecraft/config/Mekanism/generators.toml is not correct. Correcting
[01May2025 18:53:07.507] [Server thread/WARN] [net.minecraftforge.common.ForgeConfigSpec/CORE]: Incorrect key generators was corrected from null to its default, SimpleCommentedConfig:{}. 
[01May2025 18:53:07.507] [Server thread/WARN] [net.minecraftforge.common.ForgeConfigSpec/CORE]: Incorrect key generators.energyPerFusionFuel was corrected from null to its default, 10000000. 
[01May2025 18:53:07.511] [Server thread/WARN] [net.minecraftforge.common.ForgeConfigSpec/CORE]: Incorrect key generators.solarGeneration was corrected from null to its default, 50. 
[01May2025 18:53:07.511] [Server thread/WARN] [net.minecraftforge.common.ForgeConfigSpec/CORE]: Incorrect key generators.advancedSolarGeneration was corrected from null to its default, 300. 
[01May2025 18:53:07.511] [Server thread/WARN] [net.minecraftforge.common.ForgeConfigSpec/CORE]: Incorrect key generators.bio_generator was corrected from null to its default, SimpleCommentedConfig:{}. 
[01May2025 18:53:07.511] [Server thread/WARN] [net.minecraftforge.common.ForgeConfigSpec/CORE]: Incorrect key generators.bio_generator.bioGeneration was corrected from null to its default, 350. 
[01May2025 18:53:07.511] [Server thread/WARN] [net.minecraftforge.common.ForgeConfigSpec/CORE]: Incorrect key generators.bio_generator.tankCapacity was corrected from null to its default, 24000. 
[01May2025 18:53:07.511] [Server thread/WARN] [net.minecraftforge.common.ForgeConfigSpec/CORE]: Incorrect key generators.heat_generator was corrected from null to its default, SimpleCommentedConfig:{}. 
[01May2025 18:53:07.511] [Server thread/WARN] [net.minecraftforge.common.ForgeConfigSpec/CORE]: Incorrect key generators.heat_generator.heatGeneration was corrected from null to its default, 200. 
[01May2025 18:53:07.511] [Server thread/WARN] [net.minecraftforge.common.ForgeConfigSpec/CORE]: Incorrect key generators.heat_generator.heatGenerationLava was corrected from null to its default, 30. 
[01May2025 18:53:07.512] [Server thread/WARN] [net.minecraftforge.common.ForgeConfigSpec/CORE]: Incorrect key generators.heat_generator.heatGenerationNether was corrected from null to its default, 100. 
[01May2025 18:53:07.512] [Server thread/WARN] [net.minecraftforge.common.ForgeConfigSpec/CORE]: Incorrect key generators.heat_generator.tankCapacity was corrected from null to its default, 24000. 
[01May2025 18:53:07.512] [Server thread/WARN] [net.minecraftforge.common.ForgeConfigSpec/CORE]: Incorrect key generators.heat_generator.heatGenerationFluidRate was corrected from null to its default, 10. 
[01May2025 18:53:07.512] [Server thread/WARN] [net.minecraftforge.common.ForgeConfigSpec/CORE]: Incorrect key generators.gas_generator was corrected from null to its default, SimpleCommentedConfig:{}. 
[01May2025 18:53:07.512] [Server thread/WARN] [net.minecraftforge.common.ForgeConfigSpec/CORE]: Incorrect key generators.gas_generator.tankCapacity was corrected from null to its default, 18000. 
[01May2025 18:53:07.512] [Server thread/WARN] [net.minecraftforge.common.ForgeConfigSpec/CORE]: Incorrect key generators.gas_generator.ethyleneBurnTicks was corrected from null to its default, 40. 
[01May2025 18:53:07.512] [Server thread/WARN] [net.minecraftforge.common.ForgeConfigSpec/CORE]: Incorrect key generators.gas_generator.ethyleneDensityMultiplier was corrected from null to its default, 40. 
[01May2025 18:53:07.512] [Server thread/WARN] [net.minecraftforge.common.ForgeConfigSpec/CORE]: Incorrect key generators.turbine was corrected from null to its default, SimpleCommentedConfig:{}. 
[01May2025 18:53:07.512] [Server thread/WARN] [net.minecraftforge.common.ForgeConfigSpec/CORE]: Incorrect key generators.turbine.turbineBladesPerCoil was corrected from null to its default, 4. 
[01May2025 18:53:07.512] [Server thread/WARN] [net.minecraftforge.common.ForgeConfigSpec/CORE]: Incorrect key generators.turbine.turbineVentGasFlow was corrected from null to its default, 32000.0. 
[01May2025 18:53:07.512] [Server thread/WARN] [net.minecraftforge.common.ForgeConfigSpec/CORE]: Incorrect key generators.turbine.turbineDisperserGasFlow was corrected from null to its default, 1280.0. 
[01May2025 18:53:07.513] [Server thread/WARN] [net.minecraftforge.common.ForgeConfigSpec/CORE]: Incorrect key generators.turbine.energyCapacityPerVolume was corrected from null to its default, 16000000. 
[01May2025 18:53:07.513] [Server thread/WARN] [net.minecraftforge.common.ForgeConfigSpec/CORE]: Incorrect key generators.turbine.gasPerTank was corrected from null to its default, 64000. 
[01May2025 18:53:07.513] [Server thread/WARN] [net.minecraftforge.common.ForgeConfigSpec/CORE]: Incorrect key generators.turbine.condenserRate was corrected from null to its default, 64000. 
[01May2025 18:53:07.513] [Server thread/WARN] [net.minecraftforge.common.ForgeConfigSpec/CORE]: Incorrect key generators.wind_generator was corrected from null to its default, SimpleCommentedConfig:{}. 
[01May2025 18:53:07.513] [Server thread/WARN] [net.minecraftforge.common.ForgeConfigSpec/CORE]: Incorrect key generators.wind_generator.windGenerationMin was corrected from null to its default, 60. 
[01May2025 18:53:07.513] [Server thread/WARN] [net.minecraftforge.common.ForgeConfigSpec/CORE]: Incorrect key generators.wind_generator.generationMax was corrected from null to its default, 480. 
[01May2025 18:53:07.513] [Server thread/WARN] [net.minecraftforge.common.ForgeConfigSpec/CORE]: Incorrect key generators.wind_generator.minY was corrected from null to its default, 24. 
[01May2025 18:53:07.513] [Server thread/WARN] [net.minecraftforge.common.ForgeConfigSpec/CORE]: Incorrect key generators.wind_generator.maxY was corrected from null to its default, 2031. 
[01May2025 18:53:07.513] [Server thread/WARN] [net.minecraftforge.common.ForgeConfigSpec/CORE]: Incorrect key generators.wind_generator.windGenerationDimBlacklist was corrected from null to its default, []. 
[01May2025 18:53:07.513] [Server thread/WARN] [net.minecraftforge.common.ForgeConfigSpec/CORE]: Incorrect key generators.fusion_reactor was corrected from null to its default, SimpleCommentedConfig:{}. 
[01May2025 18:53:07.514] [Server thread/WARN] [net.minecraftforge.common.ForgeConfigSpec/CORE]: Incorrect key generators.fusion_reactor.thermocoupleEfficiency was corrected from null to its default, 0.05. 
[01May2025 18:53:07.514] [Server thread/WARN] [net.minecraftforge.common.ForgeConfigSpec/CORE]: Incorrect key generators.fusion_reactor.casingThermalConductivity was corrected from null to its default, 0.1. 
[01May2025 18:53:07.514] [Server thread/WARN] [net.minecraftforge.common.ForgeConfigSpec/CORE]: Incorrect key generators.fusion_reactor.waterHeatingRatio was corrected from null to its default, 0.3. 
[01May2025 18:53:07.514] [Server thread/WARN] [net.minecraftforge.common.ForgeConfigSpec/CORE]: Incorrect key generators.fusion_reactor.fuelCapacity was corrected from null to its default, 1000. 
[01May2025 18:53:07.514] [Server thread/WARN] [net.minecraftforge.common.ForgeConfigSpec/CORE]: Incorrect key generators.fusion_reactor.energyCapacity was corrected from null to its default, 1000000000. 
[01May2025 18:53:07.514] [Server thread/WARN] [net.minecraftforge.common.ForgeConfigSpec/CORE]: Incorrect key generators.fusion_reactor.waterPerInjection was corrected from null to its default, 1000000. 
[01May2025 18:53:07.514] [Server thread/WARN] [net.minecraftforge.common.ForgeConfigSpec/CORE]: Incorrect key generators.fusion_reactor.steamPerInjection was corrected from null to its default, 100000000. 
[01May2025 18:53:07.514] [Server thread/WARN] [net.minecraftforge.common.ForgeConfigSpec/CORE]: Incorrect key generators.hohlraum was corrected from null to its default, SimpleCommentedConfig:{}. 
[01May2025 18:53:07.514] [Server thread/WARN] [net.minecraftforge.common.ForgeConfigSpec/CORE]: Incorrect key generators.hohlraum.maxGas was corrected from null to its default, 10. 
[01May2025 18:53:07.514] [Server thread/WARN] [net.minecraftforge.common.ForgeConfigSpec/CORE]: Incorrect key generators.hohlraum.fillRate was corrected from null to its default, 1. 
[01May2025 18:53:07.515] [Server thread/WARN] [net.minecraftforge.common.ForgeConfigSpec/CORE]: Incorrect key generators.fission_reactor was corrected from null to its default, SimpleCommentedConfig:{}. 
[01May2025 18:53:07.515] [Server thread/WARN] [net.minecraftforge.common.ForgeConfigSpec/CORE]: Incorrect key generators.fission_reactor.energyPerFissionFuel was corrected from null to its default, 1000000. 
[01May2025 18:53:07.515] [Server thread/WARN] [net.minecraftforge.common.ForgeConfigSpec/CORE]: Incorrect key generators.fission_reactor.casingHeatCapacity was corrected from null to its default, 1000.0. 
[01May2025 18:53:07.515] [Server thread/WARN] [net.minecraftforge.common.ForgeConfigSpec/CORE]: Incorrect key generators.fission_reactor.surfaceAreaTarget was corrected from null to its default, 4.0. 
[01May2025 18:53:07.515] [Server thread/WARN] [net.minecraftforge.common.ForgeConfigSpec/CORE]: Incorrect key generators.fission_reactor.meltdownsEnabled was corrected from null to its default, true. 
[01May2025 18:53:07.515] [Server thread/WARN] [net.minecraftforge.common.ForgeConfigSpec/CORE]: Incorrect key generators.fission_reactor.meltdownRadius was corrected from null to its default, 8.0. 
[01May2025 18:53:07.515] [Server thread/WARN] [net.minecraftforge.common.ForgeConfigSpec/CORE]: Incorrect key generators.fission_reactor.meltdownChance was corrected from null to its default, 0.001. 
[01May2025 18:53:07.515] [Server thread/WARN] [net.minecraftforge.common.ForgeConfigSpec/CORE]: Incorrect key generators.fission_reactor.meltdownRadiationMultiplier was corrected from null to its default, 50.0. 
[01May2025 18:53:07.515] [Server thread/WARN] [net.minecraftforge.common.ForgeConfigSpec/CORE]: Incorrect key generators.fission_reactor.postMeltdownDamage was corrected from null to its default, 75.0. 
[01May2025 18:53:07.516] [Server thread/WARN] [net.minecraftforge.common.ForgeConfigSpec/CORE]: Incorrect key generators.fission_reactor.defaultBurnRate was corrected from null to its default, 0.1. 
[01May2025 18:53:07.516] [Server thread/WARN] [net.minecraftforge.common.ForgeConfigSpec/CORE]: Incorrect key generators.fission_reactor.burnPerAssembly was corrected from null to its default, 1. 
[01May2025 18:53:07.516] [Server thread/WARN] [net.minecraftforge.common.ForgeConfigSpec/CORE]: Incorrect key generators.fission_reactor.maxFuelPerAssembly was corrected from null to its default, 8000. 
[01May2025 18:53:07.516] [Server thread/WARN] [net.minecraftforge.common.ForgeConfigSpec/CORE]: Incorrect key generators.fission_reactor.cooledCoolantPerTank was corrected from null to its default, 100000. 
[01May2025 18:53:07.516] [Server thread/WARN] [net.minecraftforge.common.ForgeConfigSpec/CORE]: Incorrect key generators.fission_reactor.heatedCoolantPerTank was corrected from null to its default, 1000000. 
[01May2025 18:53:07.522] [Server thread/WARN] [net.minecraftforge.common.ForgeConfigSpec/CORE]: Configuration file /workspaces/Gamers/servidor_minecraft/config/Mekanism/generators-gear.toml is not correct. Correcting
[01May2025 18:53:07.522] [Server thread/WARN] [net.minecraftforge.common.ForgeConfigSpec/CORE]: Incorrect key generators-gear was corrected from null to its default, SimpleCommentedConfig:{}. 
[01May2025 18:53:07.523] [Server thread/WARN] [net.minecraftforge.common.ForgeConfigSpec/CORE]: Incorrect key generators-gear.mekasuit was corrected from null to its default, SimpleCommentedConfig:{}. 
[01May2025 18:53:07.523] [Server thread/WARN] [net.minecraftforge.common.ForgeConfigSpec/CORE]: Incorrect key generators-gear.mekasuit.geothermalChargingRate was corrected from null to its default, 10.5000. 
[01May2025 18:53:07.523] [Server thread/WARN] [net.minecraftforge.common.ForgeConfigSpec/CORE]: Incorrect key generators-gear.mekasuit.damage_absorption was corrected from null to its default, SimpleCommentedConfig:{}. 
[01May2025 18:53:07.523] [Server thread/WARN] [net.minecraftforge.common.ForgeConfigSpec/CORE]: Incorrect key generators-gear.mekasuit.damage_absorption.heatDamageReductionRatio was corrected from null to its default, 0.8. 
[01May2025 18:53:07.527] [Server thread/WARN] [net.minecraftforge.common.ForgeConfigSpec/CORE]: Configuration file /workspaces/Gamers/servidor_minecraft/config/Mekanism/generator-storage.toml is not correct. Correcting
[01May2025 18:53:07.527] [Server thread/WARN] [net.minecraftforge.common.ForgeConfigSpec/CORE]: Incorrect key storage was corrected from null to its default, SimpleCommentedConfig:{}. 
[01May2025 18:53:07.528] [Server thread/WARN] [net.minecraftforge.common.ForgeConfigSpec/CORE]: Incorrect key storage.heatGenerator was corrected from null to its default, 160000. 
[01May2025 18:53:07.528] [Server thread/WARN] [net.minecraftforge.common.ForgeConfigSpec/CORE]: Incorrect key storage.bioGenerator was corrected from null to its default, 160000. 
[01May2025 18:53:07.528] [Server thread/WARN] [net.minecraftforge.common.ForgeConfigSpec/CORE]: Incorrect key storage.solarGenerator was corrected from null to its default, 96000. 
[01May2025 18:53:07.528] [Server thread/WARN] [net.minecraftforge.common.ForgeConfigSpec/CORE]: Incorrect key storage.advancedSolarGenerator was corrected from null to its default, 200000. 
[01May2025 18:53:07.528] [Server thread/WARN] [net.minecraftforge.common.ForgeConfigSpec/CORE]: Incorrect key storage.windGenerator was corrected from null to its default, 200000. 
[01May2025 18:53:07.531] [Server thread/WARN] [net.minecraftforge.common.ForgeConfigSpec/CORE]: Configuration file /workspaces/Gamers/servidor_minecraft/config/MekanismExtras/extras_machine_storage.toml is not correct. Correcting
[01May2025 18:53:07.532] [Server thread/WARN] [net.minecraftforge.common.ForgeConfigSpec/CORE]: Incorrect key storage was corrected from null to its default, SimpleCommentedConfig:{}. 
[01May2025 18:53:07.532] [Server thread/WARN] [net.minecraftforge.common.ForgeConfigSpec/CORE]: Incorrect key storage.electricPump was corrected from null to its default, 400000. 
[01May2025 18:53:07.533] [Server thread/WARN] [net.minecraftforge.common.ForgeConfigSpec/CORE]: Configuration file /workspaces/Gamers/servidor_minecraft/config/MekanismExtras/mekanism_extras.toml is not correct. Correcting
[01May2025 18:53:07.533] [Server thread/WARN] [net.minecraftforge.common.ForgeConfigSpec/CORE]: Incorrect key mekanism_extras was corrected from null to its default, SimpleCommentedConfig:{}. 
[01May2025 18:53:07.533] [Server thread/WARN] [net.minecraftforge.common.ForgeConfigSpec/CORE]: Incorrect key mekanism_extras.universal cables was corrected from null to its default, SimpleCommentedConfig:{}. 
[01May2025 18:53:07.534] [Server thread/WARN] [net.minecraftforge.common.ForgeConfigSpec/CORE]: Incorrect key mekanism_extras.universal cables.absoluteUniversalCable was corrected from null to its default, 65536000. 
[01May2025 18:53:07.534] [Server thread/WARN] [net.minecraftforge.common.ForgeConfigSpec/CORE]: Incorrect key mekanism_extras.universal cables.supremeUniversalCable was corrected from null to its default, 524288000. 
[01May2025 18:53:07.534] [Server thread/WARN] [net.minecraftforge.common.ForgeConfigSpec/CORE]: Incorrect key mekanism_extras.universal cables.cosmicUniversalCable was corrected from null to its default, 4194304000. 
[01May2025 18:53:07.534] [Server thread/WARN] [net.minecraftforge.common.ForgeConfigSpec/CORE]: Incorrect key mekanism_extras.universal cables.infiniteUniversalCable was corrected from null to its default, 33554432000. 
[01May2025 18:53:07.534] [Server thread/WARN] [net.minecraftforge.common.ForgeConfigSpec/CORE]: Incorrect key mekanism_extras.mechanical pipes was corrected from null to its default, SimpleCommentedConfig:{}. 
[01May2025 18:53:07.534] [Server thread/WARN] [net.minecraftforge.common.ForgeConfigSpec/CORE]: Incorrect key mekanism_extras.mechanical pipes.absoluteMechanicalPipesCapacity was corrected from null to its default, 1024000. 
[01May2025 18:53:07.534] [Server thread/WARN] [net.minecraftforge.common.ForgeConfigSpec/CORE]: Incorrect key mekanism_extras.mechanical pipes.absoluteMechanicalPipesPullAmount was corrected from null to its default, 256000. 
[01May2025 18:53:07.534] [Server thread/WARN] [net.minecraftforge.common.ForgeConfigSpec/CORE]: Incorrect key mekanism_extras.mechanical pipes.supremeMechanicalPipesCapacity was corrected from null to its default, 8192000. 
[01May2025 18:53:07.534] [Server thread/WARN] [net.minecraftforge.common.ForgeConfigSpec/CORE]: Incorrect key mekanism_extras.mechanical pipes.supremeMechanicalPipesPullAmount was corrected from null to its default, 2048000. 
[01May2025 18:53:07.534] [Server thread/WARN] [net.minecraftforge.common.ForgeConfigSpec/CORE]: Incorrect key mekanism_extras.mechanical pipes.cosmicMechanicalPipesCapacity was corrected from null to its default, 65536000. 
[01May2025 18:53:07.535] [Server thread/WARN] [net.minecraftforge.common.ForgeConfigSpec/CORE]: Incorrect key mekanism_extras.mechanical pipes.cosmicMechanicalPipesPullAmount was corrected from null to its default, 16384000. 
[01May2025 18:53:07.535] [Server thread/WARN] [net.minecraftforge.common.ForgeConfigSpec/CORE]: Incorrect key mekanism_extras.mechanical pipes.infiniteMechanicalPipesCapacity was corrected from null to its default, 524288000. 
[01May2025 18:53:07.535] [Server thread/WARN] [net.minecraftforge.common.ForgeConfigSpec/CORE]: Incorrect key mekanism_extras.mechanical pipes.infiniteMechanicalPipesPullAmount was corrected from null to its default, 131072000. 
[01May2025 18:53:07.535] [Server thread/WARN] [net.minecraftforge.common.ForgeConfigSpec/CORE]: Incorrect key mekanism_extras.pressurized tubes was corrected from null to its default, SimpleCommentedConfig:{}. 
[01May2025 18:53:07.535] [Server thread/WARN] [net.minecraftforge.common.ForgeConfigSpec/CORE]: Incorrect key mekanism_extras.pressurized tubes.absolutePressurizedTubesCapacity was corrected from null to its default, 8192000. 
[01May2025 18:53:07.535] [Server thread/WARN] [net.minecraftforge.common.ForgeConfigSpec/CORE]: Incorrect key mekanism_extras.pressurized tubes.absolutePressurizedTubesPullAmount was corrected from null to its default, 2048000. 
[01May2025 18:53:07.535] [Server thread/WARN] [net.minecraftforge.common.ForgeConfigSpec/CORE]: Incorrect key mekanism_extras.pressurized tubes.supremePressurizedTubesCapacity was corrected from null to its default, 65536000. 
[01May2025 18:53:07.535] [Server thread/WARN] [net.minecraftforge.common.ForgeConfigSpec/CORE]: Incorrect key mekanism_extras.pressurized tubes.supremePressurizedTubesPullAmount was corrected from null to its default, 16384000. 
[01May2025 18:53:07.535] [Server thread/WARN] [net.minecraftforge.common.ForgeConfigSpec/CORE]: Incorrect key mekanism_extras.pressurized tubes.cosmicPressurizedTubesCapacity was corrected from null to its default, 524288000. 
[01May2025 18:53:07.535] [Server thread/WARN] [net.minecraftforge.common.ForgeConfigSpec/CORE]: Incorrect key mekanism_extras.pressurized tubes.cosmicPressurizedTubesPullAmount was corrected from null to its default, 131072000. 
[01May2025 18:53:07.535] [Server thread/WARN] [net.minecraftforge.common.ForgeConfigSpec/CORE]: Incorrect key mekanism_extras.pressurized tubes.infinitePressurizedTubesCapacity was corrected from null to its default, 4194304000. 
[01May2025 18:53:07.535] [Server thread/WARN] [net.minecraftforge.common.ForgeConfigSpec/CORE]: Incorrect key mekanism_extras.pressurized tubes.infinitePressurizedTubesPullAmount was corrected from null to its default, 1048576000. 
[01May2025 18:53:07.536] [Server thread/WARN] [net.minecraftforge.common.ForgeConfigSpec/CORE]: Incorrect key mekanism_extras.logistical transporters was corrected from null to its default, SimpleCommentedConfig:{}. 
[01May2025 18:53:07.536] [Server thread/WARN] [net.minecraftforge.common.ForgeConfigSpec/CORE]: Incorrect key mekanism_extras.logistical transporters.absoluteLogisticalTransporterSpeed was corrected from null to its default, 55. 
[01May2025 18:53:07.536] [Server thread/WARN] [net.minecraftforge.common.ForgeConfigSpec/CORE]: Incorrect key mekanism_extras.logistical transporters.absoluteLogisticalTransporterPullAmount was corrected from null to its default, 128. 
[01May2025 18:53:07.536] [Server thread/WARN] [net.minecraftforge.common.ForgeConfigSpec/CORE]: Incorrect key mekanism_extras.logistical transporters.supremeLogisticalTransporterSpeed was corrected from null to its default, 60. 
[01May2025 18:53:07.536] [Server thread/WARN] [net.minecraftforge.common.ForgeConfigSpec/CORE]: Incorrect key mekanism_extras.logistical transporters.supremeLogisticalTransporterPullAmount was corrected from null to its default, 256. 
[01May2025 18:53:07.536] [Server thread/WARN] [net.minecraftforge.common.ForgeConfigSpec/CORE]: Incorrect key mekanism_extras.logistical transporters.cosmicLogisticalTransporterSpeed was corrected from null to its default, 70. 
[01May2025 18:53:07.536] [Server thread/WARN] [net.minecraftforge.common.ForgeConfigSpec/CORE]: Incorrect key mekanism_extras.logistical transporters.cosmicLogisticalTransporterPullAmount was corrected from null to its default, 512. 
[01May2025 18:53:07.536] [Server thread/WARN] [net.minecraftforge.common.ForgeConfigSpec/CORE]: Incorrect key mekanism_extras.logistical transporters.infiniteLogisticalTransporterSpeed was corrected from null to its default, 100. 
[01May2025 18:53:07.536] [Server thread/WARN] [net.minecraftforge.common.ForgeConfigSpec/CORE]: Incorrect key mekanism_extras.logistical transporters.infiniteLogisticalTransporterPullAmount was corrected from null to its default, 1024. 
[01May2025 18:53:07.536] [Server thread/WARN] [net.minecraftforge.common.ForgeConfigSpec/CORE]: Incorrect key mekanism_extras.thermodynamic conductors was corrected from null to its default, SimpleCommentedConfig:{}. 
[01May2025 18:53:07.537] [Server thread/WARN] [net.minecraftforge.common.ForgeConfigSpec/CORE]: Incorrect key mekanism_extras.thermodynamic conductors.absoluteThermodynamicConductorConduction was corrected from null to its default, 10. 
[01May2025 18:53:07.537] [Server thread/WARN] [net.minecraftforge.common.ForgeConfigSpec/CORE]: Incorrect key mekanism_extras.thermodynamic conductors.absoluteThermodynamicConductornCapacity was corrected from null to its default, 1. 
[01May2025 18:53:07.537] [Server thread/WARN] [net.minecraftforge.common.ForgeConfigSpec/CORE]: Incorrect key mekanism_extras.thermodynamic conductors.absoluteThermodynamicConductornInsulation was corrected from null to its default, 400000. 
[01May2025 18:53:07.537] [Server thread/WARN] [net.minecraftforge.common.ForgeConfigSpec/CORE]: Incorrect key mekanism_extras.thermodynamic conductors.supremeThermodynamicConductorConduction was corrected from null to its default, 15. 
[01May2025 18:53:07.537] [Server thread/WARN] [net.minecraftforge.common.ForgeConfigSpec/CORE]: Incorrect key mekanism_extras.thermodynamic conductors.supremeThermodynamicConductornCapacity was corrected from null to its default, 1. 
[01May2025 18:53:07.537] [Server thread/WARN] [net.minecraftforge.common.ForgeConfigSpec/CORE]: Incorrect key mekanism_extras.thermodynamic conductors.supremeThermodynamicConductornInsulation was corrected from null to its default, 800000. 
[01May2025 18:53:07.537] [Server thread/WARN] [net.minecraftforge.common.ForgeConfigSpec/CORE]: Incorrect key mekanism_extras.thermodynamic conductors.cosmicThermodynamicConductorConduction was corrected from null to its default, 20. 
[01May2025 18:53:07.537] [Server thread/WARN] [net.minecraftforge.common.ForgeConfigSpec/CORE]: Incorrect key mekanism_extras.thermodynamic conductors.cosmicThermodynamicConductornCapacity was corrected from null to its default, 1. 
[01May2025 18:53:07.537] [Server thread/WARN] [net.minecraftforge.common.ForgeConfigSpec/CORE]: Incorrect key mekanism_extras.thermodynamic conductors.cosmicThermodynamicConductornInsulation was corrected from null to its default, 1000000. 
[01May2025 18:53:07.538] [Server thread/WARN] [net.minecraftforge.common.ForgeConfigSpec/CORE]: Incorrect key mekanism_extras.thermodynamic conductors.infiniteThermodynamicConductorConduction was corrected from null to its default, 25. 
[01May2025 18:53:07.538] [Server thread/WARN] [net.minecraftforge.common.ForgeConfigSpec/CORE]: Incorrect key mekanism_extras.thermodynamic conductors.infiniteThermodynamicConductornCapacity was corrected from null to its default, 1. 
[01May2025 18:53:07.538] [Server thread/WARN] [net.minecraftforge.common.ForgeConfigSpec/CORE]: Incorrect key mekanism_extras.thermodynamic conductors.infiniteThermodynamicConductornInsulation was corrected from null to its default, 4000000. 
[01May2025 18:53:07.538] [Server thread/WARN] [net.minecraftforge.common.ForgeConfigSpec/CORE]: Incorrect key mekanism_extras.expand radioactive waste barrel was corrected from null to its default, SimpleCommentedConfig:{}. 
[01May2025 18:53:07.538] [Server thread/WARN] [net.minecraftforge.common.ForgeConfigSpec/CORE]: Incorrect key mekanism_extras.expand radioactive waste barrel.radioactiveWasteBarrelMaxGas was corrected from null to its default, 2048000. 
[01May2025 18:53:07.538] [Server thread/WARN] [net.minecraftforge.common.ForgeConfigSpec/CORE]: Incorrect key mekanism_extras.expand radioactive waste barrel.radioactiveWasteBarrelProcessTicks was corrected from null to its default, 5. 
[01May2025 18:53:07.538] [Server thread/WARN] [net.minecraftforge.common.ForgeConfigSpec/CORE]: Incorrect key mekanism_extras.expand radioactive waste barrel.radioactiveWasteBarrelDecayAmount was corrected from null to its default, 4. 
[01May2025 18:53:07.538] [Server thread/WARN] [net.minecraftforge.common.ForgeConfigSpec/CORE]: Incorrect key mekanism_extras.alloy upgrade was corrected from null to its default, SimpleCommentedConfig:{}. 
[01May2025 18:53:07.538] [Server thread/WARN] [net.minecraftforge.common.ForgeConfigSpec/CORE]: Incorrect key mekanism_extras.alloy upgrade.transmitterAlloyUpgrade was corrected from null to its default, true. 
[01May2025 18:53:07.538] [Server thread/WARN] [net.minecraftforge.common.ForgeConfigSpec/CORE]: Incorrect key mekanism_extras.advance electric pump was corrected from null to its default, SimpleCommentedConfig:{}. 
[01May2025 18:53:07.539] [Server thread/WARN] [net.minecraftforge.common.ForgeConfigSpec/CORE]: Incorrect key mekanism_extras.advance electric pump.pumpHeavyWaterAmount was corrected from null to its default, 1000. 
[01May2025 18:53:07.539] [Server thread/WARN] [net.minecraftforge.common.ForgeConfigSpec/CORE]: Incorrect key mekanism_extras.energy cube was corrected from null to its default, SimpleCommentedConfig:{}. 
[01May2025 18:53:07.539] [Server thread/WARN] [net.minecraftforge.common.ForgeConfigSpec/CORE]: Incorrect key mekanism_extras.energy cube.absoluteStorage was corrected from null to its default, 1024000000. 
[01May2025 18:53:07.540] [Server thread/WARN] [net.minecraftforge.common.ForgeConfigSpec/CORE]: Incorrect key mekanism_extras.energy cube.absoluteOutput was corrected from null to its default, 1024000. 
[01May2025 18:53:07.540] [Server thread/WARN] [net.minecraftforge.common.ForgeConfigSpec/CORE]: Incorrect key mekanism_extras.energy cube.supremeStorage was corrected from null to its default, 4096000000. 
[01May2025 18:53:07.541] [Server thread/WARN] [net.minecraftforge.common.ForgeConfigSpec/CORE]: Incorrect key mekanism_extras.energy cube.supremeOutput was corrected from null to its default, 4096000. 
[01May2025 18:53:07.541] [Server thread/WARN] [net.minecraftforge.common.ForgeConfigSpec/CORE]: Incorrect key mekanism_extras.energy cube.cosmicStorage was corrected from null to its default, 16384000000. 
[01May2025 18:53:07.541] [Server thread/WARN] [net.minecraftforge.common.ForgeConfigSpec/CORE]: Incorrect key mekanism_extras.energy cube.cosmicOutput was corrected from null to its default, 16384000. 
[01May2025 18:53:07.541] [Server thread/WARN] [net.minecraftforge.common.ForgeConfigSpec/CORE]: Incorrect key mekanism_extras.energy cube.infiniteStorage was corrected from null to its default, 65536000000. 
[01May2025 18:53:07.541] [Server thread/WARN] [net.minecraftforge.common.ForgeConfigSpec/CORE]: Incorrect key mekanism_extras.energy cube.infiniteOutput was corrected from null to its default, 65536000. 
[01May2025 18:53:07.541] [Server thread/WARN] [net.minecraftforge.common.ForgeConfigSpec/CORE]: Incorrect key mekanism_extras.fluid tanks was corrected from null to its default, SimpleCommentedConfig:{}. 
[01May2025 18:53:07.541] [Server thread/WARN] [net.minecraftforge.common.ForgeConfigSpec/CORE]: Incorrect key mekanism_extras.fluid tanks.absoluteStorage was corrected from null to its default, 4096000. 
[01May2025 18:53:07.541] [Server thread/WARN] [net.minecraftforge.common.ForgeConfigSpec/CORE]: Incorrect key mekanism_extras.fluid tanks.absoluteOutput was corrected from null to its default, 2048000. 
[01May2025 18:53:07.541] [Server thread/WARN] [net.minecraftforge.common.ForgeConfigSpec/CORE]: Incorrect key mekanism_extras.fluid tanks.supremeStorage was corrected from null to its default, 32768000. 
[01May2025 18:53:07.541] [Server thread/WARN] [net.minecraftforge.common.ForgeConfigSpec/CORE]: Incorrect key mekanism_extras.fluid tanks.supremeOutput was corrected from null to its default, 16384000. 
[01May2025 18:53:07.542] [Server thread/WARN] [net.minecraftforge.common.ForgeConfigSpec/CORE]: Incorrect key mekanism_extras.fluid tanks.cosmicStorage was corrected from null to its default, 262144000. 
[01May2025 18:53:07.544] [Server thread/WARN] [net.minecraftforge.common.ForgeConfigSpec/CORE]: Incorrect key mekanism_extras.fluid tanks.cosmicOutput was corrected from null to its default, 131072000. 
[01May2025 18:53:07.544] [Server thread/WARN] [net.minecraftforge.common.ForgeConfigSpec/CORE]: Incorrect key mekanism_extras.fluid tanks.infiniteStorage was corrected from null to its default, 2097152000. 
[01May2025 18:53:07.544] [Server thread/WARN] [net.minecraftforge.common.ForgeConfigSpec/CORE]: Incorrect key mekanism_extras.fluid tanks.infiniteOutput was corrected from null to its default, 1048576000. 
[01May2025 18:53:07.544] [Server thread/WARN] [net.minecraftforge.common.ForgeConfigSpec/CORE]: Incorrect key mekanism_extras.chemical tanks was corrected from null to its default, SimpleCommentedConfig:{}. 
[01May2025 18:53:08.012] [Server thread/WARN] [net.minecraftforge.common.ForgeConfigSpec/CORE]: Incorrect key mekanism_extras.chemical tanks.absoluteStorage was corrected from null to its default, 131072000. 
[01May2025 18:53:08.012] [Server thread/WARN] [net.minecraftforge.common.ForgeConfigSpec/CORE]: Incorrect key mekanism_extras.chemical tanks.absoluteOutput was corrected from null to its default, 65536000. 
[01May2025 18:53:08.012] [Server thread/WARN] [net.minecraftforge.common.ForgeConfigSpec/CORE]: Incorrect key mekanism_extras.chemical tanks.supremeStorage was corrected from null to its default, 4194304000. 
[01May2025 18:53:08.013] [Server thread/WARN] [net.minecraftforge.common.ForgeConfigSpec/CORE]: Incorrect key mekanism_extras.chemical tanks.supremeOutput was corrected from null to its default, 2097150000. 
[01May2025 18:53:08.013] [Server thread/WARN] [net.minecraftforge.common.ForgeConfigSpec/CORE]: Incorrect key mekanism_extras.chemical tanks.cosmicStorage was corrected from null to its default, 268435456000. 
[01May2025 18:53:08.013] [Server thread/WARN] [net.minecraftforge.common.ForgeConfigSpec/CORE]: Incorrect key mekanism_extras.chemical tanks.cosmicOutput was corrected from null to its default, 134217728000. 
[01May2025 18:53:08.013] [Server thread/WARN] [net.minecraftforge.common.ForgeConfigSpec/CORE]: Incorrect key mekanism_extras.chemical tanks.infiniteStorage was corrected from null to its default, 34359738368000. 
[01May2025 18:53:08.013] [Server thread/WARN] [net.minecraftforge.common.ForgeConfigSpec/CORE]: Incorrect key mekanism_extras.chemical tanks.infiniteOutput was corrected from null to its default, 17179869184000. 
[01May2025 18:53:08.013] [Server thread/WARN] [net.minecraftforge.common.ForgeConfigSpec/CORE]: Incorrect key mekanism_extras.bins was corrected from null to its default, SimpleCommentedConfig:{}. 
[01May2025 18:53:08.013] [Server thread/WARN] [net.minecraftforge.common.ForgeConfigSpec/CORE]: Incorrect key mekanism_extras.bins.absoluteStorage was corrected from null to its default, 1048576. 
[01May2025 18:53:08.013] [Server thread/WARN] [net.minecraftforge.common.ForgeConfigSpec/CORE]: Incorrect key mekanism_extras.bins.supremeStorage was corrected from null to its default, 8388608. 
[01May2025 18:53:08.013] [Server thread/WARN] [net.minecraftforge.common.ForgeConfigSpec/CORE]: Incorrect key mekanism_extras.bins.cosmicStorage was corrected from null to its default, 134217728. 
[01May2025 18:53:08.013] [Server thread/WARN] [net.minecraftforge.common.ForgeConfigSpec/CORE]: Incorrect key mekanism_extras.bins.infiniteStorage was corrected from null to its default, 2147483647. 
[01May2025 18:53:08.014] [Server thread/WARN] [net.minecraftforge.common.ForgeConfigSpec/CORE]: Incorrect key mekanism_extras.induction was corrected from null to its default, SimpleCommentedConfig:{}. 
[01May2025 18:53:08.014] [Server thread/WARN] [net.minecraftforge.common.ForgeConfigSpec/CORE]: Incorrect key mekanism_extras.induction.basicStorage was corrected from null to its default, 32768000000000. 
[01May2025 18:53:08.014] [Server thread/WARN] [net.minecraftforge.common.ForgeConfigSpec/CORE]: Incorrect key mekanism_extras.induction.advancedStorage was corrected from null to its default, 262144000000000. 
[01May2025 18:53:08.014] [Server thread/WARN] [net.minecraftforge.common.ForgeConfigSpec/CORE]: Incorrect key mekanism_extras.induction.eliteStorage was corrected from null to its default, 2097152000000000. 
[01May2025 18:53:08.014] [Server thread/WARN] [net.minecraftforge.common.ForgeConfigSpec/CORE]: Incorrect key mekanism_extras.induction.ultimateStorage was corrected from null to its default, 9223372036854775807. 
[01May2025 18:53:08.014] [Server thread/WARN] [net.minecraftforge.common.ForgeConfigSpec/CORE]: Incorrect key mekanism_extras.induction.basicOutput was corrected from null to its default, 1048576000. 
[01May2025 18:53:08.014] [Server thread/WARN] [net.minecraftforge.common.ForgeConfigSpec/CORE]: Incorrect key mekanism_extras.induction.advancedOutput was corrected from null to its default, 8388608000. 
[01May2025 18:53:08.014] [Server thread/WARN] [net.minecraftforge.common.ForgeConfigSpec/CORE]: Incorrect key mekanism_extras.induction.eliteOutput was corrected from null to its default, 67108864000. 
[01May2025 18:53:08.014] [Server thread/WARN] [net.minecraftforge.common.ForgeConfigSpec/CORE]: Incorrect key mekanism_extras.induction.ultimateOutput was corrected from null to its default, 536870912000. 
[01May2025 18:53:08.019] [Server thread/WARN] [net.minecraftforge.common.ForgeConfigSpec/CORE]: Configuration file /workspaces/Gamers/servidor_minecraft/config/MekanismExtras/extras_machine_usage.toml is not correct. Correcting
[01May2025 18:53:08.020] [Server thread/WARN] [net.minecraftforge.common.ForgeConfigSpec/CORE]: Incorrect key usage was corrected from null to its default, SimpleCommentedConfig:{}. 
[01May2025 18:53:08.020] [Server thread/WARN] [net.minecraftforge.common.ForgeConfigSpec/CORE]: Incorrect key usage.advanceElectricPump was corrected from null to its default, 1000. 
[01May2025 18:53:08.023] [Server thread/WARN] [net.minecraftforge.common.ForgeConfigSpec/CORE]: Configuration file /workspaces/Gamers/servidor_minecraft/config/MekanismExtras/world.toml is not correct. Correcting
[01May2025 18:53:08.023] [Server thread/WARN] [net.minecraftforge.common.ForgeConfigSpec/CORE]: Incorrect key world_generation was corrected from null to its default, SimpleCommentedConfig:{}. 
[01May2025 18:53:08.024] [Server thread/WARN] [net.minecraftforge.common.ForgeConfigSpec/CORE]: Incorrect key world_generation.enableRegeneration was corrected from null to its default, false. 
[01May2025 18:53:08.024] [Server thread/WARN] [net.minecraftforge.common.ForgeConfigSpec/CORE]: Incorrect key world_generation.userWorldGenVersion was corrected from null to its default, 0. 
[01May2025 18:53:08.024] [Server thread/WARN] [net.minecraftforge.common.ForgeConfigSpec/CORE]: Incorrect key world_generation.naquadah was corrected from null to its default, SimpleCommentedConfig:{}. 
[01May2025 18:53:08.024] [Server thread/WARN] [net.minecraftforge.common.ForgeConfigSpec/CORE]: Incorrect key world_generation.naquadah.shouldGenerate was corrected from null to its default, true. 
[01May2025 18:53:08.024] [Server thread/WARN] [net.minecraftforge.common.ForgeConfigSpec/CORE]: Incorrect key world_generation.naquadah.small was corrected from null to its default, SimpleCommentedConfig:{}. 
[01May2025 18:53:08.024] [Server thread/WARN] [net.minecraftforge.common.ForgeConfigSpec/CORE]: Incorrect key world_generation.naquadah.small.shouldGenerate was corrected from null to its default, true. 
[01May2025 18:53:08.024] [Server thread/WARN] [net.minecraftforge.common.ForgeConfigSpec/CORE]: Incorrect key world_generation.naquadah.small.perChunk was corrected from null to its default, 6. 
[01May2025 18:53:08.024] [Server thread/WARN] [net.minecraftforge.common.ForgeConfigSpec/CORE]: Incorrect key world_generation.naquadah.small.maxVeinSize was corrected from null to its default, 4. 
[01May2025 18:53:08.025] [Server thread/WARN] [net.minecraftforge.common.ForgeConfigSpec/CORE]: Incorrect key world_generation.naquadah.small.discardChanceOnAirExposure was corrected from null to its default, 0.0. 
[01May2025 18:53:08.025] [Server thread/WARN] [net.minecraftforge.common.ForgeConfigSpec/CORE]: Incorrect key world_generation.naquadah.small.shape was corrected from null to its default, TRAPEZOID. 
[01May2025 18:53:08.025] [Server thread/WARN] [net.minecraftforge.common.ForgeConfigSpec/CORE]: Incorrect key world_generation.naquadah.small.minInclusive was corrected from null to its default, SimpleCommentedConfig:{}. 
[01May2025 18:53:08.025] [Server thread/WARN] [net.minecraftforge.common.ForgeConfigSpec/CORE]: Incorrect key world_generation.naquadah.small.minInclusive.type was corrected from null to its default, ABSOLUTE. 
[01May2025 18:53:08.025] [Server thread/WARN] [net.minecraftforge.common.ForgeConfigSpec/CORE]: Incorrect key world_generation.naquadah.small.minInclusive.value was corrected from null to its default, -63. 
[01May2025 18:53:08.025] [Server thread/WARN] [net.minecraftforge.common.ForgeConfigSpec/CORE]: Incorrect key world_generation.naquadah.small.maxInclusive was corrected from null to its default, SimpleCommentedConfig:{}. 
[01May2025 18:53:08.025] [Server thread/WARN] [net.minecraftforge.common.ForgeConfigSpec/CORE]: Incorrect key world_generation.naquadah.small.maxInclusive.type was corrected from null to its default, ABSOLUTE. 
[01May2025 18:53:08.025] [Server thread/WARN] [net.minecraftforge.common.ForgeConfigSpec/CORE]: Incorrect key world_generation.naquadah.small.maxInclusive.value was corrected from null to its default, -60. 
[01May2025 18:53:08.025] [Server thread/WARN] [net.minecraftforge.common.ForgeConfigSpec/CORE]: Incorrect key world_generation.naquadah.small.plateau was corrected from null to its default, 0. 
[01May2025 18:53:08.025] [Server thread/WARN] [net.minecraftforge.common.ForgeConfigSpec/CORE]: Incorrect key world_generation.end_naquadah was corrected from null to its default, SimpleCommentedConfig:{}. 
[01May2025 18:53:08.025] [Server thread/WARN] [net.minecraftforge.common.ForgeConfigSpec/CORE]: Incorrect key world_generation.end_naquadah.shouldGenerate was corrected from null to its default, true. 
[01May2025 18:53:08.025] [Server thread/WARN] [net.minecraftforge.common.ForgeConfigSpec/CORE]: Incorrect key world_generation.end_naquadah.middle was corrected from null to its default, SimpleCommentedConfig:{}. 
[01May2025 18:53:08.025] [Server thread/WARN] [net.minecraftforge.common.ForgeConfigSpec/CORE]: Incorrect key world_generation.end_naquadah.middle.shouldGenerate was corrected from null to its default, true. 
[01May2025 18:53:08.026] [Server thread/WARN] [net.minecraftforge.common.ForgeConfigSpec/CORE]: Incorrect key world_generation.end_naquadah.middle.perChunk was corrected from null to its default, 8. 
[01May2025 18:53:08.026] [Server thread/WARN] [net.minecraftforge.common.ForgeConfigSpec/CORE]: Incorrect key world_generation.end_naquadah.middle.maxVeinSize was corrected from null to its default, 4. 
[01May2025 18:53:08.026] [Server thread/WARN] [net.minecraftforge.common.ForgeConfigSpec/CORE]: Incorrect key world_generation.end_naquadah.middle.discardChanceOnAirExposure was corrected from null to its default, 0.0. 
[01May2025 18:53:08.026] [Server thread/WARN] [net.minecraftforge.common.ForgeConfigSpec/CORE]: Incorrect key world_generation.end_naquadah.middle.shape was corrected from null to its default, TRAPEZOID. 
[01May2025 18:53:08.026] [Server thread/WARN] [net.minecraftforge.common.ForgeConfigSpec/CORE]: Incorrect key world_generation.end_naquadah.middle.minInclusive was corrected from null to its default, SimpleCommentedConfig:{}. 
[01May2025 18:53:08.026] [Server thread/WARN] [net.minecraftforge.common.ForgeConfigSpec/CORE]: Incorrect key world_generation.end_naquadah.middle.minInclusive.type was corrected from null to its default, ABSOLUTE. 
[01May2025 18:53:08.026] [Server thread/WARN] [net.minecraftforge.common.ForgeConfigSpec/CORE]: Incorrect key world_generation.end_naquadah.middle.minInclusive.value was corrected from null to its default, 15. 
[01May2025 18:53:08.026] [Server thread/WARN] [net.minecraftforge.common.ForgeConfigSpec/CORE]: Incorrect key world_generation.end_naquadah.middle.maxInclusive was corrected from null to its default, SimpleCommentedConfig:{}. 
[01May2025 18:53:08.026] [Server thread/WARN] [net.minecraftforge.common.ForgeConfigSpec/CORE]: Incorrect key world_generation.end_naquadah.middle.maxInclusive.type was corrected from null to its default, ABSOLUTE. 
[01May2025 18:53:08.026] [Server thread/WARN] [net.minecraftforge.common.ForgeConfigSpec/CORE]: Incorrect key world_generation.end_naquadah.middle.maxInclusive.value was corrected from null to its default, 25. 
[01May2025 18:53:08.026] [Server thread/WARN] [net.minecraftforge.common.ForgeConfigSpec/CORE]: Incorrect key world_generation.end_naquadah.middle.plateau was corrected from null to its default, 0. 
[01May2025 18:53:08.028] [Server thread/WARN] [net.minecraftforge.common.ForgeConfigSpec/CORE]: Configuration file /workspaces/Gamers/servidor_minecraft/config/MekanismExtras/generator_extras.toml is not correct. Correcting
[01May2025 18:53:08.028] [Server thread/WARN] [net.minecraftforge.common.ForgeConfigSpec/CORE]: Incorrect key generators_extras was corrected from null to its default, SimpleCommentedConfig:{}. 
[01May2025 18:53:08.029] [Server thread/WARN] [net.minecraftforge.common.ForgeConfigSpec/CORE]: Incorrect key generators_extras.energyPerFusionFuel was corrected from null to its default, 10000000. 
[01May2025 18:53:08.029] [Server thread/WARN] [net.minecraftforge.common.ForgeConfigSpec/CORE]: Incorrect key naquadah_reactor was corrected from null to its default, SimpleCommentedConfig:{}. 
[01May2025 18:53:08.030] [Server thread/WARN] [net.minecraftforge.common.ForgeConfigSpec/CORE]: Incorrect key naquadah_reactor.thermocoupleEfficiency was corrected from null to its default, 0.1. 
[01May2025 18:53:08.030] [Server thread/WARN] [net.minecraftforge.common.ForgeConfigSpec/CORE]: Incorrect key naquadah_reactor.casingThermalConductivity was corrected from null to its default, 0.1. 
[01May2025 18:53:08.030] [Server thread/WARN] [net.minecraftforge.common.ForgeConfigSpec/CORE]: Incorrect key naquadah_reactor.waterHeatingRatio was corrected from null to its default, 0.3. 
[01May2025 18:53:08.030] [Server thread/WARN] [net.minecraftforge.common.ForgeConfigSpec/CORE]: Incorrect key naquadah_reactor.fuelCapacity was corrected from null to its default, 1000. 
[01May2025 18:53:08.030] [Server thread/WARN] [net.minecraftforge.common.ForgeConfigSpec/CORE]: Incorrect key naquadah_reactor.energyCapacity was corrected from null to its default, 10000000000. 
[01May2025 18:53:08.030] [Server thread/WARN] [net.minecraftforge.common.ForgeConfigSpec/CORE]: Incorrect key naquadah_reactor.waterPerInjection was corrected from null to its default, 1000000. 
[01May2025 18:53:08.031] [Server thread/WARN] [net.minecraftforge.common.ForgeConfigSpec/CORE]: Incorrect key naquadah_reactor.poloniumPerInjection was corrected from null to its default, 100000000. 
[01May2025 18:53:08.034] [Server thread/WARN] [net.minecraftforge.common.ForgeConfigSpec/CORE]: Incorrect key naquadah_hohlraum was corrected from null to its default, SimpleCommentedConfig:{}. 
[01May2025 18:53:08.034] [Server thread/WARN] [net.minecraftforge.common.ForgeConfigSpec/CORE]: Incorrect key naquadah_hohlraum.maxGas was corrected from null to its default, 100. 
[01May2025 18:53:08.034] [Server thread/WARN] [net.minecraftforge.common.ForgeConfigSpec/CORE]: Incorrect key naquadah_hohlraum.fillRate was corrected from null to its default, 1. 
[01May2025 18:53:08.036] [Server thread/WARN] [net.minecraftforge.common.ForgeConfigSpec/CORE]: Configuration file /workspaces/Gamers/servidor_minecraft/config/Mekanism/tools.toml is not correct. Correcting
[01May2025 18:53:08.036] [Server thread/WARN] [net.minecraftforge.common.ForgeConfigSpec/CORE]: Incorrect key tools was corrected from null to its default, SimpleCommentedConfig:{}. 
[01May2025 18:53:08.036] [Server thread/WARN] [net.minecraftforge.common.ForgeConfigSpec/CORE]: Incorrect key tools.mobArmorSpawnRate was corrected from null to its default, SimpleCommentedConfig:{}. 
[01May2025 18:53:08.036] [Server thread/WARN] [net.minecraftforge.common.ForgeConfigSpec/CORE]: Incorrect key tools.mobArmorSpawnRate.general was corrected from null to its default, 0.1. 
[01May2025 18:53:08.036] [Server thread/WARN] [net.minecraftforge.common.ForgeConfigSpec/CORE]: Incorrect key tools.mobArmorSpawnRate.weapon was corrected from null to its default, 0.01. 
[01May2025 18:53:08.037] [Server thread/WARN] [net.minecraftforge.common.ForgeConfigSpec/CORE]: Incorrect key tools.mobArmorSpawnRate.weaponHard was corrected from null to its default, 0.05000000074505806. 
[01May2025 18:53:08.037] [Server thread/WARN] [net.minecraftforge.common.ForgeConfigSpec/CORE]: Incorrect key tools.mobArmorSpawnRate.bronze was corrected from null to its default, SimpleCommentedConfig:{}. 
[01May2025 18:53:08.037] [Server thread/WARN] [net.minecraftforge.common.ForgeConfigSpec/CORE]: Incorrect key tools.mobArmorSpawnRate.bronze.canSpawnWeapon was corrected from null to its default, true. 
[01May2025 18:53:08.037] [Server thread/WARN] [net.minecraftforge.common.ForgeConfigSpec/CORE]: Incorrect key tools.mobArmorSpawnRate.bronze.swordWeight was corrected from null to its default, 0.33. 
[01May2025 18:53:08.037] [Server thread/WARN] [net.minecraftforge.common.ForgeConfigSpec/CORE]: Incorrect key tools.mobArmorSpawnRate.bronze.helmetChance was corrected from null to its default, 1.0. 
[01May2025 18:53:08.037] [Server thread/WARN] [net.minecraftforge.common.ForgeConfigSpec/CORE]: Incorrect key tools.mobArmorSpawnRate.bronze.chestplateChance was corrected from null to its default, 1.0. 
[01May2025 18:53:08.037] [Server thread/WARN] [net.minecraftforge.common.ForgeConfigSpec/CORE]: Incorrect key tools.mobArmorSpawnRate.bronze.leggingsChance was corrected from null to its default, 1.0. 
[01May2025 18:53:08.037] [Server thread/WARN] [net.minecraftforge.common.ForgeConfigSpec/CORE]: Incorrect key tools.mobArmorSpawnRate.bronze.bootsChance was corrected from null to its default, 1.0. 
[01May2025 18:53:08.037] [Server thread/WARN] [net.minecraftforge.common.ForgeConfigSpec/CORE]: Incorrect key tools.mobArmorSpawnRate.bronze.multiplePieceChance was corrected from null to its default, 0.25. 
[01May2025 18:53:08.038] [Server thread/WARN] [net.minecraftforge.common.ForgeConfigSpec/CORE]: Incorrect key tools.mobArmorSpawnRate.bronze.multiplePieceChanceHard was corrected from null to its default, 0.1. 
[01May2025 18:53:08.038] [Server thread/WARN] [net.minecraftforge.common.ForgeConfigSpec/CORE]: Incorrect key tools.mobArmorSpawnRate.bronze.weaponEnchantmentChance was corrected from null to its default, 0.25. 
[01May2025 18:53:08.038] [Server thread/WARN] [net.minecraftforge.common.ForgeConfigSpec/CORE]: Incorrect key tools.mobArmorSpawnRate.bronze.armorEnchantmentChance was corrected from null to its default, 0.5. 
[01May2025 18:53:08.038] [Server thread/WARN] [net.minecraftforge.common.ForgeConfigSpec/CORE]: Incorrect key tools.mobArmorSpawnRate.lapis_lazuli was corrected from null to its default, SimpleCommentedConfig:{}. 
[01May2025 18:53:08.038] [Server thread/WARN] [net.minecraftforge.common.ForgeConfigSpec/CORE]: Incorrect key tools.mobArmorSpawnRate.lapis_lazuli.canSpawnWeapon was corrected from null to its default, true. 
[01May2025 18:53:08.038] [Server thread/WARN] [net.minecraftforge.common.ForgeConfigSpec/CORE]: Incorrect key tools.mobArmorSpawnRate.lapis_lazuli.swordWeight was corrected from null to its default, 0.33. 
[01May2025 18:53:08.039] [Server thread/WARN] [net.minecraftforge.common.ForgeConfigSpec/CORE]: Incorrect key tools.mobArmorSpawnRate.lapis_lazuli.helmetChance was corrected from null to its default, 1.0. 
[01May2025 18:53:08.039] [Server thread/WARN] [net.minecraftforge.common.ForgeConfigSpec/CORE]: Incorrect key tools.mobArmorSpawnRate.lapis_lazuli.chestplateChance was corrected from null to its default, 1.0. 
[01May2025 18:53:08.039] [Server thread/WARN] [net.minecraftforge.common.ForgeConfigSpec/CORE]: Incorrect key tools.mobArmorSpawnRate.lapis_lazuli.leggingsChance was corrected from null to its default, 1.0. 
[01May2025 18:53:08.039] [Server thread/WARN] [net.minecraftforge.common.ForgeConfigSpec/CORE]: Incorrect key tools.mobArmorSpawnRate.lapis_lazuli.bootsChance was corrected from null to its default, 1.0. 
[01May2025 18:53:08.039] [Server thread/WARN] [net.minecraftforge.common.ForgeConfigSpec/CORE]: Incorrect key tools.mobArmorSpawnRate.lapis_lazuli.multiplePieceChance was corrected from null to its default, 0.25. 
[01May2025 18:53:08.039] [Server thread/WARN] [net.minecraftforge.common.ForgeConfigSpec/CORE]: Incorrect key tools.mobArmorSpawnRate.lapis_lazuli.multiplePieceChanceHard was corrected from null to its default, 0.1. 
[01May2025 18:53:08.040] [Server thread/WARN] [net.minecraftforge.common.ForgeConfigSpec/CORE]: Incorrect key tools.mobArmorSpawnRate.lapis_lazuli.weaponEnchantmentChance was corrected from null to its default, 0.25. 
[01May2025 18:53:08.040] [Server thread/WARN] [net.minecraftforge.common.ForgeConfigSpec/CORE]: Incorrect key tools.mobArmorSpawnRate.lapis_lazuli.armorEnchantmentChance was corrected from null to its default, 0.5. 
[01May2025 18:53:08.040] [Server thread/WARN] [net.minecraftforge.common.ForgeConfigSpec/CORE]: Incorrect key tools.mobArmorSpawnRate.osmium was corrected from null to its default, SimpleCommentedConfig:{}. 
[01May2025 18:53:08.040] [Server thread/WARN] [net.minecraftforge.common.ForgeConfigSpec/CORE]: Incorrect key tools.mobArmorSpawnRate.osmium.canSpawnWeapon was corrected from null to its default, true. 
[01May2025 18:53:08.040] [Server thread/WARN] [net.minecraftforge.common.ForgeConfigSpec/CORE]: Incorrect key tools.mobArmorSpawnRate.osmium.swordWeight was corrected from null to its default, 0.33. 
[01May2025 18:53:08.041] [Server thread/WARN] [net.minecraftforge.common.ForgeConfigSpec/CORE]: Incorrect key tools.mobArmorSpawnRate.osmium.helmetChance was corrected from null to its default, 1.0. 
[01May2025 18:53:08.041] [Server thread/WARN] [net.minecraftforge.common.ForgeConfigSpec/CORE]: Incorrect key tools.mobArmorSpawnRate.osmium.chestplateChance was corrected from null to its default, 1.0. 
[01May2025 18:53:08.041] [Server thread/WARN] [net.minecraftforge.common.ForgeConfigSpec/CORE]: Incorrect key tools.mobArmorSpawnRate.osmium.leggingsChance was corrected from null to its default, 1.0. 
[01May2025 18:53:08.041] [Server thread/WARN] [net.minecraftforge.common.ForgeConfigSpec/CORE]: Incorrect key tools.mobArmorSpawnRate.osmium.bootsChance was corrected from null to its default, 1.0. 
[01May2025 18:53:08.042] [Server thread/WARN] [net.minecraftforge.common.ForgeConfigSpec/CORE]: Incorrect key tools.mobArmorSpawnRate.osmium.multiplePieceChance was corrected from null to its default, 0.25. 
[01May2025 18:53:08.042] [Server thread/WARN] [net.minecraftforge.common.ForgeConfigSpec/CORE]: Incorrect key tools.mobArmorSpawnRate.osmium.multiplePieceChanceHard was corrected from null to its default, 0.1. 
[01May2025 18:53:08.042] [Server thread/WARN] [net.minecraftforge.common.ForgeConfigSpec/CORE]: Incorrect key tools.mobArmorSpawnRate.osmium.weaponEnchantmentChance was corrected from null to its default, 0.25. 
[01May2025 18:53:08.042] [Server thread/WARN] [net.minecraftforge.common.ForgeConfigSpec/CORE]: Incorrect key tools.mobArmorSpawnRate.osmium.armorEnchantmentChance was corrected from null to its default, 0.5. 
[01May2025 18:53:08.043] [Server thread/WARN] [net.minecraftforge.common.ForgeConfigSpec/CORE]: Incorrect key tools.mobArmorSpawnRate.refined_glowstone was corrected from null to its default, SimpleCommentedConfig:{}. 
[01May2025 18:53:08.043] [Server thread/WARN] [net.minecraftforge.common.ForgeConfigSpec/CORE]: Incorrect key tools.mobArmorSpawnRate.refined_glowstone.canSpawnWeapon was corrected from null to its default, true. 
[01May2025 18:53:08.043] [Server thread/WARN] [net.minecraftforge.common.ForgeConfigSpec/CORE]: Incorrect key tools.mobArmorSpawnRate.refined_glowstone.swordWeight was corrected from null to its default, 0.33. 
[01May2025 18:53:08.043] [Server thread/WARN] [net.minecraftforge.common.ForgeConfigSpec/CORE]: Incorrect key tools.mobArmorSpawnRate.refined_glowstone.helmetChance was corrected from null to its default, 1.0. 
[01May2025 18:53:08.044] [Server thread/WARN] [net.minecraftforge.common.ForgeConfigSpec/CORE]: Incorrect key tools.mobArmorSpawnRate.refined_glowstone.chestplateChance was corrected from null to its default, 1.0. 
[01May2025 18:53:08.044] [Server thread/WARN] [net.minecraftforge.common.ForgeConfigSpec/CORE]: Incorrect key tools.mobArmorSpawnRate.refined_glowstone.leggingsChance was corrected from null to its default, 1.0. 
[01May2025 18:53:08.044] [Server thread/WARN] [net.minecraftforge.common.ForgeConfigSpec/CORE]: Incorrect key tools.mobArmorSpawnRate.refined_glowstone.bootsChance was corrected from null to its default, 1.0. 
[01May2025 18:53:08.044] [Server thread/WARN] [net.minecraftforge.common.ForgeConfigSpec/CORE]: Incorrect key tools.mobArmorSpawnRate.refined_glowstone.multiplePieceChance was corrected from null to its default, 0.25. 
[01May2025 18:53:08.045] [Server thread/WARN] [net.minecraftforge.common.ForgeConfigSpec/CORE]: Incorrect key tools.mobArmorSpawnRate.refined_glowstone.multiplePieceChanceHard was corrected from null to its default, 0.1. 
[01May2025 18:53:08.045] [Server thread/WARN] [net.minecraftforge.common.ForgeConfigSpec/CORE]: Incorrect key tools.mobArmorSpawnRate.refined_glowstone.weaponEnchantmentChance was corrected from null to its default, 0.25. 
[01May2025 18:53:08.046] [Server thread/WARN] [net.minecraftforge.common.ForgeConfigSpec/CORE]: Incorrect key tools.mobArmorSpawnRate.refined_glowstone.armorEnchantmentChance was corrected from null to its default, 0.5. 
[01May2025 18:53:08.046] [Server thread/WARN] [net.minecraftforge.common.ForgeConfigSpec/CORE]: Incorrect key tools.mobArmorSpawnRate.refined_obsidian was corrected from null to its default, SimpleCommentedConfig:{}. 
[01May2025 18:53:08.046] [Server thread/WARN] [net.minecraftforge.common.ForgeConfigSpec/CORE]: Incorrect key tools.mobArmorSpawnRate.refined_obsidian.canSpawnWeapon was corrected from null to its default, true. 
[01May2025 18:53:08.046] [Server thread/WARN] [net.minecraftforge.common.ForgeConfigSpec/CORE]: Incorrect key tools.mobArmorSpawnRate.refined_obsidian.swordWeight was corrected from null to its default, 0.33. 
[01May2025 18:53:08.046] [Server thread/WARN] [net.minecraftforge.common.ForgeConfigSpec/CORE]: Incorrect key tools.mobArmorSpawnRate.refined_obsidian.helmetChance was corrected from null to its default, 1.0. 
[01May2025 18:53:08.047] [Server thread/WARN] [net.minecraftforge.common.ForgeConfigSpec/CORE]: Incorrect key tools.mobArmorSpawnRate.refined_obsidian.chestplateChance was corrected from null to its default, 1.0. 
[01May2025 18:53:08.047] [Server thread/WARN] [net.minecraftforge.common.ForgeConfigSpec/CORE]: Incorrect key tools.mobArmorSpawnRate.refined_obsidian.leggingsChance was corrected from null to its default, 1.0. 
[01May2025 18:53:08.048] [Server thread/WARN] [net.minecraftforge.common.ForgeConfigSpec/CORE]: Incorrect key tools.mobArmorSpawnRate.refined_obsidian.bootsChance was corrected from null to its default, 1.0. 
[01May2025 18:53:08.048] [Server thread/WARN] [net.minecraftforge.common.ForgeConfigSpec/CORE]: Incorrect key tools.mobArmorSpawnRate.refined_obsidian.multiplePieceChance was corrected from null to its default, 0.25. 
[01May2025 18:53:08.049] [Server thread/WARN] [net.minecraftforge.common.ForgeConfigSpec/CORE]: Incorrect key tools.mobArmorSpawnRate.refined_obsidian.multiplePieceChanceHard was corrected from null to its default, 0.1. 
[01May2025 18:53:08.050] [Server thread/WARN] [net.minecraftforge.common.ForgeConfigSpec/CORE]: Incorrect key tools.mobArmorSpawnRate.refined_obsidian.weaponEnchantmentChance was corrected from null to its default, 0.25. 
[01May2025 18:53:08.050] [Server thread/WARN] [net.minecraftforge.common.ForgeConfigSpec/CORE]: Incorrect key tools.mobArmorSpawnRate.refined_obsidian.armorEnchantmentChance was corrected from null to its default, 0.5. 
[01May2025 18:53:08.050] [Server thread/WARN] [net.minecraftforge.common.ForgeConfigSpec/CORE]: Incorrect key tools.mobArmorSpawnRate.steel was corrected from null to its default, SimpleCommentedConfig:{}. 
[01May2025 18:53:08.050] [Server thread/WARN] [net.minecraftforge.common.ForgeConfigSpec/CORE]: Incorrect key tools.mobArmorSpawnRate.steel.canSpawnWeapon was corrected from null to its default, true. 
[01May2025 18:53:08.050] [Server thread/WARN] [net.minecraftforge.common.ForgeConfigSpec/CORE]: Incorrect key tools.mobArmorSpawnRate.steel.swordWeight was corrected from null to its default, 0.33. 
[01May2025 18:53:08.050] [Server thread/WARN] [net.minecraftforge.common.ForgeConfigSpec/CORE]: Incorrect key tools.mobArmorSpawnRate.steel.helmetChance was corrected from null to its default, 1.0. 
[01May2025 18:53:08.051] [Server thread/WARN] [net.minecraftforge.common.ForgeConfigSpec/CORE]: Incorrect key tools.mobArmorSpawnRate.steel.chestplateChance was corrected from null to its default, 1.0. 
[01May2025 18:53:08.051] [Server thread/WARN] [net.minecraftforge.common.ForgeConfigSpec/CORE]: Incorrect key tools.mobArmorSpawnRate.steel.leggingsChance was corrected from null to its default, 1.0. 
[01May2025 18:53:08.051] [Server thread/WARN] [net.minecraftforge.common.ForgeConfigSpec/CORE]: Incorrect key tools.mobArmorSpawnRate.steel.bootsChance was corrected from null to its default, 1.0. 
[01May2025 18:53:08.051] [Server thread/WARN] [net.minecraftforge.common.ForgeConfigSpec/CORE]: Incorrect key tools.mobArmorSpawnRate.steel.multiplePieceChance was corrected from null to its default, 0.25. 
[01May2025 18:53:08.051] [Server thread/WARN] [net.minecraftforge.common.ForgeConfigSpec/CORE]: Incorrect key tools.mobArmorSpawnRate.steel.multiplePieceChanceHard was corrected from null to its default, 0.1. 
[01May2025 18:53:08.051] [Server thread/WARN] [net.minecraftforge.common.ForgeConfigSpec/CORE]: Incorrect key tools.mobArmorSpawnRate.steel.weaponEnchantmentChance was corrected from null to its default, 0.25. 
[01May2025 18:53:08.052] [Server thread/WARN] [net.minecraftforge.common.ForgeConfigSpec/CORE]: Incorrect key tools.mobArmorSpawnRate.steel.armorEnchantmentChance was corrected from null to its default, 0.5. 
[01May2025 18:53:08.052] [Server thread/WARN] [net.minecraftforge.common.ForgeConfigSpec/CORE]: Incorrect key tools.wood was corrected from null to its default, SimpleCommentedConfig:{}. 
[01May2025 18:53:08.052] [Server thread/WARN] [net.minecraftforge.common.ForgeConfigSpec/CORE]: Incorrect key tools.wood.woodPaxelDamage was corrected from null to its default, 7.0. 
[01May2025 18:53:08.052] [Server thread/WARN] [net.minecraftforge.common.ForgeConfigSpec/CORE]: Incorrect key tools.wood.woodPaxelAtkSpeed was corrected from null to its default, -2.4000000953674316. 
[01May2025 18:53:08.052] [Server thread/WARN] [net.minecraftforge.common.ForgeConfigSpec/CORE]: Incorrect key tools.wood.woodPaxelEfficiency was corrected from null to its default, 2.0. 
[01May2025 18:53:08.052] [Server thread/WARN] [net.minecraftforge.common.ForgeConfigSpec/CORE]: Incorrect key tools.wood.woodPaxelEnchantability was corrected from null to its default, 15. 
[01May2025 18:53:08.052] [Server thread/WARN] [net.minecraftforge.common.ForgeConfigSpec/CORE]: Incorrect key tools.wood.woodPaxelMaxUses was corrected from null to its default, 118. 
[01May2025 18:53:08.052] [Server thread/WARN] [net.minecraftforge.common.ForgeConfigSpec/CORE]: Incorrect key tools.stone was corrected from null to its default, SimpleCommentedConfig:{}. 
[01May2025 18:53:08.052] [Server thread/WARN] [net.minecraftforge.common.ForgeConfigSpec/CORE]: Incorrect key tools.stone.stonePaxelDamage was corrected from null to its default, 8.0. 
[01May2025 18:53:08.052] [Server thread/WARN] [net.minecraftforge.common.ForgeConfigSpec/CORE]: Incorrect key tools.stone.stonePaxelAtkSpeed was corrected from null to its default, -2.4000000953674316. 
[01May2025 18:53:08.052] [Server thread/WARN] [net.minecraftforge.common.ForgeConfigSpec/CORE]: Incorrect key tools.stone.stonePaxelEfficiency was corrected from null to its default, 4.0. 
[01May2025 18:53:08.052] [Server thread/WARN] [net.minecraftforge.common.ForgeConfigSpec/CORE]: Incorrect key tools.stone.stonePaxelEnchantability was corrected from null to its default, 5. 
[01May2025 18:53:08.052] [Server thread/WARN] [net.minecraftforge.common.ForgeConfigSpec/CORE]: Incorrect key tools.stone.stonePaxelMaxUses was corrected from null to its default, 262. 
[01May2025 18:53:08.053] [Server thread/WARN] [net.minecraftforge.common.ForgeConfigSpec/CORE]: Incorrect key tools.iron was corrected from null to its default, SimpleCommentedConfig:{}. 
[01May2025 18:53:08.053] [Server thread/WARN] [net.minecraftforge.common.ForgeConfigSpec/CORE]: Incorrect key tools.iron.ironPaxelDamage was corrected from null to its default, 7.0. 
[01May2025 18:53:08.053] [Server thread/WARN] [net.minecraftforge.common.ForgeConfigSpec/CORE]: Incorrect key tools.iron.ironPaxelAtkSpeed was corrected from null to its default, -2.4000000953674316. 
[01May2025 18:53:08.053] [Server thread/WARN] [net.minecraftforge.common.ForgeConfigSpec/CORE]: Incorrect key tools.iron.ironPaxelEfficiency was corrected from null to its default, 6.0. 
[01May2025 18:53:08.053] [Server thread/WARN] [net.minecraftforge.common.ForgeConfigSpec/CORE]: Incorrect key tools.iron.ironPaxelEnchantability was corrected from null to its default, 14. 
[01May2025 18:53:08.053] [Server thread/WARN] [net.minecraftforge.common.ForgeConfigSpec/CORE]: Incorrect key tools.iron.ironPaxelMaxUses was corrected from null to its default, 500. 
[01May2025 18:53:08.053] [Server thread/WARN] [net.minecraftforge.common.ForgeConfigSpec/CORE]: Incorrect key tools.diamond was corrected from null to its default, SimpleCommentedConfig:{}. 
[01May2025 18:53:08.053] [Server thread/WARN] [net.minecraftforge.common.ForgeConfigSpec/CORE]: Incorrect key tools.diamond.diamondPaxelDamage was corrected from null to its default, 6.0. 
[01May2025 18:53:08.053] [Server thread/WARN] [net.minecraftforge.common.ForgeConfigSpec/CORE]: Incorrect key tools.diamond.diamondPaxelAtkSpeed was corrected from null to its default, -2.4000000953674316. 
[01May2025 18:53:08.053] [Server thread/WARN] [net.minecraftforge.common.ForgeConfigSpec/CORE]: Incorrect key tools.diamond.diamondPaxelEfficiency was corrected from null to its default, 8.0. 
[01May2025 18:53:08.053] [Server thread/WARN] [net.minecraftforge.common.ForgeConfigSpec/CORE]: Incorrect key tools.diamond.diamondPaxelEnchantability was corrected from null to its default, 10. 
[01May2025 18:53:08.053] [Server thread/WARN] [net.minecraftforge.common.ForgeConfigSpec/CORE]: Incorrect key tools.diamond.diamondPaxelMaxUses was corrected from null to its default, 3122. 
[01May2025 18:53:08.054] [Server thread/WARN] [net.minecraftforge.common.ForgeConfigSpec/CORE]: Incorrect key tools.gold was corrected from null to its default, SimpleCommentedConfig:{}. 
[01May2025 18:53:08.054] [Server thread/WARN] [net.minecraftforge.common.ForgeConfigSpec/CORE]: Incorrect key tools.gold.goldPaxelDamage was corrected from null to its default, 7.0. 
[01May2025 18:53:08.054] [Server thread/WARN] [net.minecraftforge.common.ForgeConfigSpec/CORE]: Incorrect key tools.gold.goldPaxelAtkSpeed was corrected from null to its default, -2.4000000953674316. 
[01May2025 18:53:08.054] [Server thread/WARN] [net.minecraftforge.common.ForgeConfigSpec/CORE]: Incorrect key tools.gold.goldPaxelEfficiency was corrected from null to its default, 12.0. 
[01May2025 18:53:08.054] [Server thread/WARN] [net.minecraftforge.common.ForgeConfigSpec/CORE]: Incorrect key tools.gold.goldPaxelEnchantability was corrected from null to its default, 22. 
[01May2025 18:53:08.054] [Server thread/WARN] [net.minecraftforge.common.ForgeConfigSpec/CORE]: Incorrect key tools.gold.goldPaxelMaxUses was corrected from null to its default, 64. 
[01May2025 18:53:08.055] [Server thread/WARN] [net.minecraftforge.common.ForgeConfigSpec/CORE]: Incorrect key tools.netherite was corrected from null to its default, SimpleCommentedConfig:{}. 
[01May2025 18:53:08.055] [Server thread/WARN] [net.minecraftforge.common.ForgeConfigSpec/CORE]: Incorrect key tools.netherite.netheritePaxelDamage was corrected from null to its default, 6.0. 
[01May2025 18:53:08.055] [Server thread/WARN] [net.minecraftforge.common.ForgeConfigSpec/CORE]: Incorrect key tools.netherite.netheritePaxelAtkSpeed was corrected from null to its default, -2.4000000953674316. 
[01May2025 18:53:08.055] [Server thread/WARN] [net.minecraftforge.common.ForgeConfigSpec/CORE]: Incorrect key tools.netherite.netheritePaxelEfficiency was corrected from null to its default, 9.0. 
[01May2025 18:53:08.055] [Server thread/WARN] [net.minecraftforge.common.ForgeConfigSpec/CORE]: Incorrect key tools.netherite.netheritePaxelEnchantability was corrected from null to its default, 15. 
[01May2025 18:53:08.055] [Server thread/WARN] [net.minecraftforge.common.ForgeConfigSpec/CORE]: Incorrect key tools.netherite.netheritePaxelMaxUses was corrected from null to its default, 4062. 
[01May2025 18:53:08.056] [Server thread/WARN] [net.minecraftforge.common.ForgeConfigSpec/CORE]: Incorrect key tools.bronze was corrected from null to its default, SimpleCommentedConfig:{}. 
[01May2025 18:53:08.059] [Server thread/WARN] [net.minecraftforge.common.ForgeConfigSpec/CORE]: Incorrect key tools.bronze.bronzeAttackDamage was corrected from null to its default, 2.0. 
[01May2025 18:53:08.059] [Server thread/WARN] [net.minecraftforge.common.ForgeConfigSpec/CORE]: Incorrect key tools.bronze.bronzeShieldDurability was corrected from null to its default, 403. 
[01May2025 18:53:08.059] [Server thread/WARN] [net.minecraftforge.common.ForgeConfigSpec/CORE]: Incorrect key tools.bronze.bronzeSwordDamage was corrected from null to its default, 3.0. 
[01May2025 18:53:08.060] [Server thread/WARN] [net.minecraftforge.common.ForgeConfigSpec/CORE]: Incorrect key tools.bronze.bronzeSwordAtkSpeed was corrected from null to its default, -2.4000000953674316. 
[01May2025 18:53:08.060] [Server thread/WARN] [net.minecraftforge.common.ForgeConfigSpec/CORE]: Incorrect key tools.bronze.bronzeShovelDamage was corrected from null to its default, 1.5. 
[01May2025 18:53:08.060] [Server thread/WARN] [net.minecraftforge.common.ForgeConfigSpec/CORE]: Incorrect key tools.bronze.bronzeShovelAtkSpeed was corrected from null to its default, -3.0. 
[01May2025 18:53:08.060] [Server thread/WARN] [net.minecraftforge.common.ForgeConfigSpec/CORE]: Incorrect key tools.bronze.bronzeAxeDamage was corrected from null to its default, 7.0. 
[01May2025 18:53:08.060] [Server thread/WARN] [net.minecraftforge.common.ForgeConfigSpec/CORE]: Incorrect key tools.bronze.bronzeAxeAtkSpeed was corrected from null to its default, -3.0. 
[01May2025 18:53:08.061] [Server thread/WARN] [net.minecraftforge.common.ForgeConfigSpec/CORE]: Incorrect key tools.bronze.bronzePickaxeDamage was corrected from null to its default, 1.0. 
[01May2025 18:53:08.061] [Server thread/WARN] [net.minecraftforge.common.ForgeConfigSpec/CORE]: Incorrect key tools.bronze.bronzePickaxeAtkSpeed was corrected from null to its default, -2.799999952316284. 
[01May2025 18:53:08.061] [Server thread/WARN] [net.minecraftforge.common.ForgeConfigSpec/CORE]: Incorrect key tools.bronze.bronzeHoeDamage was corrected from null to its default, -2.0. 
[01May2025 18:53:08.061] [Server thread/WARN] [net.minecraftforge.common.ForgeConfigSpec/CORE]: Incorrect key tools.bronze.bronzeHoeAtkSpeed was corrected from null to its default, -1.0. 
[01May2025 18:53:08.061] [Server thread/WARN] [net.minecraftforge.common.ForgeConfigSpec/CORE]: Incorrect key tools.bronze.bronzeToolMaxUses was corrected from null to its default, 375. 
[01May2025 18:53:08.061] [Server thread/WARN] [net.minecraftforge.common.ForgeConfigSpec/CORE]: Incorrect key tools.bronze.bronzeEfficiency was corrected from null to its default, 7.0. 
[01May2025 18:53:08.061] [Server thread/WARN] [net.minecraftforge.common.ForgeConfigSpec/CORE]: Incorrect key tools.bronze.bronzePaxelDamage was corrected from null to its default, 8.0. 
[01May2025 18:53:08.061] [Server thread/WARN] [net.minecraftforge.common.ForgeConfigSpec/CORE]: Incorrect key tools.bronze.bronzePaxelAtkSpeed was corrected from null to its default, -2.4000000953674316. 
[01May2025 18:53:08.061] [Server thread/WARN] [net.minecraftforge.common.ForgeConfigSpec/CORE]: Incorrect key tools.bronze.bronzePaxelEfficiency was corrected from null to its default, 7.0. 
[01May2025 18:53:08.062] [Server thread/WARN] [net.minecraftforge.common.ForgeConfigSpec/CORE]: Incorrect key tools.bronze.bronzePaxelEnchantability was corrected from null to its default, 10. 
[01May2025 18:53:08.062] [Server thread/WARN] [net.minecraftforge.common.ForgeConfigSpec/CORE]: Incorrect key tools.bronze.bronzePaxelMaxUses was corrected from null to its default, 750. 
[01May2025 18:53:08.062] [Server thread/WARN] [net.minecraftforge.common.ForgeConfigSpec/CORE]: Incorrect key tools.bronze.bronzeEnchantability was corrected from null to its default, 10. 
[01May2025 18:53:08.063] [Server thread/WARN] [net.minecraftforge.common.ForgeConfigSpec/CORE]: Incorrect key tools.bronze.bronzeToughness was corrected from null to its default, 1.0. 
[01May2025 18:53:08.063] [Server thread/WARN] [net.minecraftforge.common.ForgeConfigSpec/CORE]: Incorrect key tools.bronze.bronzeKnockbackResistance was corrected from null to its default, 0.0. 
[01May2025 18:53:08.063] [Server thread/WARN] [net.minecraftforge.common.ForgeConfigSpec/CORE]: Incorrect key tools.bronze.bronzeBootDurability was corrected from null to its default, 234. 
[01May2025 18:53:08.063] [Server thread/WARN] [net.minecraftforge.common.ForgeConfigSpec/CORE]: Incorrect key tools.bronze.bronzeLeggingDurability was corrected from null to its default, 270. 
[01May2025 18:53:08.063] [Server thread/WARN] [net.minecraftforge.common.ForgeConfigSpec/CORE]: Incorrect key tools.bronze.bronzeChestplateDurability was corrected from null to its default, 288. 
[01May2025 18:53:08.063] [Server thread/WARN] [net.minecraftforge.common.ForgeConfigSpec/CORE]: Incorrect key tools.bronze.bronzeHelmetDurability was corrected from null to its default, 198. 
[01May2025 18:53:08.063] [Server thread/WARN] [net.minecraftforge.common.ForgeConfigSpec/CORE]: Incorrect key tools.bronze.bronzeBootArmor was corrected from null to its default, 2. 
[01May2025 18:53:08.063] [Server thread/WARN] [net.minecraftforge.common.ForgeConfigSpec/CORE]: Incorrect key tools.bronze.bronzeLeggingArmor was corrected from null to its default, 6. 
[01May2025 18:53:08.064] [Server thread/WARN] [net.minecraftforge.common.ForgeConfigSpec/CORE]: Incorrect key tools.bronze.bronzeChestplateArmor was corrected from null to its default, 7. 
[01May2025 18:53:08.064] [Server thread/WARN] [net.minecraftforge.common.ForgeConfigSpec/CORE]: Incorrect key tools.bronze.bronzeHelmetArmor was corrected from null to its default, 3. 
[01May2025 18:53:08.064] [Server thread/WARN] [net.minecraftforge.common.ForgeConfigSpec/CORE]: Incorrect key tools.lapis_lazuli was corrected from null to its default, SimpleCommentedConfig:{}. 
[01May2025 18:53:08.064] [Server thread/WARN] [net.minecraftforge.common.ForgeConfigSpec/CORE]: Incorrect key tools.lapis_lazuli.lapis_lazuliAttackDamage was corrected from null to its default, 1.0. 
[01May2025 18:53:08.064] [Server thread/WARN] [net.minecraftforge.common.ForgeConfigSpec/CORE]: Incorrect key tools.lapis_lazuli.lapis_lazuliShieldDurability was corrected from null to its default, 224. 
[01May2025 18:53:08.064] [Server thread/WARN] [net.minecraftforge.common.ForgeConfigSpec/CORE]: Incorrect key tools.lapis_lazuli.lapis_lazuliSwordDamage was corrected from null to its default, 3.0. 
[01May2025 18:53:08.064] [Server thread/WARN] [net.minecraftforge.common.ForgeConfigSpec/CORE]: Incorrect key tools.lapis_lazuli.lapis_lazuliSwordAtkSpeed was corrected from null to its default, -2.4000000953674316. 
[01May2025 18:53:08.065] [Server thread/WARN] [net.minecraftforge.common.ForgeConfigSpec/CORE]: Incorrect key tools.lapis_lazuli.lapis_lazuliShovelDamage was corrected from null to its default, 1.5. 
[01May2025 18:53:08.065] [Server thread/WARN] [net.minecraftforge.common.ForgeConfigSpec/CORE]: Incorrect key tools.lapis_lazuli.lapis_lazuliShovelAtkSpeed was corrected from null to its default, -3.0. 
[01May2025 18:53:08.065] [Server thread/WARN] [net.minecraftforge.common.ForgeConfigSpec/CORE]: Incorrect key tools.lapis_lazuli.lapis_lazuliAxeDamage was corrected from null to its default, 4.0. 
[01May2025 18:53:08.066] [Server thread/WARN] [net.minecraftforge.common.ForgeConfigSpec/CORE]: Incorrect key tools.lapis_lazuli.lapis_lazuliAxeAtkSpeed was corrected from null to its default, -2.9000000953674316. 
[01May2025 18:53:08.067] [Server thread/WARN] [net.minecraftforge.common.ForgeConfigSpec/CORE]: Incorrect key tools.lapis_lazuli.lapis_lazuliPickaxeDamage was corrected from null to its default, 1.0. 
[01May2025 18:53:08.067] [Server thread/WARN] [net.minecraftforge.common.ForgeConfigSpec/CORE]: Incorrect key tools.lapis_lazuli.lapis_lazuliPickaxeAtkSpeed was corrected from null to its default, -2.799999952316284. 
[01May2025 18:53:08.067] [Server thread/WARN] [net.minecraftforge.common.ForgeConfigSpec/CORE]: Incorrect key tools.lapis_lazuli.lapis_lazuliHoeDamage was corrected from null to its default, -1.0. 
[01May2025 18:53:08.068] [Server thread/WARN] [net.minecraftforge.common.ForgeConfigSpec/CORE]: Incorrect key tools.lapis_lazuli.lapis_lazuliHoeAtkSpeed was corrected from null to its default, -2.0. 
[01May2025 18:53:08.068] [Server thread/WARN] [net.minecraftforge.common.ForgeConfigSpec/CORE]: Incorrect key tools.lapis_lazuli.lapis_lazuliToolMaxUses was corrected from null to its default, 128. 
[01May2025 18:53:08.068] [Server thread/WARN] [net.minecraftforge.common.ForgeConfigSpec/CORE]: Incorrect key tools.lapis_lazuli.lapis_lazuliEfficiency was corrected from null to its default, 9.0. 
[01May2025 18:53:08.068] [Server thread/WARN] [net.minecraftforge.common.ForgeConfigSpec/CORE]: Incorrect key tools.lapis_lazuli.lapis_lazuliPaxelDamage was corrected from null to its default, 5.0. 
[01May2025 18:53:08.068] [Server thread/WARN] [net.minecraftforge.common.ForgeConfigSpec/CORE]: Incorrect key tools.lapis_lazuli.lapis_lazuliPaxelAtkSpeed was corrected from null to its default, -2.4000000953674316. 
[01May2025 18:53:08.068] [Server thread/WARN] [net.minecraftforge.common.ForgeConfigSpec/CORE]: Incorrect key tools.lapis_lazuli.lapis_lazuliPaxelEfficiency was corrected from null to its default, 9.0. 
[01May2025 18:53:08.068] [Server thread/WARN] [net.minecraftforge.common.ForgeConfigSpec/CORE]: Incorrect key tools.lapis_lazuli.lapis_lazuliPaxelEnchantability was corrected from null to its default, 32. 
[01May2025 18:53:08.068] [Server thread/WARN] [net.minecraftforge.common.ForgeConfigSpec/CORE]: Incorrect key tools.lapis_lazuli.lapis_lazuliPaxelMaxUses was corrected from null to its default, 256. 
[01May2025 18:53:08.069] [Server thread/WARN] [net.minecraftforge.common.ForgeConfigSpec/CORE]: Incorrect key tools.lapis_lazuli.lapis_lazuliEnchantability was corrected from null to its default, 32. 
[01May2025 18:53:08.069] [Server thread/WARN] [net.minecraftforge.common.ForgeConfigSpec/CORE]: Incorrect key tools.lapis_lazuli.lapis_lazuliToughness was corrected from null to its default, 0.0. 
[01May2025 18:53:08.069] [Server thread/WARN] [net.minecraftforge.common.ForgeConfigSpec/CORE]: Incorrect key tools.lapis_lazuli.lapis_lazuliKnockbackResistance was corrected from null to its default, 0.0. 
[01May2025 18:53:08.069] [Server thread/WARN] [net.minecraftforge.common.ForgeConfigSpec/CORE]: Incorrect key tools.lapis_lazuli.lapis_lazuliBootDurability was corrected from null to its default, 130. 
[01May2025 18:53:08.069] [Server thread/WARN] [net.minecraftforge.common.ForgeConfigSpec/CORE]: Incorrect key tools.lapis_lazuli.lapis_lazuliLeggingDurability was corrected from null to its default, 150. 
[01May2025 18:53:08.069] [Server thread/WARN] [net.minecraftforge.common.ForgeConfigSpec/CORE]: Incorrect key tools.lapis_lazuli.lapis_lazuliChestplateDurability was corrected from null to its default, 160. 
[01May2025 18:53:08.069] [Server thread/WARN] [net.minecraftforge.common.ForgeConfigSpec/CORE]: Incorrect key tools.lapis_lazuli.lapis_lazuliHelmetDurability was corrected from null to its default, 110. 
[01May2025 18:53:08.070] [Server thread/WARN] [net.minecraftforge.common.ForgeConfigSpec/CORE]: Incorrect key tools.lapis_lazuli.lapis_lazuliBootArmor was corrected from null to its default, 1. 
[01May2025 18:53:08.070] [Server thread/WARN] [net.minecraftforge.common.ForgeConfigSpec/CORE]: Incorrect key tools.lapis_lazuli.lapis_lazuliLeggingArmor was corrected from null to its default, 3. 
[01May2025 18:53:08.070] [Server thread/WARN] [net.minecraftforge.common.ForgeConfigSpec/CORE]: Incorrect key tools.lapis_lazuli.lapis_lazuliChestplateArmor was corrected from null to its default, 4. 
[01May2025 18:53:08.070] [Server thread/WARN] [net.minecraftforge.common.ForgeConfigSpec/CORE]: Incorrect key tools.lapis_lazuli.lapis_lazuliHelmetArmor was corrected from null to its default, 1. 
[01May2025 18:53:08.070] [Server thread/WARN] [net.minecraftforge.common.ForgeConfigSpec/CORE]: Incorrect key tools.osmium was corrected from null to its default, SimpleCommentedConfig:{}. 
[01May2025 18:53:08.070] [Server thread/WARN] [net.minecraftforge.common.ForgeConfigSpec/CORE]: Incorrect key tools.osmium.osmiumAttackDamage was corrected from null to its default, 4.0. 
[01May2025 18:53:08.071] [Server thread/WARN] [net.minecraftforge.common.ForgeConfigSpec/CORE]: Incorrect key tools.osmium.osmiumShieldDurability was corrected from null to its default, 672. 
[01May2025 18:53:08.071] [Server thread/WARN] [net.minecraftforge.common.ForgeConfigSpec/CORE]: Incorrect key tools.osmium.osmiumSwordDamage was corrected from null to its default, 3.0. 
[01May2025 18:53:08.071] [Server thread/WARN] [net.minecraftforge.common.ForgeConfigSpec/CORE]: Incorrect key tools.osmium.osmiumSwordAtkSpeed was corrected from null to its default, -2.4000000953674316. 
[01May2025 18:53:08.071] [Server thread/WARN] [net.minecraftforge.common.ForgeConfigSpec/CORE]: Incorrect key tools.osmium.osmiumShovelDamage was corrected from null to its default, 1.5. 
[01May2025 18:53:08.071] [Server thread/WARN] [net.minecraftforge.common.ForgeConfigSpec/CORE]: Incorrect key tools.osmium.osmiumShovelAtkSpeed was corrected from null to its default, -3.0. 
[01May2025 18:53:08.071] [Server thread/WARN] [net.minecraftforge.common.ForgeConfigSpec/CORE]: Incorrect key tools.osmium.osmiumAxeDamage was corrected from null to its default, 8.0. 
[01May2025 18:53:08.071] [Server thread/WARN] [net.minecraftforge.common.ForgeConfigSpec/CORE]: Incorrect key tools.osmium.osmiumAxeAtkSpeed was corrected from null to its default, -3.299999952316284. 
[01May2025 18:53:08.072] [Server thread/WARN] [net.minecraftforge.common.ForgeConfigSpec/CORE]: Incorrect key tools.osmium.osmiumPickaxeDamage was corrected from null to its default, 1.0. 
[01May2025 18:53:08.072] [Server thread/WARN] [net.minecraftforge.common.ForgeConfigSpec/CORE]: Incorrect key tools.osmium.osmiumPickaxeAtkSpeed was corrected from null to its default, -2.799999952316284. 
[01May2025 18:53:08.072] [Server thread/WARN] [net.minecraftforge.common.ForgeConfigSpec/CORE]: Incorrect key tools.osmium.osmiumHoeDamage was corrected from null to its default, -4.0. 
[01May2025 18:53:08.072] [Server thread/WARN] [net.minecraftforge.common.ForgeConfigSpec/CORE]: Incorrect key tools.osmium.osmiumHoeAtkSpeed was corrected from null to its default, 1.0. 
[01May2025 18:53:08.072] [Server thread/WARN] [net.minecraftforge.common.ForgeConfigSpec/CORE]: Incorrect key tools.osmium.osmiumToolMaxUses was corrected from null to its default, 1024. 
[01May2025 18:53:08.073] [Server thread/WARN] [net.minecraftforge.common.ForgeConfigSpec/CORE]: Incorrect key tools.osmium.osmiumEfficiency was corrected from null to its default, 4.0. 
[01May2025 18:53:08.073] [Server thread/WARN] [net.minecraftforge.common.ForgeConfigSpec/CORE]: Incorrect key tools.osmium.osmiumPaxelDamage was corrected from null to its default, 9.0. 
[01May2025 18:53:08.073] [Server thread/WARN] [net.minecraftforge.common.ForgeConfigSpec/CORE]: Incorrect key tools.osmium.osmiumPaxelAtkSpeed was corrected from null to its default, -2.4000000953674316. 
[01May2025 18:53:08.073] [Server thread/WARN] [net.minecraftforge.common.ForgeConfigSpec/CORE]: Incorrect key tools.osmium.osmiumPaxelEfficiency was corrected from null to its default, 4.0. 
[01May2025 18:53:08.073] [Server thread/WARN] [net.minecraftforge.common.ForgeConfigSpec/CORE]: Incorrect key tools.osmium.osmiumPaxelEnchantability was corrected from null to its default, 14. 
[01May2025 18:53:08.073] [Server thread/WARN] [net.minecraftforge.common.ForgeConfigSpec/CORE]: Incorrect key tools.osmium.osmiumPaxelMaxUses was corrected from null to its default, 2048. 
[01May2025 18:53:08.074] [Server thread/WARN] [net.minecraftforge.common.ForgeConfigSpec/CORE]: Incorrect key tools.osmium.osmiumEnchantability was corrected from null to its default, 14. 
[01May2025 18:53:08.074] [Server thread/WARN] [net.minecraftforge.common.ForgeConfigSpec/CORE]: Incorrect key tools.osmium.osmiumToughness was corrected from null to its default, 3.0. 
[01May2025 18:53:08.074] [Server thread/WARN] [net.minecraftforge.common.ForgeConfigSpec/CORE]: Incorrect key tools.osmium.osmiumKnockbackResistance was corrected from null to its default, 0.10000000149011612. 
[01May2025 18:53:08.074] [Server thread/WARN] [net.minecraftforge.common.ForgeConfigSpec/CORE]: Incorrect key tools.osmium.osmiumBootDurability was corrected from null to its default, 390. 
[01May2025 18:53:08.075] [Server thread/WARN] [net.minecraftforge.common.ForgeConfigSpec/CORE]: Incorrect key tools.osmium.osmiumLeggingDurability was corrected from null to its default, 450. 
[01May2025 18:53:08.075] [Server thread/WARN] [net.minecraftforge.common.ForgeConfigSpec/CORE]: Incorrect key tools.osmium.osmiumChestplateDurability was corrected from null to its default, 480. 
[01May2025 18:53:08.075] [Server thread/WARN] [net.minecraftforge.common.ForgeConfigSpec/CORE]: Incorrect key tools.osmium.osmiumHelmetDurability was corrected from null to its default, 330. 
[01May2025 18:53:08.076] [Server thread/WARN] [net.minecraftforge.common.ForgeConfigSpec/CORE]: Incorrect key tools.osmium.osmiumBootArmor was corrected from null to its default, 3. 
[01May2025 18:53:08.076] [Server thread/WARN] [net.minecraftforge.common.ForgeConfigSpec/CORE]: Incorrect key tools.osmium.osmiumLeggingArmor was corrected from null to its default, 6. 
[01May2025 18:53:08.076] [Server thread/WARN] [net.minecraftforge.common.ForgeConfigSpec/CORE]: Incorrect key tools.osmium.osmiumChestplateArmor was corrected from null to its default, 8. 
[01May2025 18:53:08.076] [Server thread/WARN] [net.minecraftforge.common.ForgeConfigSpec/CORE]: Incorrect key tools.osmium.osmiumHelmetArmor was corrected from null to its default, 4. 
[01May2025 18:53:08.076] [Server thread/WARN] [net.minecraftforge.common.ForgeConfigSpec/CORE]: Incorrect key tools.refined_glowstone was corrected from null to its default, SimpleCommentedConfig:{}. 
[01May2025 18:53:08.077] [Server thread/WARN] [net.minecraftforge.common.ForgeConfigSpec/CORE]: Incorrect key tools.refined_glowstone.refined_glowstoneAttackDamage was corrected from null to its default, 2.0. 
[01May2025 18:53:08.077] [Server thread/WARN] [net.minecraftforge.common.ForgeConfigSpec/CORE]: Incorrect key tools.refined_glowstone.refined_glowstoneShieldDurability was corrected from null to its default, 381. 
[01May2025 18:53:08.077] [Server thread/WARN] [net.minecraftforge.common.ForgeConfigSpec/CORE]: Incorrect key tools.refined_glowstone.refined_glowstoneSwordDamage was corrected from null to its default, 3.0. 
[01May2025 18:53:08.077] [Server thread/WARN] [net.minecraftforge.common.ForgeConfigSpec/CORE]: Incorrect key tools.refined_glowstone.refined_glowstoneSwordAtkSpeed was corrected from null to its default, -2.4000000953674316. 
[01May2025 18:53:08.077] [Server thread/WARN] [net.minecraftforge.common.ForgeConfigSpec/CORE]: Incorrect key tools.refined_glowstone.refined_glowstoneShovelDamage was corrected from null to its default, 1.5. 
[01May2025 18:53:08.077] [Server thread/WARN] [net.minecraftforge.common.ForgeConfigSpec/CORE]: Incorrect key tools.refined_glowstone.refined_glowstoneShovelAtkSpeed was corrected from null to its default, -3.0. 
[01May2025 18:53:08.077] [Server thread/WARN] [net.minecraftforge.common.ForgeConfigSpec/CORE]: Incorrect key tools.refined_glowstone.refined_glowstoneAxeDamage was corrected from null to its default, 6.0. 
[01May2025 18:53:08.077] [Server thread/WARN] [net.minecraftforge.common.ForgeConfigSpec/CORE]: Incorrect key tools.refined_glowstone.refined_glowstoneAxeAtkSpeed was corrected from null to its default, -2.9000000953674316. 
[01May2025 18:53:08.077] [Server thread/WARN] [net.minecraftforge.common.ForgeConfigSpec/CORE]: Incorrect key tools.refined_glowstone.refined_glowstonePickaxeDamage was corrected from null to its default, 1.0. 
[01May2025 18:53:08.078] [Server thread/WARN] [net.minecraftforge.common.ForgeConfigSpec/CORE]: Incorrect key tools.refined_glowstone.refined_glowstonePickaxeAtkSpeed was corrected from null to its default, -2.799999952316284. 
[01May2025 18:53:08.078] [Server thread/WARN] [net.minecraftforge.common.ForgeConfigSpec/CORE]: Incorrect key tools.refined_glowstone.refined_glowstoneHoeDamage was corrected from null to its default, -2.0. 
[01May2025 18:53:08.078] [Server thread/WARN] [net.minecraftforge.common.ForgeConfigSpec/CORE]: Incorrect key tools.refined_glowstone.refined_glowstoneHoeAtkSpeed was corrected from null to its default, -1.0. 
[01May2025 18:53:08.078] [Server thread/WARN] [net.minecraftforge.common.ForgeConfigSpec/CORE]: Incorrect key tools.refined_glowstone.refined_glowstoneToolMaxUses was corrected from null to its default, 384. 
[01May2025 18:53:08.078] [Server thread/WARN] [net.minecraftforge.common.ForgeConfigSpec/CORE]: Incorrect key tools.refined_glowstone.refined_glowstoneEfficiency was corrected from null to its default, 15.0. 
[01May2025 18:53:08.078] [Server thread/WARN] [net.minecraftforge.common.ForgeConfigSpec/CORE]: Incorrect key tools.refined_glowstone.refined_glowstonePaxelDamage was corrected from null to its default, 7.0. 
[01May2025 18:53:08.079] [Server thread/WARN] [net.minecraftforge.common.ForgeConfigSpec/CORE]: Incorrect key tools.refined_glowstone.refined_glowstonePaxelAtkSpeed was corrected from null to its default, -2.4000000953674316. 
[01May2025 18:53:08.079] [Server thread/WARN] [net.minecraftforge.common.ForgeConfigSpec/CORE]: Incorrect key tools.refined_glowstone.refined_glowstonePaxelEfficiency was corrected from null to its default, 15.0. 
[01May2025 18:53:08.079] [Server thread/WARN] [net.minecraftforge.common.ForgeConfigSpec/CORE]: Incorrect key tools.refined_glowstone.refined_glowstonePaxelEnchantability was corrected from null to its default, 20. 
[01May2025 18:53:08.080] [Server thread/WARN] [net.minecraftforge.common.ForgeConfigSpec/CORE]: Incorrect key tools.refined_glowstone.refined_glowstonePaxelMaxUses was corrected from null to its default, 768. 
[01May2025 18:53:08.080] [Server thread/WARN] [net.minecraftforge.common.ForgeConfigSpec/CORE]: Incorrect key tools.refined_glowstone.refined_glowstoneEnchantability was corrected from null to its default, 20. 
[01May2025 18:53:08.081] [Server thread/WARN] [net.minecraftforge.common.ForgeConfigSpec/CORE]: Incorrect key tools.refined_glowstone.refined_glowstoneToughness was corrected from null to its default, 0.0. 
[01May2025 18:53:08.081] [Server thread/WARN] [net.minecraftforge.common.ForgeConfigSpec/CORE]: Incorrect key tools.refined_glowstone.refined_glowstoneKnockbackResistance was corrected from null to its default, 0.0. 
[01May2025 18:53:08.081] [Server thread/WARN] [net.minecraftforge.common.ForgeConfigSpec/CORE]: Incorrect key tools.refined_glowstone.refined_glowstoneBootDurability was corrected from null to its default, 221. 
[01May2025 18:53:08.081] [Server thread/WARN] [net.minecraftforge.common.ForgeConfigSpec/CORE]: Incorrect key tools.refined_glowstone.refined_glowstoneLeggingDurability was corrected from null to its default, 255. 
[01May2025 18:53:08.081] [Server thread/WARN] [net.minecraftforge.common.ForgeConfigSpec/CORE]: Incorrect key tools.refined_glowstone.refined_glowstoneChestplateDurability was corrected from null to its default, 272. 
[01May2025 18:53:08.082] [Server thread/WARN] [net.minecraftforge.common.ForgeConfigSpec/CORE]: Incorrect key tools.refined_glowstone.refined_glowstoneHelmetDurability was corrected from null to its default, 187. 
[01May2025 18:53:08.082] [Server thread/WARN] [net.minecraftforge.common.ForgeConfigSpec/CORE]: Incorrect key tools.refined_glowstone.refined_glowstoneBootArmor was corrected from null to its default, 3. 
[01May2025 18:53:08.082] [Server thread/WARN] [net.minecraftforge.common.ForgeConfigSpec/CORE]: Incorrect key tools.refined_glowstone.refined_glowstoneLeggingArmor was corrected from null to its default, 6. 
[01May2025 18:53:08.082] [Server thread/WARN] [net.minecraftforge.common.ForgeConfigSpec/CORE]: Incorrect key tools.refined_glowstone.refined_glowstoneChestplateArmor was corrected from null to its default, 8. 
[01May2025 18:53:08.083] [Server thread/WARN] [net.minecraftforge.common.ForgeConfigSpec/CORE]: Incorrect key tools.refined_glowstone.refined_glowstoneHelmetArmor was corrected from null to its default, 3. 
[01May2025 18:53:08.083] [Server thread/WARN] [net.minecraftforge.common.ForgeConfigSpec/CORE]: Incorrect key tools.refined_obsidian was corrected from null to its default, SimpleCommentedConfig:{}. 
[01May2025 18:53:08.083] [Server thread/WARN] [net.minecraftforge.common.ForgeConfigSpec/CORE]: Incorrect key tools.refined_obsidian.refined_obsidianAttackDamage was corrected from null to its default, 8.0. 
[01May2025 18:53:08.083] [Server thread/WARN] [net.minecraftforge.common.ForgeConfigSpec/CORE]: Incorrect key tools.refined_obsidian.refined_obsidianShieldDurability was corrected from null to its default, 1680. 
[01May2025 18:53:08.083] [Server thread/WARN] [net.minecraftforge.common.ForgeConfigSpec/CORE]: Incorrect key tools.refined_obsidian.refined_obsidianSwordDamage was corrected from null to its default, 3.0. 
[01May2025 18:53:08.084] [Server thread/WARN] [net.minecraftforge.common.ForgeConfigSpec/CORE]: Incorrect key tools.refined_obsidian.refined_obsidianSwordAtkSpeed was corrected from null to its default, -2.4000000953674316. 
[01May2025 18:53:08.084] [Server thread/WARN] [net.minecraftforge.common.ForgeConfigSpec/CORE]: Incorrect key tools.refined_obsidian.refined_obsidianShovelDamage was corrected from null to its default, 1.5. 
[01May2025 18:53:08.084] [Server thread/WARN] [net.minecraftforge.common.ForgeConfigSpec/CORE]: Incorrect key tools.refined_obsidian.refined_obsidianShovelAtkSpeed was corrected from null to its default, -3.0. 
[01May2025 18:53:08.084] [Server thread/WARN] [net.minecraftforge.common.ForgeConfigSpec/CORE]: Incorrect key tools.refined_obsidian.refined_obsidianAxeDamage was corrected from null to its default, 7.0. 
[01May2025 18:53:08.084] [Server thread/WARN] [net.minecraftforge.common.ForgeConfigSpec/CORE]: Incorrect key tools.refined_obsidian.refined_obsidianAxeAtkSpeed was corrected from null to its default, -2.9000000953674316. 
[01May2025 18:53:08.085] [Server thread/WARN] [net.minecraftforge.common.ForgeConfigSpec/CORE]: Incorrect key tools.refined_obsidian.refined_obsidianPickaxeDamage was corrected from null to its default, 1.0. 
[01May2025 18:53:08.085] [Server thread/WARN] [net.minecraftforge.common.ForgeConfigSpec/CORE]: Incorrect key tools.refined_obsidian.refined_obsidianPickaxeAtkSpeed was corrected from null to its default, -2.799999952316284. 
[01May2025 18:53:08.085] [Server thread/WARN] [net.minecraftforge.common.ForgeConfigSpec/CORE]: Incorrect key tools.refined_obsidian.refined_obsidianHoeDamage was corrected from null to its default, -8.0. 
[01May2025 18:53:08.085] [Server thread/WARN] [net.minecraftforge.common.ForgeConfigSpec/CORE]: Incorrect key tools.refined_obsidian.refined_obsidianHoeAtkSpeed was corrected from null to its default, 5.0. 
[01May2025 18:53:08.086] [Server thread/WARN] [net.minecraftforge.common.ForgeConfigSpec/CORE]: Incorrect key tools.refined_obsidian.refined_obsidianToolMaxUses was corrected from null to its default, 4096. 
[01May2025 18:53:08.086] [Server thread/WARN] [net.minecraftforge.common.ForgeConfigSpec/CORE]: Incorrect key tools.refined_obsidian.refined_obsidianEfficiency was corrected from null to its default, 12.0. 
[01May2025 18:53:08.086] [Server thread/WARN] [net.minecraftforge.common.ForgeConfigSpec/CORE]: Incorrect key tools.refined_obsidian.refined_obsidianPaxelDamage was corrected from null to its default, 8.0. 
[01May2025 18:53:08.087] [Server thread/WARN] [net.minecraftforge.common.ForgeConfigSpec/CORE]: Incorrect key tools.refined_obsidian.refined_obsidianPaxelAtkSpeed was corrected from null to its default, -2.4000000953674316. 
[01May2025 18:53:08.087] [Server thread/WARN] [net.minecraftforge.common.ForgeConfigSpec/CORE]: Incorrect key tools.refined_obsidian.refined_obsidianPaxelEfficiency was corrected from null to its default, 12.0. 
[01May2025 18:53:08.087] [Server thread/WARN] [net.minecraftforge.common.ForgeConfigSpec/CORE]: Incorrect key tools.refined_obsidian.refined_obsidianPaxelEnchantability was corrected from null to its default, 18. 
[01May2025 18:53:08.087] [Server thread/WARN] [net.minecraftforge.common.ForgeConfigSpec/CORE]: Incorrect key tools.refined_obsidian.refined_obsidianPaxelMaxUses was corrected from null to its default, 8192. 
[01May2025 18:53:08.087] [Server thread/WARN] [net.minecraftforge.common.ForgeConfigSpec/CORE]: Incorrect key tools.refined_obsidian.refined_obsidianEnchantability was corrected from null to its default, 18. 
[01May2025 18:53:08.087] [Server thread/WARN] [net.minecraftforge.common.ForgeConfigSpec/CORE]: Incorrect key tools.refined_obsidian.refined_obsidianToughness was corrected from null to its default, 5.0. 
[01May2025 18:53:08.088] [Server thread/WARN] [net.minecraftforge.common.ForgeConfigSpec/CORE]: Incorrect key tools.refined_obsidian.refined_obsidianKnockbackResistance was corrected from null to its default, 0.20000000298023224. 
[01May2025 18:53:08.088] [Server thread/WARN] [net.minecraftforge.common.ForgeConfigSpec/CORE]: Incorrect key tools.refined_obsidian.refined_obsidianBootDurability was corrected from null to its default, 975. 
[01May2025 18:53:08.088] [Server thread/WARN] [net.minecraftforge.common.ForgeConfigSpec/CORE]: Incorrect key tools.refined_obsidian.refined_obsidianLeggingDurability was corrected from null to its default, 1125. 
[01May2025 18:53:08.088] [Server thread/WARN] [net.minecraftforge.common.ForgeConfigSpec/CORE]: Incorrect key tools.refined_obsidian.refined_obsidianChestplateDurability was corrected from null to its default, 1200. 
[01May2025 18:53:08.088] [Server thread/WARN] [net.minecraftforge.common.ForgeConfigSpec/CORE]: Incorrect key tools.refined_obsidian.refined_obsidianHelmetDurability was corrected from null to its default, 825. 
[01May2025 18:53:08.088] [Server thread/WARN] [net.minecraftforge.common.ForgeConfigSpec/CORE]: Incorrect key tools.refined_obsidian.refined_obsidianBootArmor was corrected from null to its default, 5. 
[01May2025 18:53:08.089] [Server thread/WARN] [net.minecraftforge.common.ForgeConfigSpec/CORE]: Incorrect key tools.refined_obsidian.refined_obsidianLeggingArmor was corrected from null to its default, 8. 
[01May2025 18:53:08.089] [Server thread/WARN] [net.minecraftforge.common.ForgeConfigSpec/CORE]: Incorrect key tools.refined_obsidian.refined_obsidianChestplateArmor was corrected from null to its default, 12. 
[01May2025 18:53:08.089] [Server thread/WARN] [net.minecraftforge.common.ForgeConfigSpec/CORE]: Incorrect key tools.refined_obsidian.refined_obsidianHelmetArmor was corrected from null to its default, 6. 
[01May2025 18:53:08.089] [Server thread/WARN] [net.minecraftforge.common.ForgeConfigSpec/CORE]: Incorrect key tools.steel was corrected from null to its default, SimpleCommentedConfig:{}. 
[01May2025 18:53:08.089] [Server thread/WARN] [net.minecraftforge.common.ForgeConfigSpec/CORE]: Incorrect key tools.steel.steelAttackDamage was corrected from null to its default, 3.0. 
[01May2025 18:53:08.089] [Server thread/WARN] [net.minecraftforge.common.ForgeConfigSpec/CORE]: Incorrect key tools.steel.steelShieldDurability was corrected from null to its default, 448. 
[01May2025 18:53:08.089] [Server thread/WARN] [net.minecraftforge.common.ForgeConfigSpec/CORE]: Incorrect key tools.steel.steelSwordDamage was corrected from null to its default, 3.0. 
[01May2025 18:53:08.090] [Server thread/WARN] [net.minecraftforge.common.ForgeConfigSpec/CORE]: Incorrect key tools.steel.steelSwordAtkSpeed was corrected from null to its default, -2.4000000953674316. 
[01May2025 18:53:08.090] [Server thread/WARN] [net.minecraftforge.common.ForgeConfigSpec/CORE]: Incorrect key tools.steel.steelShovelDamage was corrected from null to its default, 1.5. 
[01May2025 18:53:08.090] [Server thread/WARN] [net.minecraftforge.common.ForgeConfigSpec/CORE]: Incorrect key tools.steel.steelShovelAtkSpeed was corrected from null to its default, -3.0. 
[01May2025 18:53:08.090] [Server thread/WARN] [net.minecraftforge.common.ForgeConfigSpec/CORE]: Incorrect key tools.steel.steelAxeDamage was corrected from null to its default, 7.0. 
[01May2025 18:53:08.090] [Server thread/WARN] [net.minecraftforge.common.ForgeConfigSpec/CORE]: Incorrect key tools.steel.steelAxeAtkSpeed was corrected from null to its default, -3.0. 
[01May2025 18:53:08.090] [Server thread/WARN] [net.minecraftforge.common.ForgeConfigSpec/CORE]: Incorrect key tools.steel.steelPickaxeDamage was corrected from null to its default, 1.0. 
[01May2025 18:53:08.090] [Server thread/WARN] [net.minecraftforge.common.ForgeConfigSpec/CORE]: Incorrect key tools.steel.steelPickaxeAtkSpeed was corrected from null to its default, -2.799999952316284. 
[01May2025 18:53:08.091] [Server thread/WARN] [net.minecraftforge.common.ForgeConfigSpec/CORE]: Incorrect key tools.steel.steelHoeDamage was corrected from null to its default, -3.0. 
[01May2025 18:53:08.091] [Server thread/WARN] [net.minecraftforge.common.ForgeConfigSpec/CORE]: Incorrect key tools.steel.steelHoeAtkSpeed was corrected from null to its default, 0.0. 
[01May2025 18:53:08.091] [Server thread/WARN] [net.minecraftforge.common.ForgeConfigSpec/CORE]: Incorrect key tools.steel.steelToolMaxUses was corrected from null to its default, 500. 
[01May2025 18:53:08.091] [Server thread/WARN] [net.minecraftforge.common.ForgeConfigSpec/CORE]: Incorrect key tools.steel.steelEfficiency was corrected from null to its default, 8.0. 
[01May2025 18:53:08.091] [Server thread/WARN] [net.minecraftforge.common.ForgeConfigSpec/CORE]: Incorrect key tools.steel.steelPaxelDamage was corrected from null to its default, 8.0. 
[01May2025 18:53:08.091] [Server thread/WARN] [net.minecraftforge.common.ForgeConfigSpec/CORE]: Incorrect key tools.steel.steelPaxelAtkSpeed was corrected from null to its default, -2.4000000953674316. 
[01May2025 18:53:08.092] [Server thread/WARN] [net.minecraftforge.common.ForgeConfigSpec/CORE]: Incorrect key tools.steel.steelPaxelEfficiency was corrected from null to its default, 8.0. 
[01May2025 18:53:08.092] [Server thread/WARN] [net.minecraftforge.common.ForgeConfigSpec/CORE]: Incorrect key tools.steel.steelPaxelEnchantability was corrected from null to its default, 16. 
[01May2025 18:53:08.092] [Server thread/WARN] [net.minecraftforge.common.ForgeConfigSpec/CORE]: Incorrect key tools.steel.steelPaxelMaxUses was corrected from null to its default, 1000. 
[01May2025 18:53:08.092] [Server thread/WARN] [net.minecraftforge.common.ForgeConfigSpec/CORE]: Incorrect key tools.steel.steelEnchantability was corrected from null to its default, 16. 
[01May2025 18:53:08.092] [Server thread/WARN] [net.minecraftforge.common.ForgeConfigSpec/CORE]: Incorrect key tools.steel.steelToughness was corrected from null to its default, 2.0. 
[01May2025 18:53:08.092] [Server thread/WARN] [net.minecraftforge.common.ForgeConfigSpec/CORE]: Incorrect key tools.steel.steelKnockbackResistance was corrected from null to its default, 0.0. 
[01May2025 18:53:08.092] [Server thread/WARN] [net.minecraftforge.common.ForgeConfigSpec/CORE]: Incorrect key tools.steel.steelBootDurability was corrected from null to its default, 260. 
[01May2025 18:53:08.093] [Server thread/WARN] [net.minecraftforge.common.ForgeConfigSpec/CORE]: Incorrect key tools.steel.steelLeggingDurability was corrected from null to its default, 300. 
[01May2025 18:53:08.093] [Server thread/WARN] [net.minecraftforge.common.ForgeConfigSpec/CORE]: Incorrect key tools.steel.steelChestplateDurability was corrected from null to its default, 320. 
[01May2025 18:53:08.093] [Server thread/WARN] [net.minecraftforge.common.ForgeConfigSpec/CORE]: Incorrect key tools.steel.steelHelmetDurability was corrected from null to its default, 220. 
[01May2025 18:53:08.093] [Server thread/WARN] [net.minecraftforge.common.ForgeConfigSpec/CORE]: Incorrect key tools.steel.steelBootArmor was corrected from null to its default, 3. 
[01May2025 18:53:08.093] [Server thread/WARN] [net.minecraftforge.common.ForgeConfigSpec/CORE]: Incorrect key tools.steel.steelLeggingArmor was corrected from null to its default, 6. 
[01May2025 18:53:08.093] [Server thread/WARN] [net.minecraftforge.common.ForgeConfigSpec/CORE]: Incorrect key tools.steel.steelChestplateArmor was corrected from null to its default, 8. 
[01May2025 18:53:08.094] [Server thread/WARN] [net.minecraftforge.common.ForgeConfigSpec/CORE]: Incorrect key tools.steel.steelHelmetArmor was corrected from null to its default, 3. 
[01May2025 18:53:08.099] [Server thread/WARN] [net.minecraftforge.common.ForgeConfigSpec/CORE]: Configuration file ./world/serverconfig/easier_sleeping-server.toml is not correct. Correcting
[01May2025 18:53:08.100] [Server thread/WARN] [net.minecraftforge.common.ForgeConfigSpec/CORE]: Incorrect key sleep_percent was corrected from null to its default, 50. 
[01May2025 18:53:08.100] [Server thread/WARN] [net.minecraftforge.common.ForgeConfigSpec/CORE]: Incorrect key sleep_message was corrected from null to its default, is now in bed.. 
[01May2025 18:53:08.102] [Server thread/WARN] [net.minecraftforge.common.ForgeConfigSpec/CORE]: Incorrect key wake_message was corrected from null to its default, stood up.. 
[01May2025 18:53:08.103] [Server thread/WARN] [net.minecraftforge.common.ForgeConfigSpec/CORE]: Incorrect key morning_message was corrected from null to its default, Good Morning. 
[01May2025 18:53:08.103] [Server thread/WARN] [net.minecraftforge.common.ForgeConfigSpec/CORE]: Incorrect key all_players_rest was corrected from null to its default, false. 
[01May2025 18:53:08.105] [Server thread/WARN] [net.minecraftforge.common.ForgeConfigSpec/CORE]: Incorrect key dimensions was corrected from null to its default, [minecraft:overworld]. 
[01May2025 18:53:08.106] [Server thread/WARN] [net.minecraftforge.common.ForgeConfigSpec/CORE]: Incorrect key dimension_list_type was corrected from null to its default, SLEEP_ACTIVE. 
[01May2025 18:53:08.107] [Server thread/WARN] [net.minecraftforge.common.ForgeConfigSpec/CORE]: Incorrect key block_blacklist was corrected from null to its default, []. 
[01May2025 18:53:08.109] [Server thread/INFO] [de.geheimagentnr1.minecraft_forge_api.config.AbstractConfig/]: Loading "Easier Sleeping" SERVER Config
[01May2025 18:53:08.109] [Thread-3/INFO] [de.geheimagentnr1.minecraft_forge_api.config.AbstractConfig/]: Loading "Easier Sleeping" SERVER Config
[01May2025 18:53:08.109] [Server thread/INFO] [de.geheimagentnr1.minecraft_forge_api.config.AbstractConfig/]: sleep_message = is now in bed.
[01May2025 18:53:08.109] [Thread-3/INFO] [de.geheimagentnr1.minecraft_forge_api.config.AbstractConfig/]: sleep_message = is now in bed.
[01May2025 18:53:08.110] [Server thread/INFO] [de.geheimagentnr1.minecraft_forge_api.config.AbstractConfig/]: dimension_list_type = SLEEP_ACTIVE
[01May2025 18:53:08.110] [Server thread/INFO] [de.geheimagentnr1.minecraft_forge_api.config.AbstractConfig/]: wake_message = stood up.
[01May2025 18:53:08.110] [Server thread/INFO] [de.geheimagentnr1.minecraft_forge_api.config.AbstractConfig/]: block_blacklist = []
[01May2025 18:53:08.110] [Server thread/INFO] [de.geheimagentnr1.minecraft_forge_api.config.AbstractConfig/]: sleep_percent = 50
[01May2025 18:53:08.110] [Thread-3/INFO] [de.geheimagentnr1.minecraft_forge_api.config.AbstractConfig/]: dimension_list_type = SLEEP_ACTIVE
[01May2025 18:53:08.111] [Thread-3/INFO] [de.geheimagentnr1.minecraft_forge_api.config.AbstractConfig/]: wake_message = stood up.
[01May2025 18:53:08.111] [Thread-3/INFO] [de.geheimagentnr1.minecraft_forge_api.config.AbstractConfig/]: block_blacklist = []
[01May2025 18:53:08.111] [Thread-3/INFO] [de.geheimagentnr1.minecraft_forge_api.config.AbstractConfig/]: sleep_percent = 50
[01May2025 18:53:08.111] [Server thread/INFO] [de.geheimagentnr1.minecraft_forge_api.config.AbstractConfig/]: morning_message = Good Morning
[01May2025 18:53:08.112] [Server thread/INFO] [de.geheimagentnr1.minecraft_forge_api.config.AbstractConfig/]: all_players_rest = false
[01May2025 18:53:08.112] [Server thread/INFO] [de.geheimagentnr1.minecraft_forge_api.config.AbstractConfig/]: dimensions = [minecraft:overworld]
[01May2025 18:53:08.111] [Thread-3/INFO] [de.geheimagentnr1.minecraft_forge_api.config.AbstractConfig/]: morning_message = Good Morning
[01May2025 18:53:08.113] [Server thread/INFO] [de.geheimagentnr1.minecraft_forge_api.config.AbstractConfig/]: "Easier Sleeping" SERVER Config loaded
[01May2025 18:53:08.113] [Thread-3/INFO] [de.geheimagentnr1.minecraft_forge_api.config.AbstractConfig/]: all_players_rest = false
[01May2025 18:53:08.113] [Thread-3/INFO] [de.geheimagentnr1.minecraft_forge_api.config.AbstractConfig/]: dimensions = [minecraft:overworld]
[01May2025 18:53:08.114] [Thread-3/INFO] [de.geheimagentnr1.minecraft_forge_api.config.AbstractConfig/]: "Easier Sleeping" SERVER Config loaded
[01May2025 18:53:08.115] [Server thread/WARN] [net.minecraftforge.common.ForgeConfigSpec/CORE]: Configuration file ./world/serverconfig/easy_villagers-server.toml is not correct. Correcting
[01May2025 18:53:08.116] [Server thread/WARN] [net.minecraftforge.common.ForgeConfigSpec/CORE]: Incorrect key breeder was corrected from null to its default, SimpleCommentedConfig:{}. 
[01May2025 18:53:08.116] [Server thread/WARN] [net.minecraftforge.common.ForgeConfigSpec/CORE]: Incorrect key breeder.breeding_time was corrected from null to its default, 1200. 
[01May2025 18:53:08.117] [Server thread/WARN] [net.minecraftforge.common.ForgeConfigSpec/CORE]: Incorrect key converter was corrected from null to its default, SimpleCommentedConfig:{}. 
[01May2025 18:53:08.117] [Server thread/WARN] [net.minecraftforge.common.ForgeConfigSpec/CORE]: Incorrect key converter.converting_time was corrected from null to its default, 6000. 
[01May2025 18:53:08.117] [Server thread/WARN] [net.minecraftforge.common.ForgeConfigSpec/CORE]: Incorrect key farmer was corrected from null to its default, SimpleCommentedConfig:{}. 
[01May2025 18:53:08.118] [Server thread/WARN] [net.minecraftforge.common.ForgeConfigSpec/CORE]: Incorrect key farmer.farm_speed was corrected from null to its default, 10. 
[01May2025 18:53:08.118] [Server thread/WARN] [net.minecraftforge.common.ForgeConfigSpec/CORE]: Incorrect key farmer.crop_blacklist was corrected from null to its default, [#easy_villagers:invalid_farmer_crop]. 
[01May2025 18:53:08.119] [Server thread/WARN] [net.minecraftforge.common.ForgeConfigSpec/CORE]: Incorrect key iron_farm was corrected from null to its default, SimpleCommentedConfig:{}. 
[01May2025 18:53:08.119] [Server thread/WARN] [net.minecraftforge.common.ForgeConfigSpec/CORE]: Incorrect key iron_farm.spawn_time was corrected from null to its default, 4800. 
[01May2025 18:53:08.119] [Server thread/WARN] [net.minecraftforge.common.ForgeConfigSpec/CORE]: Incorrect key trader was corrected from null to its default, SimpleCommentedConfig:{}. 
[01May2025 18:53:08.120] [Server thread/WARN] [net.minecraftforge.common.ForgeConfigSpec/CORE]: Incorrect key trader.min_restock_time was corrected from null to its default, 1200. 
[01May2025 18:53:08.120] [Server thread/WARN] [net.minecraftforge.common.ForgeConfigSpec/CORE]: Incorrect key trader.max_restock_time was corrected from null to its default, 3600. 
[01May2025 18:53:08.120] [Server thread/WARN] [net.minecraftforge.common.ForgeConfigSpec/CORE]: Incorrect key auto_trader was corrected from null to its default, SimpleCommentedConfig:{}. 
[01May2025 18:53:08.120] [Server thread/WARN] [net.minecraftforge.common.ForgeConfigSpec/CORE]: Incorrect key auto_trader.min_restock_time was corrected from null to its default, 1200. 
[01May2025 18:53:08.121] [Server thread/WARN] [net.minecraftforge.common.ForgeConfigSpec/CORE]: Incorrect key auto_trader.max_restock_time was corrected from null to its default, 3600. 
[01May2025 18:53:08.121] [Server thread/WARN] [net.minecraftforge.common.ForgeConfigSpec/CORE]: Incorrect key auto_trader.trade_cooldown was corrected from null to its default, 20. 
[01May2025 18:53:08.122] [Server thread/WARN] [net.minecraftforge.common.ForgeConfigSpec/CORE]: Incorrect key villager was corrected from null to its default, SimpleCommentedConfig:{}. 
[01May2025 18:53:08.123] [Server thread/WARN] [net.minecraftforge.common.ForgeConfigSpec/CORE]: Incorrect key villager.inventory_sounds was corrected from null to its default, true. 
[01May2025 18:53:08.123] [Server thread/WARN] [net.minecraftforge.common.ForgeConfigSpec/CORE]: Incorrect key villager.sound_amount was corrected from null to its default, 20. 
[01May2025 18:53:08.123] [Server thread/WARN] [net.minecraftforge.common.ForgeConfigSpec/CORE]: Incorrect key villager.trade_cycling was corrected from null to its default, true. 
[01May2025 18:53:08.123] [Server thread/WARN] [net.minecraftforge.common.ForgeConfigSpec/CORE]: Incorrect key villager.universal_reputation was corrected from null to its default, true. 
[01May2025 18:53:08.124] [Server thread/WARN] [net.minecraftforge.common.ForgeConfigSpec/CORE]: Incorrect key incubator was corrected from null to its default, SimpleCommentedConfig:{}. 
[01May2025 18:53:08.124] [Server thread/WARN] [net.minecraftforge.common.ForgeConfigSpec/CORE]: Incorrect key incubator.speed was corrected from null to its default, 2. 
[01May2025 18:53:08.132] [Server thread/WARN] [net.minecraftforge.common.ForgeConfigSpec/CORE]: Configuration file ./world/serverconfig/securitycraft-server.toml is not correct. Correcting
[01May2025 18:53:08.133] [Server thread/WARN] [net.minecraftforge.common.ForgeConfigSpec/CORE]: Incorrect key codebreaker_chance was corrected from null to its default, 0.33. 
[01May2025 18:53:08.133] [Server thread/WARN] [net.minecraftforge.common.ForgeConfigSpec/CORE]: Incorrect key allowAdminTool was corrected from null to its default, true. 
[01May2025 18:53:08.134] [Server thread/WARN] [net.minecraftforge.common.ForgeConfigSpec/CORE]: Incorrect key shouldSpawnFire was corrected from null to its default, true. 
[01May2025 18:53:08.135] [Server thread/WARN] [net.minecraftforge.common.ForgeConfigSpec/CORE]: Incorrect key ableToBreakMines was corrected from null to its default, true. 
[01May2025 18:53:08.135] [Server thread/WARN] [net.minecraftforge.common.ForgeConfigSpec/CORE]: Incorrect key smallerMineExplosion was corrected from null to its default, false. 
[01May2025 18:53:08.136] [Server thread/WARN] [net.minecraftforge.common.ForgeConfigSpec/CORE]: Incorrect key mineExplodesWhenInCreative was corrected from null to its default, true. 
[01May2025 18:53:08.136] [Server thread/WARN] [net.minecraftforge.common.ForgeConfigSpec/CORE]: Incorrect key mineExplosionsBreakBlocks was corrected from null to its default, true. 
[01May2025 18:53:08.137] [Server thread/WARN] [net.minecraftforge.common.ForgeConfigSpec/CORE]: Incorrect key laserBlockRange was corrected from null to its default, 5. 
[01May2025 18:53:08.138] [Server thread/WARN] [net.minecraftforge.common.ForgeConfigSpec/CORE]: Incorrect key inventoryScannerRange was corrected from null to its default, 2. 
[01May2025 18:53:08.139] [Server thread/WARN] [net.minecraftforge.common.ForgeConfigSpec/CORE]: Incorrect key maxAlarmRange was corrected from null to its default, 100. 
[01May2025 18:53:08.140] [Server thread/WARN] [net.minecraftforge.common.ForgeConfigSpec/CORE]: Incorrect key allowBlockClaim was corrected from null to its default, false. 
[01May2025 18:53:08.141] [Server thread/WARN] [net.minecraftforge.common.ForgeConfigSpec/CORE]: Incorrect key reinforced_block_tint was corrected from null to its default, true. 
[01May2025 18:53:08.141] [Server thread/WARN] [net.minecraftforge.common.ForgeConfigSpec/CORE]: Incorrect key force_reinforced_block_tint was corrected from null to its default, false. 
[01May2025 18:53:08.142] [Server thread/WARN] [net.minecraftforge.common.ForgeConfigSpec/CORE]: Incorrect key retinalScannerFace was corrected from null to its default, true. 
[01May2025 18:53:08.143] [Server thread/WARN] [net.minecraftforge.common.ForgeConfigSpec/CORE]: Incorrect key enable_team_ownership was corrected from null to its default, false. 
[01May2025 18:53:08.144] [Server thread/WARN] [net.minecraftforge.common.ForgeConfigSpec/CORE]: Incorrect key team_ownership_precedence was corrected from null to its default, [FTB_TEAMS, VANILLA]. 
[01May2025 18:53:08.145] [Server thread/WARN] [net.minecraftforge.common.ForgeConfigSpec/CORE]: Incorrect key disable_thanks_message was corrected from null to its default, false. 
[01May2025 18:53:08.145] [Server thread/WARN] [net.minecraftforge.common.ForgeConfigSpec/CORE]: Incorrect key trick_scanners_with_player_heads was corrected from null to its default, false. 
[01May2025 18:53:08.146] [Server thread/WARN] [net.minecraftforge.common.ForgeConfigSpec/CORE]: Incorrect key prevent_reinforced_floor_glitching was corrected from null to its default, false. 
[01May2025 18:53:08.147] [Server thread/WARN] [net.minecraftforge.common.ForgeConfigSpec/CORE]: Incorrect key taser_damage was corrected from null to its default, 1.0. 
[01May2025 18:53:08.147] [Server thread/WARN] [net.minecraftforge.common.ForgeConfigSpec/CORE]: Incorrect key powered_taser_damage was corrected from null to its default, 2.0. 
[01May2025 18:53:08.148] [Server thread/WARN] [net.minecraftforge.common.ForgeConfigSpec/CORE]: Incorrect key taser_effects was corrected from null to its default, [minecraft:weakness|200|2, minecraft:nausea|200|2, minecraft:slowness|200|2]. 
[01May2025 18:53:08.149] [Server thread/WARN] [net.minecraftforge.common.ForgeConfigSpec/CORE]: Incorrect key powered_taser_effects was corrected from null to its default, [minecraft:weakness|400|5, minecraft:nausea|400|5, minecraft:slowness|400|5]. 
[01May2025 18:53:08.149] [Server thread/WARN] [net.minecraftforge.common.ForgeConfigSpec/CORE]: Incorrect key laser_damage was corrected from null to its default, 10.0. 
[01May2025 18:53:08.150] [Server thread/WARN] [net.minecraftforge.common.ForgeConfigSpec/CORE]: Incorrect key incorrectPasscodeDamage was corrected from null to its default, 4. 
[01May2025 18:53:08.151] [Server thread/WARN] [net.minecraftforge.common.ForgeConfigSpec/CORE]: Incorrect key sentry_bullet_damage was corrected from null to its default, 2. 
[01May2025 18:53:08.152] [Server thread/WARN] [net.minecraftforge.common.ForgeConfigSpec/CORE]: Incorrect key reinforced_suffocation_damage was corrected from null to its default, 5. 
[01May2025 18:53:08.152] [Server thread/WARN] [net.minecraftforge.common.ForgeConfigSpec/CORE]: Incorrect key allow_camera_night_vision was corrected from null to its default, true. 
[01May2025 18:53:08.153] [Server thread/WARN] [net.minecraftforge.common.ForgeConfigSpec/CORE]: Incorrect key passcode_check_cooldown was corrected from null to its default, 250. 
[01May2025 18:53:08.154] [Server thread/WARN] [net.minecraftforge.common.ForgeConfigSpec/CORE]: Incorrect key passcode_spam_log_warning_enabled was corrected from null to its default, true. 
[01May2025 18:53:08.155] [Server thread/WARN] [net.minecraftforge.common.ForgeConfigSpec/CORE]: Incorrect key passcode_spam_log_warning was corrected from null to its default, Player "%1$s" tried to enter a passcode into "%2$s" at position [%3$s] too quickly!. 
[01May2025 18:53:08.155] [Server thread/WARN] [net.minecraftforge.common.ForgeConfigSpec/CORE]: Incorrect key in_world_un_reinforcing was corrected from null to its default, true. 
[01May2025 18:53:08.156] [Server thread/WARN] [net.minecraftforge.common.ForgeConfigSpec/CORE]: Incorrect key sentry_attackable_entities_allowlist was corrected from null to its default, []. 
[01May2025 18:53:08.157] [Server thread/WARN] [net.minecraftforge.common.ForgeConfigSpec/CORE]: Incorrect key sentry_attackable_entities_denylist was corrected from null to its default, []. 
[01May2025 18:53:08.163] [Server thread/WARN] [net.minecraftforge.common.ForgeConfigSpec/CORE]: Configuration file ./world/serverconfig/chiselsandbits-server.toml is not correct. Correcting
[01May2025 18:53:08.164] [Server thread/WARN] [net.minecraftforge.common.ForgeConfigSpec/CORE]: Incorrect key balancing was corrected from null to its default, SimpleCommentedConfig:{}. 
[01May2025 18:53:08.164] [Server thread/WARN] [net.minecraftforge.common.ForgeConfigSpec/CORE]: Incorrect key balancing.blacklist-random-ticking-blocks was corrected from null to its default, false. 
[01May2025 18:53:08.164] [Server thread/WARN] [net.minecraftforge.common.ForgeConfigSpec/CORE]: Incorrect key balancing.enable-compatibility-mode was corrected from null to its default, false. 
[01May2025 18:53:08.164] [Server thread/WARN] [net.minecraftforge.common.ForgeConfigSpec/CORE]: Incorrect key balancing.bit-bag-stack-size was corrected from null to its default, 512. 
[01May2025 18:53:08.164] [Server thread/WARN] [net.minecraftforge.common.ForgeConfigSpec/CORE]: Incorrect key balancing.change-tracker-size was corrected from null to its default, 20. 
[01May2025 18:53:08.165] [Server thread/WARN] [net.minecraftforge.common.ForgeConfigSpec/CORE]: Incorrect key balancing.delete-excess-bits was corrected from null to its default, true. 
[01May2025 18:53:08.165] [Server thread/WARN] [net.minecraftforge.common.ForgeConfigSpec/CORE]: Incorrect key balancing.light-factor-multiplier was corrected from null to its default, 1.0. 
[01May2025 18:53:08.165] [Server thread/WARN] [net.minecraftforge.common.ForgeConfigSpec/CORE]: Incorrect key style was corrected from null to its default, SimpleCommentedConfig:{}. 
[01May2025 18:53:08.165] [Server thread/WARN] [net.minecraftforge.common.ForgeConfigSpec/CORE]: Incorrect key style.bit-size was corrected from null to its default, ONE_SIXTEENTH. 
[01May2025 18:53:08.166] [Server thread/WARN] [net.minecraftforge.common.ForgeConfigSpec/CORE]: Configuration file ./world/serverconfig/framedblocks-server.toml is not correct. Correcting
[01May2025 18:53:08.167] [Server thread/WARN] [net.minecraftforge.common.ForgeConfigSpec/CORE]: Incorrect key general was corrected from null to its default, SimpleCommentedConfig:{}. 
[01May2025 18:53:08.167] [Server thread/WARN] [net.minecraftforge.common.ForgeConfigSpec/CORE]: Incorrect key general.allowBlockEntities was corrected from null to its default, false. 
[01May2025 18:53:08.167] [Server thread/WARN] [net.minecraftforge.common.ForgeConfigSpec/CORE]: Incorrect key general.enableIntangibleFeature was corrected from null to its default, false. 
[01May2025 18:53:08.167] [Server thread/WARN] [net.minecraftforge.common.ForgeConfigSpec/CORE]: Incorrect key general.intangibleMarkerItem was corrected from null to its default, minecraft:phantom_membrane. 
[01May2025 18:53:08.168] [Server thread/WARN] [net.minecraftforge.common.ForgeConfigSpec/CORE]: Incorrect key general.oneWayWindowOwnable was corrected from null to its default, true. 
[01May2025 18:53:08.168] [Server thread/WARN] [net.minecraftforge.common.ForgeConfigSpec/CORE]: Incorrect key general.consumeCamoItem was corrected from null to its default, true. 
[01May2025 18:53:08.168] [Server thread/WARN] [net.minecraftforge.common.ForgeConfigSpec/CORE]: Incorrect key general.glowstoneLightLevel was corrected from null to its default, 15. 
[01May2025 18:53:08.170] [Server thread/WARN] [net.minecraftforge.common.ForgeConfigSpec/CORE]: Configuration file ./world/serverconfig/create-server.toml is not correct. Correcting
[01May2025 18:53:08.170] [Server thread/WARN] [net.minecraftforge.common.ForgeConfigSpec/CORE]: Incorrect key infrastructure was corrected from null to its default, SimpleCommentedConfig:{}. 
[01May2025 18:53:08.170] [Server thread/WARN] [net.minecraftforge.common.ForgeConfigSpec/CORE]: Incorrect key infrastructure.tickrateSyncTimer was corrected from null to its default, 20. 
[01May2025 18:53:08.171] [Server thread/WARN] [net.minecraftforge.common.ForgeConfigSpec/CORE]: Incorrect key recipes was corrected from null to its default, SimpleCommentedConfig:{}. 
[01May2025 18:53:08.171] [Server thread/WARN] [net.minecraftforge.common.ForgeConfigSpec/CORE]: Incorrect key recipes.bulkPressing was corrected from null to its default, false. 
[01May2025 18:53:08.171] [Server thread/WARN] [net.minecraftforge.common.ForgeConfigSpec/CORE]: Incorrect key recipes.bulkCutting was corrected from null to its default, false. 
[01May2025 18:53:08.171] [Server thread/WARN] [net.minecraftforge.common.ForgeConfigSpec/CORE]: Incorrect key recipes.allowBrewingInMixer was corrected from null to its default, true. 
[01May2025 18:53:08.171] [Server thread/WARN] [net.minecraftforge.common.ForgeConfigSpec/CORE]: Incorrect key recipes.allowShapelessInMixer was corrected from null to its default, true. 
[01May2025 18:53:08.172] [Server thread/WARN] [net.minecraftforge.common.ForgeConfigSpec/CORE]: Incorrect key recipes.allowShapedSquareInPress was corrected from null to its default, true. 
[01May2025 18:53:08.172] [Server thread/WARN] [net.minecraftforge.common.ForgeConfigSpec/CORE]: Incorrect key recipes.allowRegularCraftingInCrafter was corrected from null to its default, true. 
[01May2025 18:53:08.172] [Server thread/WARN] [net.minecraftforge.common.ForgeConfigSpec/CORE]: Incorrect key recipes.maxFireworkIngredientsInCrafter was corrected from null to its default, 9. 
[01May2025 18:53:08.172] [Server thread/WARN] [net.minecraftforge.common.ForgeConfigSpec/CORE]: Incorrect key recipes.allowStonecuttingOnSaw was corrected from null to its default, true. 
[01May2025 18:53:08.172] [Server thread/WARN] [net.minecraftforge.common.ForgeConfigSpec/CORE]: Incorrect key recipes.allowCastingBySpout was corrected from null to its default, true. 
[01May2025 18:53:08.172] [Server thread/WARN] [net.minecraftforge.common.ForgeConfigSpec/CORE]: Incorrect key recipes.displayLogStrippingRecipes was corrected from null to its default, true. 
[01May2025 18:53:08.172] [Server thread/WARN] [net.minecraftforge.common.ForgeConfigSpec/CORE]: Incorrect key recipes.lightSourceCountForRefinedRadiance was corrected from null to its default, 10. 
[01May2025 18:53:08.172] [Server thread/WARN] [net.minecraftforge.common.ForgeConfigSpec/CORE]: Incorrect key recipes.enableRefinedRadianceRecipe was corrected from null to its default, true. 
[01May2025 18:53:08.173] [Server thread/WARN] [net.minecraftforge.common.ForgeConfigSpec/CORE]: Incorrect key recipes.enableShadowSteelRecipe was corrected from null to its default, true. 
[01May2025 18:53:08.173] [Server thread/WARN] [net.minecraftforge.common.ForgeConfigSpec/CORE]: Incorrect key kinetics was corrected from null to its default, SimpleCommentedConfig:{}. 
[01May2025 18:53:08.173] [Server thread/WARN] [net.minecraftforge.common.ForgeConfigSpec/CORE]: Incorrect key kinetics.disableStress was corrected from null to its default, false. 
[01May2025 18:53:08.173] [Server thread/WARN] [net.minecraftforge.common.ForgeConfigSpec/CORE]: Incorrect key kinetics.maxBeltLength was corrected from null to its default, 20. 
[01May2025 18:53:08.173] [Server thread/WARN] [net.minecraftforge.common.ForgeConfigSpec/CORE]: Incorrect key kinetics.maxChainConveyorLength was corrected from null to its default, 32. 
[01May2025 18:53:08.174] [Server thread/WARN] [net.minecraftforge.common.ForgeConfigSpec/CORE]: Incorrect key kinetics.maxChainConveyorConnections was corrected from null to its default, 4. 
[01May2025 18:53:08.174] [Server thread/WARN] [net.minecraftforge.common.ForgeConfigSpec/CORE]: Incorrect key kinetics.crushingDamage was corrected from null to its default, 4. 
[01May2025 18:53:08.174] [Server thread/WARN] [net.minecraftforge.common.ForgeConfigSpec/CORE]: Incorrect key kinetics.maxRotationSpeed was corrected from null to its default, 256. 
[01May2025 18:53:08.174] [Server thread/WARN] [net.minecraftforge.common.ForgeConfigSpec/CORE]: Incorrect key kinetics.ignoreDeployerAttacks was corrected from null to its default, CREEPERS. 
[01May2025 18:53:08.174] [Server thread/WARN] [net.minecraftforge.common.ForgeConfigSpec/CORE]: Incorrect key kinetics.kineticValidationFrequency was corrected from null to its default, 60. 
[01May2025 18:53:08.174] [Server thread/WARN] [net.minecraftforge.common.ForgeConfigSpec/CORE]: Incorrect key kinetics.crankHungerMultiplier was corrected from null to its default, 0.009999999776482582. 
[01May2025 18:53:08.174] [Server thread/WARN] [net.minecraftforge.common.ForgeConfigSpec/CORE]: Incorrect key kinetics.minimumWindmillSails was corrected from null to its default, 8. 
[01May2025 18:53:08.175] [Server thread/WARN] [net.minecraftforge.common.ForgeConfigSpec/CORE]: Incorrect key kinetics.windmillSailsPerRPM was corrected from null to its default, 8. 
[01May2025 18:53:08.175] [Server thread/WARN] [net.minecraftforge.common.ForgeConfigSpec/CORE]: Incorrect key kinetics.maxEjectorDistance was corrected from null to its default, 32. 
[01May2025 18:53:08.175] [Server thread/WARN] [net.minecraftforge.common.ForgeConfigSpec/CORE]: Incorrect key kinetics.ejectorScanInterval was corrected from null to its default, 120. 
[01May2025 18:53:08.175] [Server thread/WARN] [net.minecraftforge.common.ForgeConfigSpec/CORE]: Incorrect key kinetics.encasedFan was corrected from null to its default, SimpleCommentedConfig:{}. 
[01May2025 18:53:08.175] [Server thread/WARN] [net.minecraftforge.common.ForgeConfigSpec/CORE]: Incorrect key kinetics.encasedFan.fanPushDistance was corrected from null to its default, 20. 
[01May2025 18:53:08.175] [Server thread/WARN] [net.minecraftforge.common.ForgeConfigSpec/CORE]: Incorrect key kinetics.encasedFan.fanPullDistance was corrected from null to its default, 20. 
[01May2025 18:53:08.175] [Server thread/WARN] [net.minecraftforge.common.ForgeConfigSpec/CORE]: Incorrect key kinetics.encasedFan.fanBlockCheckRate was corrected from null to its default, 30. 
[01May2025 18:53:08.175] [Server thread/WARN] [net.minecraftforge.common.ForgeConfigSpec/CORE]: Incorrect key kinetics.encasedFan.fanRotationArgmax was corrected from null to its default, 256. 
[01May2025 18:53:08.176] [Server thread/WARN] [net.minecraftforge.common.ForgeConfigSpec/CORE]: Incorrect key kinetics.encasedFan.fanProcessingTime was corrected from null to its default, 150. 
[01May2025 18:53:08.176] [Server thread/WARN] [net.minecraftforge.common.ForgeConfigSpec/CORE]: Incorrect key kinetics.contraptions was corrected from null to its default, SimpleCommentedConfig:{}. 
[01May2025 18:53:08.176] [Server thread/WARN] [net.minecraftforge.common.ForgeConfigSpec/CORE]: Incorrect key kinetics.contraptions.maxBlocksMoved was corrected from null to its default, 2048. 
[01May2025 18:53:08.176] [Server thread/WARN] [net.minecraftforge.common.ForgeConfigSpec/CORE]: Incorrect key kinetics.contraptions.maxChassisRange was corrected from null to its default, 16. 
[01May2025 18:53:08.176] [Server thread/WARN] [net.minecraftforge.common.ForgeConfigSpec/CORE]: Incorrect key kinetics.contraptions.maxPistonPoles was corrected from null to its default, 64. 
[01May2025 18:53:08.176] [Server thread/WARN] [net.minecraftforge.common.ForgeConfigSpec/CORE]: Incorrect key kinetics.contraptions.maxRopeLength was corrected from null to its default, 384. 
[01May2025 18:53:08.176] [Server thread/WARN] [net.minecraftforge.common.ForgeConfigSpec/CORE]: Incorrect key kinetics.contraptions.maxCartCouplingLength was corrected from null to its default, 32. 
[01May2025 18:53:08.176] [Server thread/WARN] [net.minecraftforge.common.ForgeConfigSpec/CORE]: Incorrect key kinetics.contraptions.rollerFillDepth was corrected from null to its default, 12. 
[01May2025 18:53:08.177] [Server thread/WARN] [net.minecraftforge.common.ForgeConfigSpec/CORE]: Incorrect key kinetics.contraptions.survivalContraptionPickup was corrected from null to its default, true. 
[01May2025 18:53:08.177] [Server thread/WARN] [net.minecraftforge.common.ForgeConfigSpec/CORE]: Incorrect key kinetics.contraptions.movableSpawners was corrected from null to its default, NO_PICKUP. 
[01May2025 18:53:08.177] [Server thread/WARN] [net.minecraftforge.common.ForgeConfigSpec/CORE]: Incorrect key kinetics.contraptions.amethystMovement was corrected from null to its default, NO_PICKUP. 
[01May2025 18:53:08.177] [Server thread/WARN] [net.minecraftforge.common.ForgeConfigSpec/CORE]: Incorrect key kinetics.contraptions.movableObsidian was corrected from null to its default, UNMOVABLE. 
[01May2025 18:53:08.177] [Server thread/WARN] [net.minecraftforge.common.ForgeConfigSpec/CORE]: Incorrect key kinetics.contraptions.movableReinforcedDeepslate was corrected from null to its default, UNMOVABLE. 
[01May2025 18:53:08.177] [Server thread/WARN] [net.minecraftforge.common.ForgeConfigSpec/CORE]: Incorrect key kinetics.contraptions.moveItemsToStorage was corrected from null to its default, true. 
[01May2025 18:53:08.177] [Server thread/WARN] [net.minecraftforge.common.ForgeConfigSpec/CORE]: Incorrect key kinetics.contraptions.harvestPartiallyGrown was corrected from null to its default, false. 
[01May2025 18:53:08.177] [Server thread/WARN] [net.minecraftforge.common.ForgeConfigSpec/CORE]: Incorrect key kinetics.contraptions.harvesterReplants was corrected from null to its default, true. 
[01May2025 18:53:08.178] [Server thread/WARN] [net.minecraftforge.common.ForgeConfigSpec/CORE]: Incorrect key kinetics.contraptions.minecartContraptionInContainers was corrected from null to its default, false. 
[01May2025 18:53:08.178] [Server thread/WARN] [net.minecraftforge.common.ForgeConfigSpec/CORE]: Incorrect key kinetics.contraptions.stabiliseStableContraptions was corrected from null to its default, false. 
[01May2025 18:53:08.178] [Server thread/WARN] [net.minecraftforge.common.ForgeConfigSpec/CORE]: Incorrect key kinetics.contraptions.syncPlayerPickupHitboxWithContraptionHitbox was corrected from null to its default, false. 
[01May2025 18:53:08.178] [Server thread/WARN] [net.minecraftforge.common.ForgeConfigSpec/CORE]: Incorrect key kinetics.stats was corrected from null to its default, SimpleCommentedConfig:{}. 
[01May2025 18:53:08.178] [Server thread/WARN] [net.minecraftforge.common.ForgeConfigSpec/CORE]: Incorrect key kinetics.stats.mediumSpeed was corrected from null to its default, 30.0. 
[01May2025 18:53:08.178] [Server thread/WARN] [net.minecraftforge.common.ForgeConfigSpec/CORE]: Incorrect key kinetics.stats.fastSpeed was corrected from null to its default, 100.0. 
[01May2025 18:53:08.178] [Server thread/WARN] [net.minecraftforge.common.ForgeConfigSpec/CORE]: Incorrect key kinetics.stats.mediumStressImpact was corrected from null to its default, 4.0. 
[01May2025 18:53:08.178] [Server thread/WARN] [net.minecraftforge.common.ForgeConfigSpec/CORE]: Incorrect key kinetics.stats.highStressImpact was corrected from null to its default, 8.0. 
[01May2025 18:53:08.178] [Server thread/WARN] [net.minecraftforge.common.ForgeConfigSpec/CORE]: Incorrect key kinetics.stats.mediumCapacity was corrected from null to its default, 256.0. 
[01May2025 18:53:08.179] [Server thread/WARN] [net.minecraftforge.common.ForgeConfigSpec/CORE]: Incorrect key kinetics.stats.highCapacity was corrected from null to its default, 1024.0. 
[01May2025 18:53:08.179] [Server thread/WARN] [net.minecraftforge.common.ForgeConfigSpec/CORE]: Incorrect key kinetics.stressValues was corrected from null to its default, SimpleCommentedConfig:{}. 
[01May2025 18:53:08.179] [Server thread/WARN] [net.minecraftforge.common.ForgeConfigSpec/CORE]: Incorrect key kinetics.stressValues.v2 was corrected from null to its default, SimpleCommentedConfig:{}. 
[01May2025 18:53:08.179] [Server thread/WARN] [net.minecraftforge.common.ForgeConfigSpec/CORE]: Incorrect key kinetics.stressValues.v2.impact was corrected from null to its default, SimpleCommentedConfig:{}. 
[01May2025 18:53:08.179] [Server thread/WARN] [net.minecraftforge.common.ForgeConfigSpec/CORE]: Incorrect key kinetics.stressValues.v2.impact.brass_encased_shaft was corrected from null to its default, 0.0. 
[01May2025 18:53:08.179] [Server thread/WARN] [net.minecraftforge.common.ForgeConfigSpec/CORE]: Incorrect key kinetics.stressValues.v2.impact.turntable was corrected from null to its default, 4.0. 
[01May2025 18:53:08.179] [Server thread/WARN] [net.minecraftforge.common.ForgeConfigSpec/CORE]: Incorrect key kinetics.stressValues.v2.impact.clutch was corrected from null to its default, 0.0. 
[01May2025 18:53:08.179] [Server thread/WARN] [net.minecraftforge.common.ForgeConfigSpec/CORE]: Incorrect key kinetics.stressValues.v2.impact.mechanical_mixer was corrected from null to its default, 4.0. 
[01May2025 18:53:08.179] [Server thread/WARN] [net.minecraftforge.common.ForgeConfigSpec/CORE]: Incorrect key kinetics.stressValues.v2.impact.gearbox was corrected from null to its default, 0.0. 
[01May2025 18:53:08.180] [Server thread/WARN] [net.minecraftforge.common.ForgeConfigSpec/CORE]: Incorrect key kinetics.stressValues.v2.impact.mechanical_bearing was corrected from null to its default, 4.0. 
[01May2025 18:53:08.180] [Server thread/WARN] [net.minecraftforge.common.ForgeConfigSpec/CORE]: Incorrect key kinetics.stressValues.v2.impact.copper_backtank was corrected from null to its default, 4.0. 
[01May2025 18:53:08.180] [Server thread/WARN] [net.minecraftforge.common.ForgeConfigSpec/CORE]: Incorrect key kinetics.stressValues.v2.impact.hose_pulley was corrected from null to its default, 4.0. 
[01May2025 18:53:08.180] [Server thread/WARN] [net.minecraftforge.common.ForgeConfigSpec/CORE]: Incorrect key kinetics.stressValues.v2.impact.display_board was corrected from null to its default, 0.0. 
[01May2025 18:53:08.180] [Server thread/WARN] [net.minecraftforge.common.ForgeConfigSpec/CORE]: Incorrect key kinetics.stressValues.v2.impact.crushing_wheel was corrected from null to its default, 8.0. 
[01May2025 18:53:08.181] [Server thread/WARN] [net.minecraftforge.common.ForgeConfigSpec/CORE]: Incorrect key kinetics.stressValues.v2.impact.adjustable_chain_gearshift was corrected from null to its default, 0.0. 
[01May2025 18:53:08.181] [Server thread/WARN] [net.minecraftforge.common.ForgeConfigSpec/CORE]: Incorrect key kinetics.stressValues.v2.impact.millstone was corrected from null to its default, 4.0. 
[01May2025 18:53:08.181] [Server thread/WARN] [net.minecraftforge.common.ForgeConfigSpec/CORE]: Incorrect key kinetics.stressValues.v2.impact.rotation_speed_controller was corrected from null to its default, 0.0. 
[01May2025 18:53:08.181] [Server thread/WARN] [net.minecraftforge.common.ForgeConfigSpec/CORE]: Incorrect key kinetics.stressValues.v2.impact.sticky_mechanical_piston was corrected from null to its default, 4.0. 
[01May2025 18:53:08.181] [Server thread/WARN] [net.minecraftforge.common.ForgeConfigSpec/CORE]: Incorrect key kinetics.stressValues.v2.impact.mechanical_crafter was corrected from null to its default, 2.0. 
[01May2025 18:53:08.181] [Server thread/WARN] [net.minecraftforge.common.ForgeConfigSpec/CORE]: Incorrect key kinetics.stressValues.v2.impact.deployer was corrected from null to its default, 4.0. 
[01May2025 18:53:08.181] [Server thread/WARN] [net.minecraftforge.common.ForgeConfigSpec/CORE]: Incorrect key kinetics.stressValues.v2.impact.elevator_pulley was corrected from null to its default, 4.0. 
[01May2025 18:53:08.181] [Server thread/WARN] [net.minecraftforge.common.ForgeConfigSpec/CORE]: Incorrect key kinetics.stressValues.v2.impact.stressometer was corrected from null to its default, 0.0. 
[01May2025 18:53:08.181] [Server thread/WARN] [net.minecraftforge.common.ForgeConfigSpec/CORE]: Incorrect key kinetics.stressValues.v2.impact.cogwheel was corrected from null to its default, 0.0. 
[01May2025 18:53:08.182] [Server thread/WARN] [net.minecraftforge.common.ForgeConfigSpec/CORE]: Incorrect key kinetics.stressValues.v2.impact.encased_chain_drive was corrected from null to its default, 0.0. 
[01May2025 18:53:08.182] [Server thread/WARN] [net.minecraftforge.common.ForgeConfigSpec/CORE]: Incorrect key kinetics.stressValues.v2.impact.belt was corrected from null to its default, 0.0. 
[01May2025 18:53:08.182] [Server thread/WARN] [net.minecraftforge.common.ForgeConfigSpec/CORE]: Incorrect key kinetics.stressValues.v2.impact.brass_encased_large_cogwheel was corrected from null to its default, 0.0. 
[01May2025 18:53:08.182] [Server thread/WARN] [net.minecraftforge.common.ForgeConfigSpec/CORE]: Incorrect key kinetics.stressValues.v2.impact.weighted_ejector was corrected from null to its default, 2.0. 
[01May2025 18:53:08.183] [Server thread/WARN] [net.minecraftforge.common.ForgeConfigSpec/CORE]: Incorrect key kinetics.stressValues.v2.impact.chain_conveyor was corrected from null to its default, 1.0. 
[01May2025 18:53:08.183] [Server thread/WARN] [net.minecraftforge.common.ForgeConfigSpec/CORE]: Incorrect key kinetics.stressValues.v2.impact.mechanical_saw was corrected from null to its default, 4.0. 
[01May2025 18:53:08.183] [Server thread/WARN] [net.minecraftforge.common.ForgeConfigSpec/CORE]: Incorrect key kinetics.stressValues.v2.impact.flywheel was corrected from null to its default, 0.0. 
[01May2025 18:53:08.183] [Server thread/WARN] [net.minecraftforge.common.ForgeConfigSpec/CORE]: Incorrect key kinetics.stressValues.v2.impact.mechanical_piston was corrected from null to its default, 4.0. 
[01May2025 18:53:08.183] [Server thread/WARN] [net.minecraftforge.common.ForgeConfigSpec/CORE]: Incorrect key kinetics.stressValues.v2.impact.speedometer was corrected from null to its default, 0.0. 
[01May2025 18:53:08.183] [Server thread/WARN] [net.minecraftforge.common.ForgeConfigSpec/CORE]: Incorrect key kinetics.stressValues.v2.impact.brass_encased_cogwheel was corrected from null to its default, 0.0. 
[01May2025 18:53:08.183] [Server thread/WARN] [net.minecraftforge.common.ForgeConfigSpec/CORE]: Incorrect key kinetics.stressValues.v2.impact.clockwork_bearing was corrected from null to its default, 4.0. 
[01May2025 18:53:08.183] [Server thread/WARN] [net.minecraftforge.common.ForgeConfigSpec/CORE]: Incorrect key kinetics.stressValues.v2.impact.mechanical_press was corrected from null to its default, 8.0. 
[01May2025 18:53:08.183] [Server thread/WARN] [net.minecraftforge.common.ForgeConfigSpec/CORE]: Incorrect key kinetics.stressValues.v2.impact.mechanical_drill was corrected from null to its default, 4.0. 
[01May2025 18:53:08.183] [Server thread/WARN] [net.minecraftforge.common.ForgeConfigSpec/CORE]: Incorrect key kinetics.stressValues.v2.impact.andesite_encased_shaft was corrected from null to its default, 0.0. 
[01May2025 18:53:08.183] [Server thread/WARN] [net.minecraftforge.common.ForgeConfigSpec/CORE]: Incorrect key kinetics.stressValues.v2.impact.netherite_backtank was corrected from null to its default, 4.0. 
[01May2025 18:53:08.184] [Server thread/WARN] [net.minecraftforge.common.ForgeConfigSpec/CORE]: Incorrect key kinetics.stressValues.v2.impact.mechanical_arm was corrected from null to its default, 2.0. 
[01May2025 18:53:08.184] [Server thread/WARN] [net.minecraftforge.common.ForgeConfigSpec/CORE]: Incorrect key kinetics.stressValues.v2.impact.sequenced_gearshift was corrected from null to its default, 0.0. 
[01May2025 18:53:08.184] [Server thread/WARN] [net.minecraftforge.common.ForgeConfigSpec/CORE]: Incorrect key kinetics.stressValues.v2.impact.andesite_encased_large_cogwheel was corrected from null to its default, 0.0. 
[01May2025 18:53:08.184] [Server thread/WARN] [net.minecraftforge.common.ForgeConfigSpec/CORE]: Incorrect key kinetics.stressValues.v2.impact.shaft was corrected from null to its default, 0.0. 
[01May2025 18:53:08.184] [Server thread/WARN] [net.minecraftforge.common.ForgeConfigSpec/CORE]: Incorrect key kinetics.stressValues.v2.impact.cuckoo_clock was corrected from null to its default, 1.0. 
[01May2025 18:53:08.184] [Server thread/WARN] [net.minecraftforge.common.ForgeConfigSpec/CORE]: Incorrect key kinetics.stressValues.v2.impact.gearshift was corrected from null to its default, 0.0. 
[01May2025 18:53:08.184] [Server thread/WARN] [net.minecraftforge.common.ForgeConfigSpec/CORE]: Incorrect key kinetics.stressValues.v2.impact.rope_pulley was corrected from null to its default, 4.0. 
[01May2025 18:53:08.185] [Server thread/WARN] [net.minecraftforge.common.ForgeConfigSpec/CORE]: Incorrect key kinetics.stressValues.v2.impact.andesite_encased_cogwheel was corrected from null to its default, 0.0. 
[01May2025 18:53:08.185] [Server thread/WARN] [net.minecraftforge.common.ForgeConfigSpec/CORE]: Incorrect key kinetics.stressValues.v2.impact.large_cogwheel was corrected from null to its default, 0.0. 
[01May2025 18:53:08.185] [Server thread/WARN] [net.minecraftforge.common.ForgeConfigSpec/CORE]: Incorrect key kinetics.stressValues.v2.impact.encased_fan was corrected from null to its default, 2.0. 
[01May2025 18:53:08.185] [Server thread/WARN] [net.minecraftforge.common.ForgeConfigSpec/CORE]: Incorrect key kinetics.stressValues.v2.impact.mysterious_cuckoo_clock was corrected from null to its default, 1.0. 
[01May2025 18:53:08.185] [Server thread/WARN] [net.minecraftforge.common.ForgeConfigSpec/CORE]: Incorrect key kinetics.stressValues.v2.impact.gantry_shaft was corrected from null to its default, 0.0. 
[01May2025 18:53:08.185] [Server thread/WARN] [net.minecraftforge.common.ForgeConfigSpec/CORE]: Incorrect key kinetics.stressValues.v2.impact.mechanical_pump was corrected from null to its default, 4.0. 
[01May2025 18:53:08.185] [Server thread/WARN] [net.minecraftforge.common.ForgeConfigSpec/CORE]: Incorrect key kinetics.stressValues.v2.capacity was corrected from null to its default, SimpleCommentedConfig:{}. 
[01May2025 18:53:08.185] [Server thread/WARN] [net.minecraftforge.common.ForgeConfigSpec/CORE]: Incorrect key kinetics.stressValues.v2.capacity.steam_engine was corrected from null to its default, 1024.0. 
[01May2025 18:53:08.185] [Server thread/WARN] [net.minecraftforge.common.ForgeConfigSpec/CORE]: Incorrect key kinetics.stressValues.v2.capacity.water_wheel was corrected from null to its default, 32.0. 
[01May2025 18:53:08.185] [Server thread/WARN] [net.minecraftforge.common.ForgeConfigSpec/CORE]: Incorrect key kinetics.stressValues.v2.capacity.copper_valve_handle was corrected from null to its default, 8.0. 
[01May2025 18:53:08.186] [Server thread/WARN] [net.minecraftforge.common.ForgeConfigSpec/CORE]: Incorrect key kinetics.stressValues.v2.capacity.hand_crank was corrected from null to its default, 8.0. 
[01May2025 18:53:08.186] [Server thread/WARN] [net.minecraftforge.common.ForgeConfigSpec/CORE]: Incorrect key kinetics.stressValues.v2.capacity.creative_motor was corrected from null to its default, 16384.0. 
[01May2025 18:53:08.186] [Server thread/WARN] [net.minecraftforge.common.ForgeConfigSpec/CORE]: Incorrect key kinetics.stressValues.v2.capacity.large_water_wheel was corrected from null to its default, 128.0. 
[01May2025 18:53:08.186] [Server thread/WARN] [net.minecraftforge.common.ForgeConfigSpec/CORE]: Incorrect key kinetics.stressValues.v2.capacity.windmill_bearing was corrected from null to its default, 512.0. 
[01May2025 18:53:08.187] [Server thread/WARN] [net.minecraftforge.common.ForgeConfigSpec/CORE]: Incorrect key fluids was corrected from null to its default, SimpleCommentedConfig:{}. 
[01May2025 18:53:08.187] [Server thread/WARN] [net.minecraftforge.common.ForgeConfigSpec/CORE]: Incorrect key fluids.fluidTankCapacity was corrected from null to its default, 8. 
[01May2025 18:53:08.187] [Server thread/WARN] [net.minecraftforge.common.ForgeConfigSpec/CORE]: Incorrect key fluids.fluidTankMaxHeight was corrected from null to its default, 32. 
[01May2025 18:53:08.187] [Server thread/WARN] [net.minecraftforge.common.ForgeConfigSpec/CORE]: Incorrect key fluids.mechanicalPumpRange was corrected from null to its default, 16. 
[01May2025 18:53:08.187] [Server thread/WARN] [net.minecraftforge.common.ForgeConfigSpec/CORE]: Incorrect key fluids.hosePulleyRange was corrected from null to its default, 128. 
[01May2025 18:53:08.188] [Server thread/WARN] [net.minecraftforge.common.ForgeConfigSpec/CORE]: Incorrect key fluids.hosePulleyBlockThreshold was corrected from null to its default, 10000. 
[01May2025 18:53:08.188] [Server thread/WARN] [net.minecraftforge.common.ForgeConfigSpec/CORE]: Incorrect key fluids.fillInfinite was corrected from null to its default, false. 
[01May2025 18:53:08.188] [Server thread/WARN] [net.minecraftforge.common.ForgeConfigSpec/CORE]: Incorrect key fluids.bottomlessFluidMode was corrected from null to its default, ALLOW_BY_TAG. 
[01May2025 18:53:08.188] [Server thread/WARN] [net.minecraftforge.common.ForgeConfigSpec/CORE]: Incorrect key fluids.fluidFillPlaceFluidSourceBlocks was corrected from null to its default, true. 
[01May2025 18:53:08.188] [Server thread/WARN] [net.minecraftforge.common.ForgeConfigSpec/CORE]: Incorrect key fluids.pipesPlaceFluidSourceBlocks was corrected from null to its default, true. 
[01May2025 18:53:08.192] [Server thread/WARN] [net.minecraftforge.common.ForgeConfigSpec/CORE]: Incorrect key logistics was corrected from null to its default, SimpleCommentedConfig:{}. 
[01May2025 18:53:08.192] [Server thread/WARN] [net.minecraftforge.common.ForgeConfigSpec/CORE]: Incorrect key logistics.defaultExtractionTimer was corrected from null to its default, 8. 
[01May2025 18:53:08.192] [Server thread/WARN] [net.minecraftforge.common.ForgeConfigSpec/CORE]: Incorrect key logistics.psiTimeout was corrected from null to its default, 60. 
[01May2025 18:53:08.192] [Server thread/WARN] [net.minecraftforge.common.ForgeConfigSpec/CORE]: Incorrect key logistics.mechanicalArmRange was corrected from null to its default, 5. 
[01May2025 18:53:08.192] [Server thread/WARN] [net.minecraftforge.common.ForgeConfigSpec/CORE]: Incorrect key logistics.packagePortRange was corrected from null to its default, 5. 
[01May2025 18:53:08.193] [Server thread/WARN] [net.minecraftforge.common.ForgeConfigSpec/CORE]: Incorrect key logistics.linkRange was corrected from null to its default, 256. 
[01May2025 18:53:08.193] [Server thread/WARN] [net.minecraftforge.common.ForgeConfigSpec/CORE]: Incorrect key logistics.displayLinkRange was corrected from null to its default, 64. 
[01May2025 18:53:08.193] [Server thread/WARN] [net.minecraftforge.common.ForgeConfigSpec/CORE]: Incorrect key logistics.vaultCapacity was corrected from null to its default, 20. 
[01May2025 18:53:08.193] [Server thread/WARN] [net.minecraftforge.common.ForgeConfigSpec/CORE]: Incorrect key logistics.chainConveyorCapacity was corrected from null to its default, 20. 
[01May2025 18:53:08.193] [Server thread/WARN] [net.minecraftforge.common.ForgeConfigSpec/CORE]: Incorrect key logistics.brassTunnelTimer was corrected from null to its default, 10. 
[01May2025 18:53:08.193] [Server thread/WARN] [net.minecraftforge.common.ForgeConfigSpec/CORE]: Incorrect key logistics.factoryGaugeTimer was corrected from null to its default, 100. 
[01May2025 18:53:08.193] [Server thread/WARN] [net.minecraftforge.common.ForgeConfigSpec/CORE]: Incorrect key logistics.seatHostileMobs was corrected from null to its default, true. 
[01May2025 18:53:08.194] [Server thread/WARN] [net.minecraftforge.common.ForgeConfigSpec/CORE]: Incorrect key schematics was corrected from null to its default, SimpleCommentedConfig:{}. 
[01May2025 18:53:08.194] [Server thread/WARN] [net.minecraftforge.common.ForgeConfigSpec/CORE]: Incorrect key schematics.creativePrintIncludesAir was corrected from null to its default, false. 
[01May2025 18:53:08.194] [Server thread/WARN] [net.minecraftforge.common.ForgeConfigSpec/CORE]: Incorrect key schematics.maxSchematics was corrected from null to its default, 10. 
[01May2025 18:53:08.195] [Server thread/WARN] [net.minecraftforge.common.ForgeConfigSpec/CORE]: Incorrect key schematics.maxTotalSchematicSize was corrected from null to its default, 256. 
[01May2025 18:53:08.195] [Server thread/WARN] [net.minecraftforge.common.ForgeConfigSpec/CORE]: Incorrect key schematics.maxSchematicPacketSize was corrected from null to its default, 1024. 
[01May2025 18:53:08.195] [Server thread/WARN] [net.minecraftforge.common.ForgeConfigSpec/CORE]: Incorrect key schematics.schematicIdleTimeout was corrected from null to its default, 600. 
[01May2025 18:53:08.195] [Server thread/WARN] [net.minecraftforge.common.ForgeConfigSpec/CORE]: Incorrect key schematics.schematicannon was corrected from null to its default, SimpleCommentedConfig:{}. 
[01May2025 18:53:08.195] [Server thread/WARN] [net.minecraftforge.common.ForgeConfigSpec/CORE]: Incorrect key schematics.schematicannon.schematicannonDelay was corrected from null to its default, 10. 
[01May2025 18:53:08.195] [Server thread/WARN] [net.minecraftforge.common.ForgeConfigSpec/CORE]: Incorrect key schematics.schematicannon.schematicannonShotsPerGunpowder was corrected from null to its default, 400. 
[01May2025 18:53:08.199] [Server thread/WARN] [net.minecraftforge.common.ForgeConfigSpec/CORE]: Incorrect key equipment was corrected from null to its default, SimpleCommentedConfig:{}. 
[01May2025 18:53:08.199] [Server thread/WARN] [net.minecraftforge.common.ForgeConfigSpec/CORE]: Incorrect key equipment.maxSymmetryWandRange was corrected from null to its default, 50. 
[01May2025 18:53:08.199] [Server thread/WARN] [net.minecraftforge.common.ForgeConfigSpec/CORE]: Incorrect key equipment.placementAssistRange was corrected from null to its default, 12. 
[01May2025 18:53:08.200] [Server thread/WARN] [net.minecraftforge.common.ForgeConfigSpec/CORE]: Incorrect key equipment.toolboxRange was corrected from null to its default, 10. 
[01May2025 18:53:08.200] [Server thread/WARN] [net.minecraftforge.common.ForgeConfigSpec/CORE]: Incorrect key equipment.airInBacktank was corrected from null to its default, 900. 
[01May2025 18:53:08.200] [Server thread/WARN] [net.minecraftforge.common.ForgeConfigSpec/CORE]: Incorrect key equipment.enchantedBacktankCapacity was corrected from null to its default, 300. 
[01May2025 18:53:08.200] [Server thread/WARN] [net.minecraftforge.common.ForgeConfigSpec/CORE]: Incorrect key equipment.maxExtendoGripActions was corrected from null to its default, 1000. 
[01May2025 18:53:08.200] [Server thread/WARN] [net.minecraftforge.common.ForgeConfigSpec/CORE]: Incorrect key equipment.maxPotatoCannonShots was corrected from null to its default, 200. 
[01May2025 18:53:08.201] [Server thread/WARN] [net.minecraftforge.common.ForgeConfigSpec/CORE]: Incorrect key trains was corrected from null to its default, SimpleCommentedConfig:{}. 
[01May2025 18:53:08.201] [Server thread/WARN] [net.minecraftforge.common.ForgeConfigSpec/CORE]: Incorrect key trains.trainsCauseDamage was corrected from null to its default, true. 
[01May2025 18:53:08.201] [Server thread/WARN] [net.minecraftforge.common.ForgeConfigSpec/CORE]: Incorrect key trains.maxTrackPlacementLength was corrected from null to its default, 32. 
[01May2025 18:53:08.201] [Server thread/WARN] [net.minecraftforge.common.ForgeConfigSpec/CORE]: Incorrect key trains.maxAssemblyLength was corrected from null to its default, 128. 
[01May2025 18:53:08.201] [Server thread/WARN] [net.minecraftforge.common.ForgeConfigSpec/CORE]: Incorrect key trains.maxBogeyCount was corrected from null to its default, 20. 
[01May2025 18:53:08.202] [Server thread/WARN] [net.minecraftforge.common.ForgeConfigSpec/CORE]: Incorrect key trains.manualTrainSpeedModifier was corrected from null to its default, 0.75. 
[01May2025 18:53:08.202] [Server thread/WARN] [net.minecraftforge.common.ForgeConfigSpec/CORE]: Incorrect key trains.trainStats was corrected from null to its default, SimpleCommentedConfig:{}. 
[01May2025 18:53:08.202] [Server thread/WARN] [net.minecraftforge.common.ForgeConfigSpec/CORE]: Incorrect key trains.trainStats.trainTopSpeed was corrected from null to its default, 28.0. 
[01May2025 18:53:08.202] [Server thread/WARN] [net.minecraftforge.common.ForgeConfigSpec/CORE]: Incorrect key trains.trainStats.trainTurningTopSpeed was corrected from null to its default, 14.0. 
[01May2025 18:53:08.202] [Server thread/WARN] [net.minecraftforge.common.ForgeConfigSpec/CORE]: Incorrect key trains.trainStats.trainAcceleration was corrected from null to its default, 3.0. 
[01May2025 18:53:08.202] [Server thread/WARN] [net.minecraftforge.common.ForgeConfigSpec/CORE]: Incorrect key trains.poweredTrainStats was corrected from null to its default, SimpleCommentedConfig:{}. 
[01May2025 18:53:08.202] [Server thread/WARN] [net.minecraftforge.common.ForgeConfigSpec/CORE]: Incorrect key trains.poweredTrainStats.poweredTrainTopSpeed was corrected from null to its default, 40.0. 
[01May2025 18:53:08.202] [Server thread/WARN] [net.minecraftforge.common.ForgeConfigSpec/CORE]: Incorrect key trains.poweredTrainStats.poweredTrainTurningTopSpeed was corrected from null to its default, 20.0. 
[01May2025 18:53:08.204] [Server thread/WARN] [net.minecraftforge.common.ForgeConfigSpec/CORE]: Incorrect key trains.poweredTrainStats.poweredTrainAcceleration was corrected from null to its default, 3.0. 
[01May2025 18:53:08.206] [Server thread/WARN] [net.minecraftforge.common.ForgeConfigSpec/CORE]: Configuration file ./world/serverconfig/doggytalents-talents.toml is not correct. Correcting
[01May2025 18:53:08.206] [Server thread/WARN] [net.minecraftforge.common.ForgeConfigSpec/CORE]: Incorrect key Talents was corrected from null to its default, SimpleCommentedConfig:{}. 
[01May2025 18:53:08.206] [Server thread/WARN] [net.minecraftforge.common.ForgeConfigSpec/CORE]: Incorrect key Talents.doggytalents:bed_finder was corrected from null to its default, true. 
[01May2025 18:53:08.207] [Server thread/WARN] [net.minecraftforge.common.ForgeConfigSpec/CORE]: Incorrect key Talents.doggytalents:black_pelt was corrected from null to its default, true. 
[01May2025 18:53:08.207] [Server thread/WARN] [net.minecraftforge.common.ForgeConfigSpec/CORE]: Incorrect key Talents.doggytalents:creeper_sweeper was corrected from null to its default, true. 
[01May2025 18:53:08.207] [Server thread/WARN] [net.minecraftforge.common.ForgeConfigSpec/CORE]: Incorrect key Talents.doggytalents:doggy_dash was corrected from null to its default, true. 
[01May2025 18:53:08.207] [Server thread/WARN] [net.minecraftforge.common.ForgeConfigSpec/CORE]: Incorrect key Talents.doggytalents:fisher_dog was corrected from null to its default, true. 
[01May2025 18:53:08.207] [Server thread/WARN] [net.minecraftforge.common.ForgeConfigSpec/CORE]: Incorrect key Talents.doggytalents:guard_dog was corrected from null to its default, true. 
[01May2025 18:53:08.207] [Server thread/WARN] [net.minecraftforge.common.ForgeConfigSpec/CORE]: Incorrect key Talents.doggytalents:happy_eater was corrected from null to its default, true. 
[01May2025 18:53:08.208] [Server thread/WARN] [net.minecraftforge.common.ForgeConfigSpec/CORE]: Incorrect key Talents.doggytalents:hell_hound was corrected from null to its default, true. 
[01May2025 18:53:08.208] [Server thread/WARN] [net.minecraftforge.common.ForgeConfigSpec/CORE]: Incorrect key Talents.doggytalents:hunter_dog was corrected from null to its default, true. 
[01May2025 18:53:08.208] [Server thread/WARN] [net.minecraftforge.common.ForgeConfigSpec/CORE]: Incorrect key Talents.doggytalents:pack_puppy was corrected from null to its default, true. 
[01May2025 18:53:08.208] [Server thread/WARN] [net.minecraftforge.common.ForgeConfigSpec/CORE]: Incorrect key Talents.doggytalents:pest_fighter was corrected from null to its default, true. 
[01May2025 18:53:08.208] [Server thread/WARN] [net.minecraftforge.common.ForgeConfigSpec/CORE]: Incorrect key Talents.doggytalents:pillow_paw was corrected from null to its default, true. 
[01May2025 18:53:08.208] [Server thread/WARN] [net.minecraftforge.common.ForgeConfigSpec/CORE]: Incorrect key Talents.doggytalents:poison_fang was corrected from null to its default, true. 
[01May2025 18:53:08.208] [Server thread/WARN] [net.minecraftforge.common.ForgeConfigSpec/CORE]: Incorrect key Talents.doggytalents:puppy_eyes was corrected from null to its default, true. 
[01May2025 18:53:08.208] [Server thread/WARN] [net.minecraftforge.common.ForgeConfigSpec/CORE]: Incorrect key Talents.doggytalents:quick_healer was corrected from null to its default, true. 
[01May2025 18:53:08.208] [Server thread/WARN] [net.minecraftforge.common.ForgeConfigSpec/CORE]: Incorrect key Talents.doggytalents:rescue_dog was corrected from null to its default, true. 
[01May2025 18:53:08.208] [Server thread/WARN] [net.minecraftforge.common.ForgeConfigSpec/CORE]: Incorrect key Talents.doggytalents:roaring_gale was corrected from null to its default, true. 
[01May2025 18:53:08.208] [Server thread/WARN] [net.minecraftforge.common.ForgeConfigSpec/CORE]: Incorrect key Talents.doggytalents:shepherd_dog was corrected from null to its default, true. 
[01May2025 18:53:08.208] [Server thread/WARN] [net.minecraftforge.common.ForgeConfigSpec/CORE]: Incorrect key Talents.doggytalents:swimmer_dog was corrected from null to its default, true. 
[01May2025 18:53:08.209] [Server thread/WARN] [net.minecraftforge.common.ForgeConfigSpec/CORE]: Incorrect key Talents.doggytalents:wolf_mount was corrected from null to its default, true. 
[01May2025 18:53:08.209] [Server thread/WARN] [net.minecraftforge.common.ForgeConfigSpec/CORE]: Incorrect key Talents.doggytalents:doggy_torch was corrected from null to its default, true. 
[01May2025 18:53:08.209] [Server thread/WARN] [net.minecraftforge.common.ForgeConfigSpec/CORE]: Incorrect key Talents.doggytalents:doggy_armor was corrected from null to its default, true. 
[01May2025 18:53:08.209] [Server thread/WARN] [net.minecraftforge.common.ForgeConfigSpec/CORE]: Incorrect key Talents.doggytalents:water_holder was corrected from null to its default, true. 
[01May2025 18:53:08.209] [Server thread/WARN] [net.minecraftforge.common.ForgeConfigSpec/CORE]: Incorrect key Talents.doggytalents:doggy_tools was corrected from null to its default, true. 
[01May2025 18:53:08.209] [Server thread/WARN] [net.minecraftforge.common.ForgeConfigSpec/CORE]: Incorrect key Talents.doggytalents:shock_absorber was corrected from null to its default, true. 
[01May2025 18:53:08.209] [Server thread/WARN] [net.minecraftforge.common.ForgeConfigSpec/CORE]: Incorrect key Talents.doggytalents:mob_retriever was corrected from null to its default, true. 
[01May2025 18:53:08.209] [Server thread/WARN] [net.minecraftforge.common.ForgeConfigSpec/CORE]: Incorrect key Talents.doggytalents:flying_furball was corrected from null to its default, true. 
[01May2025 18:53:08.209] [Server thread/WARN] [net.minecraftforge.common.ForgeConfigSpec/CORE]: Incorrect key Talents.doggytalents:chemi_canine was corrected from null to its default, true. 
[01May2025 18:53:08.209] [Server thread/WARN] [net.minecraftforge.common.ForgeConfigSpec/CORE]: Incorrect key Talents.doggytalents:fire_drill was corrected from null to its default, true. 
[01May2025 18:53:08.209] [Server thread/WARN] [net.minecraftforge.common.ForgeConfigSpec/CORE]: Incorrect key Talents.doggytalents:sniffer_dog was corrected from null to its default, true. 
[01May2025 18:53:08.210] [Server thread/WARN] [net.minecraftforge.common.ForgeConfigSpec/CORE]: Incorrect key Talents.doggytalents:gate_passer was corrected from null to its default, true. 
[01May2025 18:53:08.210] [Server thread/WARN] [net.minecraftforge.common.ForgeConfigSpec/CORE]: Incorrect key Talents.doggytalents:ookamikaze was corrected from null to its default, true. 
[01May2025 18:53:08.210] [Server thread/WARN] [net.minecraftforge.common.ForgeConfigSpec/CORE]: Incorrect key Talents.doggytalents:bed_dog was corrected from null to its default, true. 
[01May2025 18:53:08.465] [Server thread/INFO] [Framework/]: Loading server configs...
[01May2025 18:53:08.549] [Server thread/INFO] [terrablender/]: Initialized TerraBlender biomes for level stem minecraft:the_nether
[01May2025 18:53:09.294] [Server thread/INFO] [terrablender/]: Initialized TerraBlender biomes for level stem minecraft:overworld
[01May2025 18:53:09.294] [Server thread/INFO] [net.minecraft.server.dedicated.DedicatedServer/]: Preparing level "world"
[01May2025 18:53:11.283] [Server thread/WARN] [net.minecraft.network.syncher.SynchedEntityData/]: defineId called for: class net.minecraft.world.entity.projectile.FishingHook from class net.heyimamethyst.fairyfactions.entities.FairyFishHookEntity
[01May2025 18:53:11.285] [Server thread/WARN] [net.minecraft.network.syncher.SynchedEntityData/]: defineId called for: class net.minecraft.world.entity.projectile.FishingHook from class net.heyimamethyst.fairyfactions.entities.FairyFishHookEntity
[01May2025 18:53:11.288] [Server thread/WARN] [net.minecraft.network.syncher.SynchedEntityData/]: defineId called for: class net.heyimamethyst.fairyfactions.entities.FairyEntity from class net.heyimamethyst.fairyfactions.entities.FairyBedEntity
[01May2025 18:53:11.290] [Server thread/WARN] [net.minecraft.network.syncher.SynchedEntityData/]: defineId called for: class net.heyimamethyst.fairyfactions.entities.FairyEntity from class net.heyimamethyst.fairyfactions.entities.FairyBedEntity
[01May2025 18:53:11.291] [Server thread/WARN] [net.minecraft.network.syncher.SynchedEntityData/]: defineId called for: class net.heyimamethyst.fairyfactions.entities.FairyEntity from class net.heyimamethyst.fairyfactions.entities.FairyBedEntity
[01May2025 18:53:11.291] [Server thread/WARN] [net.minecraft.network.syncher.SynchedEntityData/]: defineId called for: class net.heyimamethyst.fairyfactions.entities.FairyEntity from class net.heyimamethyst.fairyfactions.entities.FairyBedEntity
[01May2025 18:53:11.293] [Server thread/WARN] [net.minecraft.network.syncher.SynchedEntityData/]: defineId called for: class net.heyimamethyst.fairyfactions.entities.FairyEntity from class net.heyimamethyst.fairyfactions.entities.FairyBedEntity
[01May2025 18:53:11.293] [Server thread/WARN] [net.minecraft.network.syncher.SynchedEntityData/]: defineId called for: class net.heyimamethyst.fairyfactions.entities.FairyEntity from class net.heyimamethyst.fairyfactions.entities.FairyBedEntity
[01May2025 18:53:11.294] [Server thread/WARN] [net.minecraft.network.syncher.SynchedEntityData/]: defineId called for: class net.heyimamethyst.fairyfactions.entities.FairyEntity from class net.heyimamethyst.fairyfactions.entities.FairyBedEntity
[01May2025 18:53:17.040] [Server thread/INFO] [net.minecraft.server.MinecraftServer/]: Preparing start region for dimension minecraft:overworld
[01May2025 18:53:19.233] [Worker-Main-2/INFO] [net.minecraft.server.level.progress.LoggerChunkProgressListener/]: Preparing spawn area: 0%
[01May2025 18:53:19.242] [Worker-Main-1/INFO] [net.minecraft.server.level.progress.LoggerChunkProgressListener/]: Preparing spawn area: 0%
[01May2025 18:53:19.247] [Worker-Main-2/INFO] [net.minecraft.server.level.progress.LoggerChunkProgressListener/]: Preparing spawn area: 0%
[01May2025 18:53:19.248] [Worker-Main-3/INFO] [net.minecraft.server.level.progress.LoggerChunkProgressListener/]: Preparing spawn area: 0%
[01May2025 18:53:19.250] [Worker-Main-2/INFO] [net.minecraft.server.level.progress.LoggerChunkProgressListener/]: Preparing spawn area: 0%
[01May2025 18:53:19.541] [Worker-Main-2/INFO] [net.minecraft.server.level.progress.LoggerChunkProgressListener/]: Preparing spawn area: 0%
[01May2025 18:53:20.057] [Worker-Main-3/INFO] [net.minecraft.server.level.progress.LoggerChunkProgressListener/]: Preparing spawn area: 0%
[01May2025 18:53:20.541] [Worker-Main-1/INFO] [net.minecraft.server.level.progress.LoggerChunkProgressListener/]: Preparing spawn area: 15%
[01May2025 18:53:21.042] [Worker-Main-1/INFO] [net.minecraft.server.level.progress.LoggerChunkProgressListener/]: Preparing spawn area: 90%
[01May2025 18:53:21.125] [Server thread/INFO] [net.minecraft.server.level.progress.LoggerChunkProgressListener/]: Time elapsed: 4084 ms
[01May2025 18:53:21.126] [Server thread/INFO] [net.minecraft.server.dedicated.DedicatedServer/]: Done (14.094s)! For help, type "help"
[01May2025 18:53:21.331] [Server thread/INFO] [net.minecraftforge.server.permission.PermissionAPI/]: Successfully initialized permission handler forge:default_handler
[01May2025 18:53:21.368] [Server thread/INFO] [Easy Mob Farm/]: [Config] Registering deferred common configuration ...
[01May2025 18:53:21.371] [Server thread/INFO] [Easy Mob Farm/]: [Config] Try creating configuration file /workspaces/Gamers/servidor_minecraft/config/easy_mob_farm/mob_farm_bonus.cfg
[01May2025 18:53:21.371] [Server thread/INFO] [Easy Mob Farm/]: [Config] Created configuration file /workspaces/Gamers/servidor_minecraft/config/easy_mob_farm/mob_farm_bonus.cfg ...
[01May2025 18:53:21.373] [Server thread/INFO] [Easy Mob Farm/]: [MobFarmBonusConfig] Add swamp_farm::1::minecraft:witch with a chance of 1 of 15 for 1 redstone.
[01May2025 18:53:21.374] [Server thread/INFO] [Easy Mob Farm/]: [MobFarmBonusConfig] Add animal_plains_farm::3::minecraft:sheep with a chance of 1 of 5 for 1 white_wool.
[01May2025 18:53:21.374] [Server thread/INFO] [Easy Mob Farm/]: [MobFarmBonusConfig] Add monster_plains_cave_farm::1::minecraft:zombie with a chance of 1 of 15 for 1 rotten_flesh.
[01May2025 18:53:21.374] [Server thread/INFO] [Easy Mob Farm/]: [MobFarmBonusConfig] Add ocean_farm::2::minecraft:squid with a chance of 1 of 10 for 1 ink_sac.
[01May2025 18:53:21.374] [Server thread/INFO] [Easy Mob Farm/]: [MobFarmBonusConfig] Add nether_fortress_farm::0::minecraft:blaze with a chance of 1 of 20 for 1 blaze_rod.
[01May2025 18:53:21.374] [Server thread/INFO] [Easy Mob Farm/]: [MobFarmBonusConfig] Add iron_golem_farm::0::minecraft:iron_golem with a chance of 1 of 20 for 1 iron_ingot.
[01May2025 18:53:21.374] [Server thread/INFO] [Easy Mob Farm/]: [MobFarmBonusConfig] Add ocean_farm::2::minecraft:cod with a chance of 1 of 10 for 1 cod.
[01May2025 18:53:21.374] [Server thread/INFO] [Easy Mob Farm/]: [MobFarmBonusConfig] Add jungle_farm::1::minecraft:parrot with a chance of 1 of 15 for 1 feather.
[01May2025 18:53:21.374] [Server thread/INFO] [Easy Mob Farm/]: [MobFarmBonusConfig] Add swamp_farm::2::minecraft:witch with a chance of 1 of 10 for 1 redstone.
[01May2025 18:53:21.374] [Server thread/INFO] [Easy Mob Farm/]: [MobFarmBonusConfig] Add ocean_farm::1::minecraft:squid with a chance of 1 of 15 for 1 ink_sac.
[01May2025 18:53:21.374] [Server thread/INFO] [Easy Mob Farm/]: [MobFarmBonusConfig] Add jungle_farm::1::minecraft:panda with a chance of 1 of 15 for 1 bamboo.
[01May2025 18:53:21.374] [Server thread/INFO] [Easy Mob Farm/]: [MobFarmBonusConfig] Add swamp_farm::0::minecraft:frog with a chance of 1 of 20 for 1 slime_ball.
[01May2025 18:53:21.375] [Server thread/INFO] [Easy Mob Farm/]: [MobFarmBonusConfig] Add animal_plains_farm::2::minecraft:sheep with a chance of 1 of 10 for 1 white_wool.
[01May2025 18:53:21.375] [Server thread/INFO] [Easy Mob Farm/]: [MobFarmBonusConfig] Add animal_plains_farm::3::minecraft:chicken with a chance of 1 of 5 for 1 egg.
[01May2025 18:53:21.375] [Server thread/INFO] [Easy Mob Farm/]: [MobFarmBonusConfig] Add animal_plains_farm::1::minecraft:sheep with a chance of 1 of 15 for 1 white_wool.
[01May2025 18:53:21.375] [Server thread/INFO] [Easy Mob Farm/]: [MobFarmBonusConfig] Add iron_golem_farm::1::minecraft:iron_golem with a chance of 1 of 15 for 1 iron_ingot.
[01May2025 18:53:21.375] [Server thread/INFO] [Easy Mob Farm/]: [MobFarmBonusConfig] Add swamp_farm::3::minecraft:frog with a chance of 1 of 5 for 1 slime_ball.
[01May2025 18:53:21.375] [Server thread/INFO] [Easy Mob Farm/]: [MobFarmBonusConfig] Add nether_fortress_farm::1::minecraft:blaze with a chance of 1 of 15 for 1 blaze_rod.
[01May2025 18:53:21.375] [Server thread/INFO] [Easy Mob Farm/]: [MobFarmBonusConfig] Add bee_hive_farm::2::minecraft:bee with a chance of 1 of 10 for 1 honeycomb.
[01May2025 18:53:21.375] [Server thread/INFO] [Easy Mob Farm/]: [MobFarmBonusConfig] Add desert_farm::1::minecraft:husk with a chance of 1 of 15 for 1 sand.
[01May2025 18:53:21.375] [Server thread/INFO] [Easy Mob Farm/]: [MobFarmBonusConfig] Add jungle_farm::0::minecraft:panda with a chance of 1 of 20 for 1 bamboo.
[01May2025 18:53:21.375] [Server thread/INFO] [Easy Mob Farm/]: [MobFarmBonusConfig] Add nether_fortress_farm::0::minecraft:magma_cube with a chance of 1 of 20 for 1 magma_cream.
[01May2025 18:53:21.375] [Server thread/INFO] [Easy Mob Farm/]: [MobFarmBonusConfig] Add jungle_farm::2::minecraft:parrot with a chance of 1 of 10 for 1 feather.
[01May2025 18:53:21.376] [Server thread/INFO] [Easy Mob Farm/]: [MobFarmBonusConfig] Add swamp_farm::2::minecraft:frog with a chance of 1 of 10 for 1 slime_ball.
[01May2025 18:53:21.376] [Server thread/INFO] [Easy Mob Farm/]: [MobFarmBonusConfig] Add animal_plains_farm::0::minecraft:chicken with a chance of 1 of 20 for 1 egg.
[01May2025 18:53:21.376] [Server thread/INFO] [Easy Mob Farm/]: [MobFarmBonusConfig] Add nether_fortress_farm::3::minecraft:blaze with a chance of 1 of 5 for 1 blaze_rod.
[01May2025 18:53:21.376] [Server thread/INFO] [Easy Mob Farm/]: [MobFarmBonusConfig] Add animal_plains_farm::1::minecraft:chicken with a chance of 1 of 15 for 1 egg.
[01May2025 18:53:21.376] [Server thread/INFO] [Easy Mob Farm/]: [MobFarmBonusConfig] Add ocean_farm::0::minecraft:squid with a chance of 1 of 20 for 1 ink_sac.
[01May2025 18:53:21.376] [Server thread/INFO] [Easy Mob Farm/]: [MobFarmBonusConfig] Add animal_plains_farm::1::minecraft:cow with a chance of 1 of 15 for 1 leather.
[01May2025 18:53:21.376] [Server thread/INFO] [Easy Mob Farm/]: [MobFarmBonusConfig] Add ocean_farm::0::minecraft:cod with a chance of 1 of 20 for 1 cod.
[01May2025 18:53:21.376] [Server thread/INFO] [Easy Mob Farm/]: [MobFarmBonusConfig] Add desert_farm::0::minecraft:husk with a chance of 1 of 20 for 1 sand.
[01May2025 18:53:21.376] [Server thread/INFO] [Easy Mob Farm/]: [MobFarmBonusConfig] Add monster_plains_cave_farm::0::minecraft:zombie with a chance of 1 of 20 for 1 rotten_flesh.
[01May2025 18:53:21.376] [Server thread/INFO] [Easy Mob Farm/]: [MobFarmBonusConfig] Add desert_farm::3::minecraft:husk with a chance of 1 of 5 for 1 sand.
[01May2025 18:53:21.376] [Server thread/INFO] [Easy Mob Farm/]: [MobFarmBonusConfig] Add desert_farm::2::minecraft:rabbit with a chance of 1 of 10 for 1 rabbit_hide.
[01May2025 18:53:21.376] [Server thread/INFO] [Easy Mob Farm/]: [MobFarmBonusConfig] Add animal_plains_farm::2::minecraft:cow with a chance of 1 of 10 for 1 leather.
[01May2025 18:53:21.377] [Server thread/INFO] [Easy Mob Farm/]: [MobFarmBonusConfig] Add jungle_farm::3::minecraft:panda with a chance of 1 of 5 for 1 bamboo.
[01May2025 18:53:21.377] [Server thread/INFO] [Easy Mob Farm/]: [MobFarmBonusConfig] Add ocean_farm::3::minecraft:squid with a chance of 1 of 5 for 1 ink_sac.
[01May2025 18:53:21.377] [Server thread/INFO] [Easy Mob Farm/]: [MobFarmBonusConfig] Add jungle_farm::3::minecraft:parrot with a chance of 1 of 5 for 1 feather.
[01May2025 18:53:21.377] [Server thread/INFO] [Easy Mob Farm/]: [MobFarmBonusConfig] Add desert_farm::3::minecraft:rabbit with a chance of 1 of 5 for 1 rabbit_hide.
[01May2025 18:53:21.377] [Server thread/INFO] [Easy Mob Farm/]: [MobFarmBonusConfig] Add ocean_farm::1::minecraft:cod with a chance of 1 of 15 for 1 cod.
[01May2025 18:53:21.377] [Server thread/INFO] [Easy Mob Farm/]: [MobFarmBonusConfig] Add ocean_farm::3::minecraft:cod with a chance of 1 of 5 for 1 cod.
[01May2025 18:53:21.377] [Server thread/INFO] [Easy Mob Farm/]: [MobFarmBonusConfig] Add animal_plains_farm::3::minecraft:cow with a chance of 1 of 5 for 1 leather.
[01May2025 18:53:21.377] [Server thread/INFO] [Easy Mob Farm/]: [MobFarmBonusConfig] Add nether_fortress_farm::3::minecraft:magma_cube with a chance of 1 of 5 for 1 magma_cream.
[01May2025 18:53:21.377] [Server thread/INFO] [Easy Mob Farm/]: [MobFarmBonusConfig] Add desert_farm::2::minecraft:husk with a chance of 1 of 10 for 1 sand.
[01May2025 18:53:21.377] [Server thread/INFO] [Easy Mob Farm/]: [MobFarmBonusConfig] Add bee_hive_farm::3::minecraft:bee with a chance of 1 of 5 for 1 honeycomb.
[01May2025 18:53:21.378] [Server thread/INFO] [Easy Mob Farm/]: [MobFarmBonusConfig] Add swamp_farm::2::minecraft:slime with a chance of 1 of 10 for 1 slime_ball.
[01May2025 18:53:21.378] [Server thread/INFO] [Easy Mob Farm/]: [MobFarmBonusConfig] Add swamp_farm::1::minecraft:frog with a chance of 1 of 15 for 1 slime_ball.
[01May2025 18:53:21.378] [Server thread/INFO] [Easy Mob Farm/]: [MobFarmBonusConfig] Add bee_hive_farm::1::minecraft:bee with a chance of 1 of 15 for 1 honeycomb.
[01May2025 18:53:21.378] [Server thread/INFO] [Easy Mob Farm/]: [MobFarmBonusConfig] Add swamp_farm::0::minecraft:slime with a chance of 1 of 20 for 1 slime_ball.
[01May2025 18:53:21.378] [Server thread/INFO] [Easy Mob Farm/]: [MobFarmBonusConfig] Add desert_farm::1::minecraft:rabbit with a chance of 1 of 15 for 1 rabbit_hide.
[01May2025 18:53:21.378] [Server thread/INFO] [Easy Mob Farm/]: [MobFarmBonusConfig] Add animal_plains_farm::0::minecraft:cow with a chance of 1 of 20 for 1 leather.
[01May2025 18:53:21.378] [Server thread/INFO] [Easy Mob Farm/]: [MobFarmBonusConfig] Add animal_plains_farm::2::minecraft:chicken with a chance of 1 of 10 for 1 egg.
[01May2025 18:53:21.378] [Server thread/INFO] [Easy Mob Farm/]: [MobFarmBonusConfig] Add swamp_farm::3::minecraft:slime with a chance of 1 of 5 for 1 slime_ball.
[01May2025 18:53:21.378] [Server thread/INFO] [Easy Mob Farm/]: [MobFarmBonusConfig] Add bee_hive_farm::0::minecraft:bee with a chance of 1 of 20 for 1 honeycomb.
[01May2025 18:53:21.378] [Server thread/INFO] [Easy Mob Farm/]: [MobFarmBonusConfig] Add jungle_farm::2::minecraft:panda with a chance of 1 of 10 for 1 bamboo.
[01May2025 18:53:21.378] [Server thread/INFO] [Easy Mob Farm/]: [MobFarmBonusConfig] Add swamp_farm::3::minecraft:witch with a chance of 1 of 5 for 1 redstone.
[01May2025 18:53:21.378] [Server thread/INFO] [Easy Mob Farm/]: [MobFarmBonusConfig] Add animal_plains_farm::0::minecraft:sheep with a chance of 1 of 20 for 1 white_wool.
[01May2025 18:53:21.379] [Server thread/INFO] [Easy Mob Farm/]: [MobFarmBonusConfig] Add nether_fortress_farm::2::minecraft:blaze with a chance of 1 of 10 for 1 blaze_rod.
[01May2025 18:53:21.379] [Server thread/INFO] [Easy Mob Farm/]: [MobFarmBonusConfig] Add nether_fortress_farm::1::minecraft:magma_cube with a chance of 1 of 15 for 1 magma_cream.
[01May2025 18:53:21.379] [Server thread/INFO] [Easy Mob Farm/]: [MobFarmBonusConfig] Add iron_golem_farm::2::minecraft:iron_golem with a chance of 1 of 10 for 1 iron_ingot.
[01May2025 18:53:21.379] [Server thread/INFO] [Easy Mob Farm/]: [MobFarmBonusConfig] Add monster_plains_cave_farm::3::minecraft:zombie with a chance of 1 of 5 for 1 rotten_flesh.
[01May2025 18:53:21.379] [Server thread/INFO] [Easy Mob Farm/]: [MobFarmBonusConfig] Add desert_farm::0::minecraft:rabbit with a chance of 1 of 20 for 1 rabbit_hide.
[01May2025 18:53:21.379] [Server thread/INFO] [Easy Mob Farm/]: [MobFarmBonusConfig] Add swamp_farm::0::minecraft:witch with a chance of 1 of 20 for 1 redstone.
[01May2025 18:53:21.379] [Server thread/INFO] [Easy Mob Farm/]: [MobFarmBonusConfig] Add iron_golem_farm::3::minecraft:iron_golem with a chance of 1 of 5 for 1 iron_ingot.
[01May2025 18:53:21.379] [Server thread/INFO] [Easy Mob Farm/]: [MobFarmBonusConfig] Add monster_plains_cave_farm::2::minecraft:zombie with a chance of 1 of 10 for 1 rotten_flesh.
[01May2025 18:53:21.379] [Server thread/INFO] [Easy Mob Farm/]: [MobFarmBonusConfig] Add nether_fortress_farm::2::minecraft:magma_cube with a chance of 1 of 10 for 1 magma_cream.
[01May2025 18:53:21.379] [Server thread/INFO] [Easy Mob Farm/]: [MobFarmBonusConfig] Add jungle_farm::0::minecraft:parrot with a chance of 1 of 20 for 1 feather.
[01May2025 18:53:21.380] [Server thread/INFO] [Easy Mob Farm/]: [MobFarmBonusConfig] Add swamp_farm::1::minecraft:slime with a chance of 1 of 15 for 1 slime_ball.
[01May2025 18:53:21.380] [Server thread/INFO] [Easy Mob Farm/]: [Config] Updating configuration file /workspaces/Gamers/servidor_minecraft/config/easy_mob_farm/mob_farm_bonus.cfg  Mob Farm Bonus Configuration

 This configuration file allows you to define the bonus drops for the Mob Farms.

The format is as follows:
- <mob_farm_name>::<tier_level>::<entity_type> = <item_name>::<amount>::<chance 1 of x>

Example:
- bee_hive_farm::0::minecraft:bee = minecraft:honeycomb::1::20
- bee_hive_farm::1::minecraft:bee = minecraft:honeycomb::1::15
- bee_hive_farm::2::minecraft:bee = minecraft:honeycomb::1::10
- bee_hive_farm::3::minecraft:bee = minecraft:honeycomb::1::5

To disable a bonus drop for a default definition, set the amount to 0.

: {swamp_farm::1::minecraft:witch=minecraft:redstone::1::15, animal_plains_farm::3::minecraft:sheep=minecraft:white_wool::1::5, monster_plains_cave_farm::1::minecraft:zombie=minecraft:rotten_flesh::1::15, ocean_farm::2::minecraft:squid=minecraft:ink_sac::1::10, nether_fortress_farm::0::minecraft:blaze=minecraft:blaze_rod::1::20, iron_golem_farm::0::minecraft:iron_golem=minecraft:iron_ingot::1::20, ocean_farm::2::minecraft:cod=minecraft:cod::1::10, jungle_farm::1::minecraft:parrot=minecraft:feather::1::15, swamp_farm::2::minecraft:witch=minecraft:redstone::1::10, ocean_farm::1::minecraft:squid=minecraft:ink_sac::1::15, jungle_farm::1::minecraft:panda=minecraft:bamboo::1::15, swamp_farm::0::minecraft:frog=minecraft:slime_ball::1::20, animal_plains_farm::2::minecraft:sheep=minecraft:white_wool::1::10, animal_plains_farm::3::minecraft:chicken=minecraft:egg::1::5, animal_plains_farm::1::minecraft:sheep=minecraft:white_wool::1::15, iron_golem_farm::1::minecraft:iron_golem=minecraft:iron_ingot::1::15, swamp_farm::3::minecraft:frog=minecraft:slime_ball::1::5, nether_fortress_farm::1::minecraft:blaze=minecraft:blaze_rod::1::15, bee_hive_farm::2::minecraft:bee=minecraft:honeycomb::1::10, desert_farm::1::minecraft:husk=minecraft:sand::1::15, jungle_farm::0::minecraft:panda=minecraft:bamboo::1::20, nether_fortress_farm::0::minecraft:magma_cube=minecraft:magma_cream::1::20, jungle_farm::2::minecraft:parrot=minecraft:feather::1::10, swamp_farm::2::minecraft:frog=minecraft:slime_ball::1::10, animal_plains_farm::0::minecraft:chicken=minecraft:egg::1::20, nether_fortress_farm::3::minecraft:blaze=minecraft:blaze_rod::1::5, animal_plains_farm::1::minecraft:chicken=minecraft:egg::1::15, ocean_farm::0::minecraft:squid=minecraft:ink_sac::1::20, animal_plains_farm::1::minecraft:cow=minecraft:leather::1::15, ocean_farm::0::minecraft:cod=minecraft:cod::1::20, desert_farm::0::minecraft:husk=minecraft:sand::1::20, monster_plains_cave_farm::0::minecraft:zombie=minecraft:rotten_flesh::1::20, desert_farm::3::minecraft:husk=minecraft:sand::1::5, desert_farm::2::minecraft:rabbit=minecraft:rabbit_hide::1::10, animal_plains_farm::2::minecraft:cow=minecraft:leather::1::10, jungle_farm::3::minecraft:panda=minecraft:bamboo::1::5, ocean_farm::3::minecraft:squid=minecraft:ink_sac::1::5, jungle_farm::3::minecraft:parrot=minecraft:feather::1::5, desert_farm::3::minecraft:rabbit=minecraft:rabbit_hide::1::5, ocean_farm::1::minecraft:cod=minecraft:cod::1::15, ocean_farm::3::minecraft:cod=minecraft:cod::1::5, animal_plains_farm::3::minecraft:cow=minecraft:leather::1::5, nether_fortress_farm::3::minecraft:magma_cube=minecraft:magma_cream::1::5, desert_farm::2::minecraft:husk=minecraft:sand::1::10, bee_hive_farm::3::minecraft:bee=minecraft:honeycomb::1::5, swamp_farm::2::minecraft:slime=minecraft:slime_ball::1::10, swamp_farm::1::minecraft:frog=minecraft:slime_ball::1::15, bee_hive_farm::1::minecraft:bee=minecraft:honeycomb::1::15, swamp_farm::0::minecraft:slime=minecraft:slime_ball::1::20, desert_farm::1::minecraft:rabbit=minecraft:rabbit_hide::1::15, animal_plains_farm::0::minecraft:cow=minecraft:leather::1::20, animal_plains_farm::2::minecraft:chicken=minecraft:egg::1::10, swamp_farm::3::minecraft:slime=minecraft:slime_ball::1::5, bee_hive_farm::0::minecraft:bee=minecraft:honeycomb::1::20, jungle_farm::2::minecraft:panda=minecraft:bamboo::1::10, swamp_farm::3::minecraft:witch=minecraft:redstone::1::5, animal_plains_farm::0::minecraft:sheep=minecraft:white_wool::1::20, nether_fortress_farm::2::minecraft:blaze=minecraft:blaze_rod::1::10, nether_fortress_farm::1::minecraft:magma_cube=minecraft:magma_cream::1::15, iron_golem_farm::2::minecraft:iron_golem=minecraft:iron_ingot::1::10, monster_plains_cave_farm::3::minecraft:zombie=minecraft:rotten_flesh::1::5, desert_farm::0::minecraft:rabbit=minecraft:rabbit_hide::1::20, swamp_farm::0::minecraft:witch=minecraft:redstone::1::20, iron_golem_farm::3::minecraft:iron_golem=minecraft:iron_ingot::1::5, monster_plains_cave_farm::2::minecraft:zombie=minecraft:rotten_flesh::1::10, nether_fortress_farm::2::minecraft:magma_cube=minecraft:magma_cream::1::10, jungle_farm::0::minecraft:parrot=minecraft:feather::1::20, swamp_farm::1::minecraft:slime=minecraft:slime_ball::1::15}
[01May2025 18:53:21.405] [Server thread/INFO] [journeymap/]: global (FirstLoaded) Setting config file to version "5.10.3": journeymap.server.global.config
[01May2025 18:53:21.405] [Server thread/INFO] [journeymap/]: global (Valid) Creating config file: ./journeymap/server/5.10/journeymap.server.global.config
[01May2025 18:53:21.418] [Server thread/INFO] [journeymap/]: default (FirstLoaded) Setting config file to version "5.10.3": journeymap.server.default.config
[01May2025 18:53:21.418] [Server thread/INFO] [journeymap/]: default (Valid) Creating config file: ./journeymap/server/5.10/journeymap.server.default.config
[01May2025 18:53:21.423] [Server thread/INFO] [journeymap/]: minecraft~overworld (Initialized) Setting config file to version "5.10.3": journeymap.server.minecraft~overworld.config
[01May2025 18:53:21.423] [Server thread/INFO] [journeymap/]: minecraft~overworld (Valid) Creating config file: ./journeymap/server/5.10/journeymap.server.minecraft~overworld.config
[01May2025 18:53:21.435] [Server thread/INFO] [journeymap/]: minecraft~the_nether (Initialized) Setting config file to version "5.10.3": journeymap.server.minecraft~the_nether.config
[01May2025 18:53:21.436] [Server thread/INFO] [journeymap/]: minecraft~the_nether (Valid) Creating config file: ./journeymap/server/5.10/journeymap.server.minecraft~the_nether.config
[01May2025 18:53:21.439] [Server thread/INFO] [journeymap/]: minecraft~the_end (Initialized) Setting config file to version "5.10.3": journeymap.server.minecraft~the_end.config
[01May2025 18:53:21.439] [Server thread/INFO] [journeymap/]: minecraft~the_end (Valid) Creating config file: ./journeymap/server/5.10/journeymap.server.minecraft~the_end.config
[01May2025 18:53:21.446] [Server thread/INFO] [com.chiki.dragonfinder.DragonFinder/]: HELLO from server starting
[01May2025 18:53:22.494] [Server thread/INFO] [Easy Mob Farm/]: Register Easy Mob Farm Mod Recipe Manager ...
[01May2025 18:53:22.510] [Server thread/INFO] [com.github.alexthe666.iceandfire.IceAndFire/]: {iceandfire:fire_dragon_roost=true, iceandfire:fire_lily=true, iceandfire:spawn_dragon_skeleton_fire=true, iceandfire:lightning_dragon_roost=true, iceandfire:spawn_dragon_skeleton_lightning=true, iceandfire:ice_dragon_roost=true, iceandfire:ice_dragon_cave=true, iceandfire:lightning_dragon_cave=true, iceandfire:cyclops_cave=true, iceandfire:spawn_wandering_cyclops=true, iceandfire:spawn_sea_serpent=true, iceandfire:frost_lily=true, iceandfire:hydra_cave=true, iceandfire:lightning_lily=true, iceandfire:pixie_village=true, iceandfire:myrmex_hive_jungle=true, iceandfire:myrmex_hive_desert=true, iceandfire:silver_ore=true, iceandfire:siren_island=true, iceandfire:spawn_dragon_skeleton_ice=true, iceandfire:spawn_stymphalian_bird=true, iceandfire:fire_dragon_cave=true, iceandfire:sapphire_ore=true, iceandfire:spawn_hippocampus=true, iceandfire:spawn_death_worm=true}
[01May2025 18:53:22.510] [Server thread/INFO] [com.github.alexthe666.iceandfire.IceAndFire/]: {TROLL_S=true, HIPPOGRYPH=true, AMPHITHERE=true, COCKATRICE=true, TROLL_M=true, DREAD_LICH=true, TROLL_F=true}
[01May2025 18:53:25.024] [Server thread/INFO] [com.github.alexthe666.alexsmobs.AlexsMobs/]: Found Pupfish chunk at 31 ~ 80 after 30 tries
[01May2025 18:56:59.613] [Server thread/WARN] [net.minecraft.network.syncher.SynchedEntityData/]: defineId called for: class net.minecraft.world.entity.player.Player from class tschipp.carryon.common.carry.CarryOnDataManager
[01May2025 18:56:59.678] [Server thread/INFO] [net.minecraft.server.players.PlayerList/]: darkblader69[/127.93.136.202:43207] logged in with entity id 692 at (-0.5, 79.0, -6.5)
[01May2025 18:56:59.813] [Server thread/INFO] [net.minecraft.server.MinecraftServer/]: darkblader69 joined the game
[01May2025 18:57:00.250] [Server thread/INFO] [Jade/]: Syncing config to darkblader69 (c5ed7fb1-b56d-3780-a140-29be33768a49)
[01May2025 18:57:00.430] [Server thread/INFO] [net.minecraft.server.MinecraftServer/]: darkblader69 has made the advancement [Ice and Fire]
[01May2025 18:57:22.036] [Server thread/INFO] [net.minecraft.server.MinecraftServer/]: darkblader69 has made the advancement [Alex's Mobs]
[01May2025 18:58:45.329] [Server thread/INFO] [net.minecraft.server.network.ServerLoginPacketListenerImpl/]: Disconnecting com.mojang.authlib.GameProfile@2cb7c794[id=<null>,name=Franramen,properties={},legacy=false] (/127.103.82.48:35767): Took too long to log in
[01May2025 18:58:45.330] [Server thread/INFO] [net.minecraft.server.network.ServerLoginPacketListenerImpl/]: com.mojang.authlib.GameProfile@2cb7c794[id=<null>,name=Franramen,properties={},legacy=false] (/127.103.82.48:35767) lost connection: Took too long to log in
[01May2025 18:58:45.371] [Server thread/WARN] [net.minecraft.network.Connection/]: handleDisconnection() called twice
[01May2025 18:58:50.023] [Server thread/INFO] [net.minecraft.server.network.ServerGamePacketListenerImpl/]: darkblader69 lost connection: Disconnected
[01May2025 18:58:50.023] [Server thread/INFO] [net.minecraft.server.MinecraftServer/]: darkblader69 left the game
